SUBJID,TUMOR,AGE,SEX,ECOG,STAGE,LDH,HGB,ALB,WBC,PLT,BIOMARKER,PRIOR_LINES,TRT,RESP,IRAE,OS,EVENT
DLB00001,DLBCL,63,M,2,III,121.3,10.9,3.8,5.1,228.0,1,0,PD-1,PD,2,2.3,1
DLB00002,DLBCL,76,M,0,II,338.3,11.6,3.3,5.7,173.0,1,0,Target,SD,0,12.8,1
DLB00003,DLBCL,53,F,0,II,126.0,8.6,3.8,7.6,290.0,0,3,PD-1,CR,0,9.8,1
DLB00004,DLBCL,39,F,1,IV,542.2,10.4,4.1,6.6,192.0,1,1,Chemo,SD,0,10.6,1
DLB00005,DLBCL,67,F,1,II,272.3,13.9,3.5,3.0,423.0,0,1,PD-1,SD,0,15.8,1
DLB00006,DLBCL,32,F,1,III,135.3,15.2,3.5,3.0,345.0,0,1,Chemo,PR,0,50.1,0
DLB00007,DLBCL,45,F,1,IV,661.4,9.5,4.2,5.8,267.0,0,3,Chemo,PD,0,10.2,1
DLB00008,DLBCL,63,M,1,IV,126.0,10.8,4.0,7.9,332.0,0,0,Chemo,PD,0,27.3,1
DLB00009,DLBCL,82,M,0,III,282.9,11.9,4.0,3.0,338.0,1,1,Chemo,SD,0,14.9,1
DLB00010,DLBCL,43,M,0,I,216.9,12.6,3.6,6.0,205.0,1,1,Chemo,PD,0,2.4,1
DLB00011,DLBCL,47,F,0,III,395.9,10.4,3.9,5.9,185.0,0,1,PD-1,PD,0,25.0,1
DLB00012,DLBCL,35,M,2,III,462.6,12.8,3.5,9.8,256.0,0,0,PD-1,PD,0,31.9,1
DLB00013,DLBCL,35,M,1,I,184.8,11.1,4.4,6.2,319.0,1,1,PD-1,PD,0,60.0,0
DLB00014,DLBCL,48,M,1,III,115.3,12.0,4.5,7.8,261.0,0,0,Target,SD,0,47.0,1
DLB00015,DLBCL,77,M,1,I,238.9,13.1,3.1,7.3,124.0,0,1,PD-1,PD,0,18.5,1
DLB00016,DLBCL,60,F,2,I,120.7,12.0,3.5,3.0,186.0,0,1,Chemo,PD,0,2.3,1
DLB00017,DLBCL,64,M,0,III,606.7,11.1,3.3,8.5,244.0,1,0,Chemo,PD,0,11.3,1
DLB00018,DLBCL,48,M,1,II,196.7,11.8,3.7,7.4,244.0,0,2,PD-1,CR,0,5.4,1
DLB00019,DLBCL,27,F,1,III,145.6,11.8,4.0,8.0,408.0,1,0,PD-1,PR,0,0.0,1
DLB00020,DLBCL,46,M,1,IV,202.5,11.3,3.3,14.9,139.0,1,2,PD-1,SD,0,0.7,1
DLB00021,DLBCL,77,M,0,IV,100.0,11.5,3.5,3.0,290.0,0,1,PD-1,PR,0,5.1,1
DLB00022,DLBCL,26,M,2,II,101.2,15.2,3.5,10.4,369.0,0,0,PD-1,CR,0,9.0,1
DLB00023,DLBCL,48,F,2,II,372.5,13.1,4.1,6.4,432.0,1,0,PD-1,PD,0,60.0,0
DLB00024,DLBCL,68,M,1,II,122.2,11.4,4.0,7.6,218.0,0,3,Chemo,CR,0,0.7,1
DLB00025,DLBCL,54,F,1,IV,100.0,13.4,3.6,6.9,289.0,1,0,Target,PD,0,27.5,1
DLB00026,DLBCL,62,M,2,IV,250.1,11.3,4.1,6.2,296.0,1,0,PD-1,SD,0,1.2,1
DLB00027,DLBCL,26,M,1,I,369.2,14.3,3.7,5.9,266.0,0,0,PD-1,PD,2,30.6,1
DLB00028,DLBCL,84,M,0,IV,279.0,12.7,3.9,7.7,242.0,1,1,PD-1,SD,0,0.5,1
DLB00029,DLBCL,45,M,1,I,329.5,11.8,4.8,4.0,285.0,1,1,Chemo,PR,0,36.2,1
DLB00030,DLBCL,57,F,1,III,115.1,12.9,4.7,8.5,100.0,1,0,Chemo,PD,0,16.2,1
DLB00031,DLBCL,36,F,1,IV,100.0,8.9,3.4,6.2,305.0,0,0,PD-1,PD,0,4.4,1
DLB00032,DLBCL,82,F,1,IV,446.2,9.7,4.4,4.7,260.0,0,0,PD-1,PD,1,22.0,1
DLB00033,DLBCL,46,M,2,IV,149.4,9.6,4.4,6.1,232.0,0,0,Chemo,SD,0,0.9,1
DLB00034,DLBCL,68,M,2,IV,155.9,12.3,3.4,9.5,414.0,0,1,Chemo,SD,0,8.1,1
DLB00035,DLBCL,49,F,1,III,402.2,15.5,4.4,5.9,196.0,0,1,PD-1,PD,0,47.9,1
DLB00036,DLBCL,73,M,0,IV,253.1,16.5,4.8,7.7,218.0,1,0,Chemo,PR,0,9.2,1
DLB00037,DLBCL,51,M,3,I,238.3,13.3,3.4,5.5,409.0,0,0,PD-1,SD,0,25.0,1
DLB00038,DLBCL,83,M,2,IV,664.5,13.0,3.5,8.5,183.0,0,0,PD-1,SD,1,5.1,1
DLB00039,DLBCL,66,M,0,III,123.2,8.4,4.5,8.4,206.0,0,3,Chemo,CR,0,35.6,1
DLB00040,DLBCL,52,F,2,IV,316.3,10.9,4.1,10.7,238.0,1,3,Chemo,SD,0,44.1,1
DLB00041,DLBCL,84,F,2,III,187.6,10.4,4.3,6.6,317.0,0,2,PD-1,PR,1,6.5,1
DLB00042,DLBCL,40,F,1,IV,213.0,10.8,4.2,8.3,267.0,0,0,Target,PD,0,0.6,1
DLB00043,DLBCL,39,M,1,III,453.5,11.7,4.2,7.2,147.0,0,0,PD-1,PD,0,10.4,1
DLB00044,DLBCL,71,M,0,IV,245.8,11.1,3.3,9.6,207.0,1,0,Chemo,SD,0,5.0,1
DLB00045,DLBCL,75,M,0,I,250.4,8.0,4.5,5.6,201.0,0,0,PD-1,PD,0,60.0,0
DLB00046,DLBCL,68,M,0,I,345.0,13.5,4.6,8.5,244.0,0,1,Chemo,PR,0,46.2,1
DLB00047,DLBCL,79,M,2,II,145.6,9.9,3.9,6.6,284.0,1,2,Target,SD,0,60.0,0
DLB00048,DLBCL,76,F,0,II,109.6,12.5,4.0,6.9,283.0,1,2,PD-1,CR,0,17.4,1
DLB00049,DLBCL,81,F,0,IV,100.0,16.1,3.2,7.2,108.0,1,2,Target,PD,0,13.5,1
DLB00050,DLBCL,27,M,0,II,100.0,10.2,4.3,7.5,335.0,0,0,Chemo,PD,0,5.9,1
DLB00051,DLBCL,61,F,1,IV,622.5,6.9,4.3,6.8,270.0,0,1,Chemo,PD,0,16.4,1
DLB00052,DLBCL,75,F,2,III,100.0,11.4,4.0,7.4,361.0,1,0,PD-1,PD,1,11.1,1
DLB00053,DLBCL,31,F,0,II,158.7,14.2,4.6,10.2,286.0,0,0,Chemo,PD,0,60.0,0
DLB00054,DLBCL,45,F,0,IV,153.5,15.9,3.8,9.0,338.0,1,1,Chemo,PD,0,10.0,1
DLB00055,DLBCL,33,M,1,IV,218.0,9.5,4.3,8.7,287.0,0,0,PD-1,SD,0,2.0,1
DLB00056,DLBCL,63,M,1,III,295.7,13.0,3.5,6.1,358.0,0,1,Target,PD,0,7.7,1
DLB00057,DLBCL,42,M,0,III,303.8,11.1,4.0,5.2,292.0,0,0,PD-1,SD,0,15.2,1
DLB00058,DLBCL,28,F,1,IV,127.8,11.8,3.9,8.9,242.0,0,1,PD-1,CR,2,5.9,1
DLB00059,DLBCL,49,M,0,II,164.0,17.3,4.1,8.8,432.0,0,2,PD-1,SD,0,15.6,1
DLB00060,DLBCL,84,M,0,IV,214.8,9.0,3.8,9.9,321.0,0,0,PD-1,PR,1,3.2,1
DLB00061,DLBCL,38,M,1,IV,156.1,12.5,3.9,5.8,296.0,1,2,Chemo,PD,0,10.7,1
DLB00062,DLBCL,74,M,1,IV,475.5,12.9,4.4,6.5,148.0,0,0,PD-1,SD,0,26.6,1
DLB00063,DLBCL,82,F,2,II,243.4,14.2,3.8,3.7,147.0,0,1,Target,PD,0,1.4,1
DLB00064,DLBCL,33,F,0,IV,281.7,12.2,3.2,6.2,273.0,1,1,PD-1,CR,0,6.6,1
DLB00065,DLBCL,50,M,1,I,269.8,12.6,4.9,9.0,262.0,0,1,PD-1,PR,0,58.1,0
DLB00066,DLBCL,77,M,1,I,366.5,11.2,4.7,6.1,201.0,0,3,PD-1,SD,1,60.0,0
DLB00067,DLBCL,26,M,0,II,202.1,12.5,3.4,8.3,261.0,1,0,PD-1,PD,0,54.0,0
DLB00068,DLBCL,44,M,1,III,100.0,11.3,4.3,6.6,377.0,0,1,Target,SD,0,13.9,1
DLB00069,DLBCL,52,M,0,IV,230.4,13.2,3.7,7.6,306.0,1,1,Chemo,SD,0,28.1,1
DLB00070,DLBCL,71,M,3,IV,122.6,11.3,4.1,4.7,159.0,1,3,Chemo,PD,0,7.0,1
DLB00071,DLBCL,84,M,0,IV,132.0,12.8,4.1,7.2,241.0,1,0,PD-1,SD,0,7.4,1
DLB00072,DLBCL,31,F,1,III,257.7,11.9,3.9,3.0,186.0,0,2,PD-1,PR,0,40.2,1
DLB00073,DLBCL,68,F,0,III,381.1,14.3,3.6,6.6,219.0,0,1,PD-1,SD,1,12.0,1
DLB00074,DLBCL,32,M,3,III,183.6,11.9,3.7,3.7,217.0,0,0,PD-1,PR,3,11.3,1
DLB00075,DLBCL,71,M,1,IV,218.2,8.5,3.5,9.4,212.0,0,1,PD-1,PD,0,0.9,1
DLB00076,DLBCL,59,F,1,I,503.4,14.5,3.6,8.6,150.0,1,0,Chemo,PR,0,24.4,1
DLB00077,DLBCL,38,M,0,IV,209.4,10.2,4.0,7.9,240.0,0,1,PD-1,SD,0,0.9,1
DLB00078,DLBCL,41,F,1,III,863.5,10.7,3.6,10.0,205.0,0,2,Chemo,CR,0,5.6,1
DLB00079,DLBCL,60,F,0,III,254.5,10.8,4.3,5.1,100.0,1,1,PD-1,PR,2,14.4,1
DLB00080,DLBCL,74,M,2,IV,100.0,14.7,4.7,10.5,414.0,0,1,PD-1,PD,0,3.1,1
DLB00081,DLBCL,64,M,0,III,284.9,7.7,3.7,8.9,337.0,0,1,Chemo,SD,0,60.0,0
DLB00082,DLBCL,28,F,0,IV,227.9,18.0,4.1,6.5,220.0,0,0,PD-1,CR,0,6.3,1
DLB00083,DLBCL,26,M,0,IV,393.0,14.1,4.2,9.3,252.0,1,0,Chemo,SD,0,0.4,1
DLB00084,DLBCL,30,F,1,III,271.5,12.4,4.2,4.8,156.0,0,1,Chemo,CR,0,15.0,1
DLB00085,DLBCL,78,F,1,II,166.8,11.9,4.0,5.4,386.0,1,0,PD-1,CR,0,1.2,1
DLB00086,DLBCL,66,F,0,III,100.0,12.6,4.4,5.8,402.0,0,0,Target,PD,0,56.4,0
DLB00087,DLBCL,28,M,2,IV,159.9,13.0,4.2,5.9,263.0,1,1,PD-1,PD,1,2.2,1
DLB00088,DLBCL,78,F,1,II,108.8,13.3,3.4,4.9,332.0,1,0,PD-1,PD,0,28.3,1
DLB00089,DLBCL,53,M,1,IV,128.0,13.1,4.4,9.4,264.0,0,0,Chemo,PD,0,7.1,1
DLB00090,DLBCL,42,M,1,IV,258.0,12.2,4.4,6.5,143.0,0,1,PD-1,SD,0,2.8,1
DLB00091,DLBCL,50,F,1,IV,493.7,11.6,3.6,7.7,217.0,0,0,Chemo,PR,0,42.6,1
DLB00092,DLBCL,68,M,1,II,229.7,11.7,4.0,5.9,261.0,1,3,Chemo,PD,0,28.6,1
DLB00093,DLBCL,58,F,0,IV,100.0,11.6,4.3,3.4,214.0,0,2,Target,PD,0,7.6,1
DLB00094,DLBCL,34,F,0,IV,236.7,14.3,3.9,7.5,233.0,0,1,PD-1,PD,0,18.1,1
DLB00095,DLBCL,60,M,2,II,371.7,13.2,4.5,3.2,243.0,0,0,PD-1,SD,0,16.0,1
DLB00096,DLBCL,38,M,2,II,125.7,6.1,5.2,6.9,244.0,0,2,Chemo,SD,0,5.0,1
DLB00097,DLBCL,55,M,0,IV,167.3,13.3,3.6,4.3,254.0,0,2,PD-1,PD,0,10.8,1
DLB00098,DLBCL,72,M,0,II,182.9,12.4,3.3,11.0,165.0,0,2,PD-1,PD,0,25.3,1
DLB00099,DLBCL,39,M,1,IV,113.2,12.0,4.2,8.8,193.0,0,0,PD-1,PD,0,5.5,1
DLB00100,DLBCL,32,F,1,III,267.5,11.2,4.4,7.2,147.0,1,1,PD-1,PR,0,5.5,1
DLB00101,DLBCL,38,M,0,II,168.6,14.2,3.9,9.5,328.0,0,2,PD-1,PR,0,9.4,1
DLB00102,DLBCL,47,M,0,IV,233.2,13.9,4.7,5.3,100.0,0,1,Chemo,SD,0,14.3,1
DLB00103,DLBCL,84,F,1,III,106.4,10.5,3.3,8.1,342.0,1,1,Chemo,PD,0,11.3,1
DLB00104,DLBCL,81,M,1,III,139.4,12.8,4.3,7.4,361.0,1,1,PD-1,PR,1,2.7,1
DLB00105,DLBCL,64,F,0,III,279.6,10.1,3.7,7.5,226.0,1,1,PD-1,CR,1,29.6,1
DLB00106,DLBCL,45,M,0,III,144.9,9.2,4.9,9.5,100.0,0,0,PD-1,PD,1,3.5,1
DLB00107,DLBCL,40,M,0,II,510.9,10.7,5.0,8.5,221.0,0,1,Chemo,CR,0,4.9,1
DLB00108,DLBCL,69,F,1,III,142.6,13.7,3.6,7.6,245.0,0,0,PD-1,PD,0,1.0,1
DLB00109,DLBCL,42,F,0,IV,207.4,13.9,3.7,3.7,169.0,1,1,Chemo,SD,0,14.0,1
DLB00110,DLBCL,71,F,0,II,317.2,13.0,4.4,5.1,209.0,0,0,PD-1,PD,0,29.4,1
DLB00111,DLBCL,77,F,2,IV,100.0,13.5,3.8,6.8,372.0,0,1,Chemo,PD,0,4.8,1
DLB00112,DLBCL,48,F,0,III,100.0,13.0,4.0,7.2,303.0,0,0,PD-1,PD,0,2.0,1
DLB00113,DLBCL,50,M,1,IV,100.0,10.7,4.0,4.7,176.0,0,1,Chemo,PD,0,7.4,1
DLB00114,DLBCL,49,M,0,II,386.7,12.9,3.0,11.8,122.0,0,2,PD-1,CR,2,26.2,1
DLB00115,DLBCL,84,F,0,IV,130.2,13.6,4.0,10.0,224.0,0,0,Chemo,PR,0,60.0,0
DLB00116,DLBCL,84,F,0,III,841.3,13.5,3.7,8.2,233.0,0,0,PD-1,PR,1,6.8,1
DLB00117,DLBCL,84,F,1,II,129.2,14.4,3.8,7.1,290.0,0,0,Chemo,PD,0,9.7,1
DLB00118,DLBCL,69,M,2,I,202.5,13.4,4.7,6.6,207.0,1,2,Chemo,PD,0,25.7,1
DLB00119,DLBCL,65,M,2,II,457.3,12.7,3.4,5.1,291.0,1,1,PD-1,SD,1,9.8,1
DLB00120,DLBCL,53,F,0,III,604.0,14.1,4.4,7.2,405.0,1,1,Chemo,PD,0,13.1,1
DLB00121,DLBCL,39,M,1,III,624.5,11.9,3.9,7.5,315.0,1,0,PD-1,PR,0,17.7,1
DLB00122,DLBCL,69,F,0,IV,374.3,10.2,3.9,4.5,246.0,0,1,PD-1,PD,0,5.1,1
DLB00123,DLBCL,25,F,0,III,335.1,11.7,4.4,7.7,235.0,0,2,PD-1,PD,0,0.8,1
DLB00124,DLBCL,49,M,2,II,258.7,10.5,4.2,6.7,221.0,0,2,PD-1,PR,0,15.6,1
DLB00125,DLBCL,31,F,0,IV,289.2,10.6,4.3,3.2,344.0,0,1,Chemo,SD,0,11.3,1
DLB00126,DLBCL,33,F,0,IV,130.2,11.7,4.5,5.3,200.0,0,0,Chemo,PR,0,0.2,1
DLB00127,DLBCL,48,M,0,II,111.0,10.4,3.8,6.2,254.0,0,0,PD-1,SD,0,12.4,1
DLB00128,DLBCL,25,F,0,II,180.9,11.4,3.7,10.8,254.0,0,0,PD-1,SD,2,3.3,1
DLB00129,DLBCL,68,M,0,I,163.7,8.2,3.5,8.1,210.0,0,0,Chemo,PR,0,29.1,1
DLB00130,DLBCL,32,F,1,IV,138.1,12.4,3.6,4.3,140.0,0,0,Target,SD,0,16.2,1
DLB00131,DLBCL,48,M,1,IV,275.3,12.0,5.5,8.0,276.0,0,0,PD-1,PR,0,36.2,1
DLB00132,DLBCL,35,F,2,III,321.6,10.4,4.6,3.9,245.0,1,0,Target,SD,0,28.4,1
DLB00133,DLBCL,75,M,2,IV,191.1,13.3,3.3,9.2,290.0,0,3,PD-1,SD,0,4.8,1
DLB00134,DLBCL,41,M,0,IV,439.9,13.9,3.3,6.1,207.0,0,1,PD-1,CR,0,10.8,1
DLB00135,DLBCL,32,F,0,III,100.0,8.8,4.2,6.8,348.0,0,2,Chemo,PD,0,1.4,1
DLB00136,DLBCL,59,M,0,IV,161.4,10.5,4.3,9.7,180.0,0,1,PD-1,SD,2,16.5,1
DLB00137,DLBCL,59,M,1,II,117.9,10.5,4.3,4.4,387.0,0,0,PD-1,PR,0,26.2,1
DLB00138,DLBCL,57,F,0,II,100.0,10.1,3.9,4.2,110.0,0,1,PD-1,CR,0,32.0,1
DLB00139,DLBCL,83,F,1,II,172.5,13.7,3.9,5.8,285.0,0,0,Chemo,PD,0,4.7,1
DLB00140,DLBCL,29,F,1,I,168.5,11.6,4.2,9.1,288.0,0,1,Chemo,PD,0,60.0,0
DLB00141,DLBCL,66,F,1,III,449.5,11.5,4.0,4.0,186.0,1,0,PD-1,PR,2,6.6,1
DLB00142,DLBCL,63,M,1,IV,264.7,8.0,2.9,3.0,284.0,1,3,PD-1,PR,0,33.6,1
DLB00143,DLBCL,82,M,0,I,100.0,13.3,3.9,6.1,352.0,0,0,PD-1,PR,0,60.0,0
DLB00144,DLBCL,65,M,2,II,551.4,9.5,3.6,8.1,100.0,0,0,PD-1,SD,0,2.9,1
DLB00145,DLBCL,52,F,2,III,377.1,12.1,4.1,9.4,290.0,1,3,PD-1,PR,0,23.6,1
DLB00146,DLBCL,31,F,0,IV,257.0,12.6,5.5,6.1,100.0,0,0,Chemo,SD,0,4.8,1
DLB00147,DLBCL,33,F,2,III,158.2,14.7,4.2,6.2,173.0,0,1,PD-1,SD,1,0.8,1
DLB00148,DLBCL,32,F,1,III,101.9,9.4,3.8,9.3,380.0,0,1,PD-1,SD,1,11.5,1
DLB00149,DLBCL,36,M,2,I,145.0,6.0,4.5,3.3,203.0,1,2,PD-1,SD,0,37.5,1
DLB00150,DLBCL,58,M,2,II,348.4,12.4,4.2,6.2,156.0,0,3,PD-1,SD,0,23.0,1
DLB00151,DLBCL,57,M,1,IV,561.6,15.6,4.2,7.4,234.0,0,3,Target,PD,0,12.9,1
DLB00152,DLBCL,72,M,0,IV,457.6,14.5,4.3,7.9,415.0,1,0,PD-1,CR,0,2.4,1
DLB00153,DLBCL,79,M,0,I,135.2,12.4,5.0,6.0,103.0,0,2,PD-1,CR,0,3.3,1
DLB00154,DLBCL,47,F,1,IV,100.0,11.0,3.4,7.1,166.0,0,1,PD-1,PD,0,8.8,1
DLB00155,DLBCL,48,M,1,IV,197.3,13.6,4.2,3.0,370.0,1,1,PD-1,CR,0,14.9,1
DLB00156,DLBCL,61,M,0,IV,100.0,10.1,3.5,5.7,399.0,0,0,PD-1,SD,0,4.3,1
DLB00157,DLBCL,59,M,0,III,220.1,13.0,4.3,7.9,242.0,0,1,PD-1,PD,1,6.4,1
DLB00158,DLBCL,68,F,2,III,165.9,13.0,3.5,5.0,151.0,0,3,PD-1,PR,0,1.0,1
DLB00159,DLBCL,64,F,3,III,137.1,14.1,3.8,7.1,418.0,0,3,PD-1,SD,0,57.1,0
DLB00160,DLBCL,46,M,1,IV,100.0,17.5,3.9,7.9,378.0,0,1,PD-1,SD,0,0.6,1
DLB00161,DLBCL,51,M,0,II,246.7,12.8,4.5,6.3,304.0,0,0,PD-1,PD,1,8.1,1
DLB00162,DLBCL,59,F,0,I,131.7,11.0,4.5,7.3,185.0,0,0,Target,PD,0,60.0,0
DLB00163,DLBCL,25,M,0,III,100.0,11.9,3.4,5.1,246.0,1,2,PD-1,PD,0,9.1,1
DLB00164,DLBCL,59,F,2,IV,100.0,8.5,4.0,6.6,237.0,0,1,PD-1,CR,0,7.1,1
DLB00165,DLBCL,61,F,0,II,178.3,10.6,3.6,8.2,276.0,0,1,PD-1,SD,0,11.2,1
DLB00166,DLBCL,71,M,1,IV,525.0,11.2,3.4,7.3,366.0,0,0,PD-1,SD,1,7.6,1
DLB00167,DLBCL,38,M,0,IV,491.2,11.0,3.9,5.8,320.0,1,1,Chemo,SD,0,28.5,1
DLB00168,DLBCL,27,F,1,I,137.8,12.3,3.8,7.4,164.0,0,1,PD-1,CR,0,26.4,1
DLB00169,DLBCL,25,M,1,IV,126.3,10.4,5.2,8.4,360.0,0,3,Chemo,PR,0,19.1,1
DLB00170,DLBCL,29,M,2,III,240.2,14.2,4.2,3.0,275.0,0,1,PD-1,PD,1,44.3,1
DLB00171,DLBCL,50,F,0,IV,100.0,12.0,3.3,9.3,305.0,0,0,PD-1,SD,3,0.7,1
DLB00172,DLBCL,79,F,0,II,217.3,12.0,3.7,6.3,367.0,0,1,Chemo,SD,0,1.2,1
DLB00173,DLBCL,38,F,0,IV,287.0,11.3,4.5,7.9,161.0,1,0,PD-1,SD,1,6.5,1
DLB00174,DLBCL,63,F,2,IV,378.5,12.3,5.0,9.4,247.0,0,3,PD-1,PD,0,10.2,1
DLB00175,DLBCL,51,M,2,IV,170.7,13.7,3.2,4.3,207.0,0,0,PD-1,PD,0,2.0,1
DLB00176,DLBCL,33,M,1,IV,160.4,10.3,3.1,5.6,125.0,0,1,Chemo,SD,0,23.5,1
DLB00177,DLBCL,39,F,1,III,107.0,10.7,4.9,6.4,278.0,1,0,PD-1,CR,0,21.2,1
DLB00178,DLBCL,39,F,1,IV,110.4,11.4,4.2,5.4,451.0,0,1,Chemo,SD,0,5.3,1
DLB00179,DLBCL,50,M,0,IV,158.2,9.3,3.6,10.5,103.0,0,1,PD-1,PD,3,1.4,1
DLB00180,DLBCL,66,F,2,III,226.0,10.4,4.3,5.3,247.0,0,1,Chemo,PD,0,24.0,1
DLB00181,DLBCL,84,M,1,I,313.6,11.0,2.7,5.9,301.0,0,0,PD-1,SD,0,41.9,1
DLB00182,DLBCL,37,M,0,IV,112.0,13.7,4.0,7.4,260.0,0,0,Chemo,PD,0,0.9,1
DLB00183,DLBCL,75,M,1,IV,443.9,12.5,4.2,4.6,241.0,0,0,PD-1,PR,0,21.8,1
DLB00184,DLBCL,56,M,0,IV,154.1,12.4,4.5,6.2,146.0,0,1,Target,PD,0,26.0,1
DLB00185,DLBCL,63,M,0,II,179.0,13.7,3.5,7.6,269.0,0,0,PD-1,SD,0,60.0,0
DLB00186,DLBCL,73,M,1,IV,115.8,11.7,4.0,6.3,189.0,0,1,PD-1,CR,0,0.2,1
DLB00187,DLBCL,76,M,0,III,100.0,12.8,3.5,6.8,100.0,0,2,PD-1,PR,0,5.7,1
DLB00188,DLBCL,56,F,1,IV,308.1,11.8,4.1,5.9,346.0,0,2,PD-1,SD,0,2.1,1
DLB00189,DLBCL,28,F,0,II,282.1,12.5,3.6,4.0,327.0,1,1,PD-1,PD,0,48.3,0
DLB00190,DLBCL,54,F,0,IV,153.1,10.8,3.8,7.6,254.0,1,1,Target,SD,0,13.5,1
DLB00191,DLBCL,61,F,0,IV,188.7,7.1,3.5,10.5,268.0,1,0,Target,PD,0,13.3,1
DLB00192,DLBCL,47,M,0,I,247.0,11.7,4.3,7.0,336.0,1,1,PD-1,PD,1,6.6,1
DLB00193,DLBCL,63,M,1,IV,100.0,14.8,4.4,7.5,268.0,0,2,Target,SD,0,3.7,1
DLB00194,DLBCL,69,F,0,III,132.0,13.9,3.9,8.4,322.0,1,0,PD-1,CR,0,6.8,1
DLB00195,DLBCL,39,M,1,IV,291.9,13.9,4.0,4.5,226.0,0,1,PD-1,CR,0,5.6,1
DLB00196,DLBCL,67,F,1,IV,100.0,14.5,3.3,10.4,355.0,0,2,Chemo,PD,0,26.2,1
DLB00197,DLBCL,53,M,1,III,216.2,12.2,3.9,7.4,276.0,0,2,Chemo,PR,0,15.8,1
DLB00198,DLBCL,60,F,2,IV,100.0,12.4,4.0,10.3,266.0,0,0,Target,SD,0,9.9,1
DLB00199,DLBCL,37,M,1,IV,239.8,10.8,5.3,5.5,148.0,1,1,PD-1,SD,0,12.4,1
DLB00200,DLBCL,56,F,0,III,177.4,11.4,3.4,10.6,273.0,0,0,Chemo,PD,0,29.2,1
DLB00201,DLBCL,31,M,0,III,100.0,13.2,4.7,8.6,183.0,0,0,PD-1,CR,0,11.3,1
DLB00202,DLBCL,83,F,0,IV,364.6,14.4,4.5,8.1,199.0,1,3,PD-1,SD,1,14.5,1
DLB00203,DLBCL,75,M,1,IV,116.7,11.7,4.1,7.5,185.0,0,2,PD-1,SD,0,8.7,1
DLB00204,DLBCL,46,F,0,IV,111.5,11.1,4.9,6.5,165.0,0,2,Target,SD,0,60.0,0
DLB00205,DLBCL,52,F,1,IV,204.5,12.0,4.2,9.4,420.0,1,0,Chemo,PD,0,0.6,1
DLB00206,DLBCL,26,M,1,III,361.1,13.2,4.2,7.3,357.0,0,2,Chemo,PR,0,16.1,1
DLB00207,DLBCL,66,F,0,IV,100.0,9.1,4.0,3.1,404.0,0,1,PD-1,PD,0,0.2,1
DLB00208,DLBCL,69,F,2,II,188.1,7.4,4.6,4.8,152.0,0,0,PD-1,SD,0,9.0,1
DLB00209,DLBCL,81,M,0,III,234.5,10.9,4.5,6.6,256.0,0,1,PD-1,SD,2,3.8,1
DLB00210,DLBCL,77,F,0,I,274.8,9.6,3.7,7.6,147.0,1,0,PD-1,SD,0,37.1,1
DLB00211,DLBCL,30,F,1,III,201.5,11.0,3.3,6.9,194.0,0,2,PD-1,SD,1,3.1,1
DLB00212,DLBCL,52,F,1,III,145.4,11.7,3.9,9.4,177.0,0,1,Chemo,PR,0,15.0,1
DLB00213,DLBCL,52,M,1,III,110.3,11.1,3.6,3.1,349.0,0,0,PD-1,SD,0,1.9,1
DLB00214,DLBCL,68,M,1,IV,190.9,14.9,4.0,7.3,218.0,0,0,PD-1,SD,0,20.2,1
DLB00215,DLBCL,68,F,0,III,100.0,12.7,4.6,3.4,335.0,1,0,PD-1,SD,0,24.9,1
DLB00216,DLBCL,44,F,2,III,100.0,12.6,3.8,8.5,298.0,0,0,PD-1,PR,1,17.2,1
DLB00217,DLBCL,54,M,2,II,235.6,13.2,4.0,6.8,434.0,0,1,PD-1,PD,0,17.2,1
DLB00218,DLBCL,35,F,1,III,311.8,9.7,4.0,7.8,132.0,0,2,Target,PD,0,25.5,1
DLB00219,DLBCL,82,M,0,II,100.0,14.1,4.4,5.3,351.0,0,0,Chemo,PR,0,20.9,1
DLB00220,DLBCL,79,M,1,I,100.0,11.8,2.9,9.6,342.0,1,0,Chemo,SD,0,15.9,1
DLB00221,DLBCL,52,M,0,IV,262.8,13.3,3.7,9.1,172.0,0,1,PD-1,PD,2,15.2,1
DLB00222,DLBCL,49,M,0,IV,623.0,9.9,4.1,8.2,331.0,0,2,PD-1,PD,0,5.1,1
DLB00223,DLBCL,63,F,2,IV,183.5,8.9,4.6,6.7,277.0,0,0,PD-1,SD,0,10.6,1
DLB00224,DLBCL,57,M,0,III,117.1,13.6,3.8,8.2,232.0,1,0,Chemo,PD,0,17.1,1
DLB00225,DLBCL,25,F,3,III,162.4,12.8,3.1,5.6,184.0,0,1,Chemo,SD,0,22.3,1
DLB00226,DLBCL,81,F,1,IV,413.6,10.2,4.3,8.7,192.0,1,0,PD-1,SD,0,26.1,1
DLB00227,DLBCL,51,F,0,III,123.0,10.3,3.7,10.3,414.0,0,0,PD-1,PD,1,1.1,1
DLB00228,DLBCL,81,M,1,III,112.2,14.3,3.4,9.1,250.0,1,1,PD-1,PD,0,12.7,1
DLB00229,DLBCL,76,M,2,I,135.7,9.6,3.7,5.5,313.0,0,1,Chemo,PD,0,22.4,1
DLB00230,DLBCL,37,F,1,III,102.3,15.3,3.9,7.7,187.0,0,1,Target,PD,0,37.8,1
DLB00231,DLBCL,65,F,2,III,195.1,10.2,3.7,4.4,188.0,0,1,PD-1,CR,2,5.2,1
DLB00232,DLBCL,27,M,1,III,480.5,13.3,2.9,8.1,337.0,0,1,PD-1,PD,2,21.3,1
DLB00233,DLBCL,63,F,1,III,220.0,11.3,4.4,7.9,142.0,1,0,PD-1,PR,2,28.6,1
DLB00234,DLBCL,30,F,2,III,155.8,13.2,4.6,3.3,217.0,1,0,PD-1,PR,0,17.9,1
DLB00235,DLBCL,32,F,0,IV,152.2,10.9,4.3,4.7,253.0,0,0,PD-1,PR,0,11.3,1
DLB00236,DLBCL,51,F,1,IV,100.0,11.7,3.4,6.4,259.0,0,0,PD-1,SD,1,11.1,1
DLB00237,DLBCL,33,F,0,IV,307.9,12.1,3.9,6.4,236.0,0,1,Chemo,SD,0,6.3,1
DLB00238,DLBCL,61,M,3,IV,173.0,10.0,4.0,4.6,282.0,1,2,Chemo,SD,0,22.7,1
DLB00239,DLBCL,57,F,2,IV,162.7,13.5,4.3,7.8,305.0,0,3,PD-1,PR,0,3.4,1
DLB00240,DLBCL,75,F,0,I,1231.3,11.0,4.3,7.5,309.0,0,1,Chemo,SD,0,1.5,1
DLB00241,DLBCL,66,M,1,II,216.9,11.5,3.6,6.6,171.0,0,0,PD-1,SD,0,33.9,1
DLB00242,DLBCL,68,M,2,I,115.5,10.0,4.0,5.5,227.0,0,0,PD-1,SD,0,41.7,1
DLB00243,DLBCL,48,M,0,IV,140.4,6.9,4.2,9.1,346.0,0,2,PD-1,PR,0,4.0,1
DLB00244,DLBCL,39,F,1,IV,361.1,11.6,4.7,10.3,322.0,0,1,PD-1,PD,0,4.6,1
DLB00245,DLBCL,83,F,2,II,194.0,16.8,4.4,6.0,140.0,0,1,PD-1,PD,0,59.4,0
DLB00246,DLBCL,78,M,0,IV,100.0,13.6,4.4,5.8,278.0,1,2,PD-1,PD,0,25.6,1
DLB00247,DLBCL,56,F,1,I,314.7,12.0,4.0,8.0,100.0,0,1,PD-1,PR,0,60.0,0
DLB00248,DLBCL,56,M,0,IV,121.4,11.5,4.7,6.3,254.0,0,2,Target,PD,0,28.2,1
DLB00249,DLBCL,48,F,2,III,557.8,12.0,4.2,6.7,402.0,0,0,PD-1,PR,0,27.0,1
DLB00250,DLBCL,65,F,3,II,346.6,13.1,3.6,8.5,174.0,1,1,PD-1,PR,0,2.6,1
DLB00251,DLBCL,76,F,2,III,138.6,9.6,4.7,3.2,183.0,0,2,PD-1,PR,0,11.0,1
DLB00252,DLBCL,73,M,1,II,391.0,14.2,4.3,9.6,311.0,0,0,Chemo,PD,0,26.2,1
DLB00253,DLBCL,73,M,2,II,188.8,13.4,3.8,7.1,127.0,0,1,PD-1,PR,0,2.5,1
DLB00254,DLBCL,82,M,2,III,302.4,13.4,3.8,6.2,199.0,0,0,Chemo,PR,0,28.1,1
DLB00255,DLBCL,76,M,0,IV,242.5,12.9,4.1,6.8,298.0,0,3,PD-1,PR,0,13.2,1
DLB00256,DLBCL,36,F,2,III,109.1,12.0,4.2,6.9,199.0,1,0,PD-1,PD,0,4.1,1
DLB00257,DLBCL,63,F,0,III,123.2,13.3,4.1,3.5,231.0,1,1,PD-1,SD,0,1.4,1
DLB00258,DLBCL,26,F,1,IV,336.3,13.2,4.2,10.0,310.0,0,0,PD-1,PR,1,2.1,1
DLB00259,DLBCL,27,F,0,IV,148.3,11.3,4.8,7.1,284.0,0,1,PD-1,SD,0,3.7,1
DLB00260,DLBCL,73,F,0,II,142.3,10.9,4.5,7.9,271.0,1,0,PD-1,SD,1,17.0,1
DLB00261,DLBCL,61,F,0,III,102.2,12.2,4.1,8.9,223.0,0,0,PD-1,SD,0,18.8,1
DLB00262,DLBCL,73,F,1,II,233.7,15.1,4.5,5.0,280.0,1,1,PD-1,PR,0,19.9,1
DLB00263,DLBCL,80,F,0,II,624.9,9.5,3.5,7.9,240.0,0,3,PD-1,PD,0,20.9,1
DLB00264,DLBCL,41,M,1,IV,100.0,9.1,4.2,6.5,287.0,1,0,Target,SD,0,7.0,1
DLB00265,DLBCL,83,M,0,II,183.9,12.3,4.9,8.7,210.0,1,0,PD-1,SD,0,27.3,1
DLB00266,DLBCL,73,M,0,III,423.0,12.1,3.9,3.0,235.0,1,2,Chemo,CR,0,59.3,0
DLB00267,DLBCL,26,F,1,IV,172.8,12.3,3.6,6.8,171.0,0,1,Chemo,SD,0,3.5,1
DLB00268,DLBCL,26,F,2,II,237.8,12.5,3.7,5.8,247.0,0,3,PD-1,PR,0,2.0,1
DLB00269,DLBCL,52,M,0,III,100.0,11.6,3.5,7.9,185.0,1,0,PD-1,SD,0,21.6,1
DLB00270,DLBCL,78,F,1,II,234.4,15.0,3.6,7.9,161.0,0,1,PD-1,CR,0,19.7,1
DLB00271,DLBCL,47,F,2,IV,162.0,8.8,3.8,5.6,271.0,0,0,Chemo,PD,0,5.4,1
DLB00272,DLBCL,61,M,1,III,327.5,10.3,3.3,5.6,267.0,1,0,Chemo,SD,0,28.6,1
DLB00273,DLBCL,56,M,0,IV,369.6,11.8,4.0,6.8,313.0,1,1,Chemo,PD,0,15.7,1
DLB00274,DLBCL,57,F,0,III,857.3,8.7,4.5,5.2,216.0,1,1,Target,PD,0,7.9,1
DLB00275,DLBCL,25,M,2,I,256.7,11.6,3.5,8.7,283.0,0,2,Chemo,PD,0,1.1,1
DLB00276,DLBCL,43,F,0,IV,220.4,15.3,4.8,6.3,294.0,1,0,PD-1,PD,0,21.1,1
DLB00277,DLBCL,26,M,2,IV,203.7,12.0,4.3,3.0,286.0,1,1,PD-1,SD,0,7.5,1
DLB00278,DLBCL,77,F,1,IV,146.7,12.5,4.5,6.3,184.0,0,1,Chemo,SD,0,0.6,1
DLB00279,DLBCL,68,F,2,IV,222.1,9.5,3.7,4.9,262.0,0,3,PD-1,PD,2,0.2,1
DLB00280,DLBCL,50,F,2,IV,151.8,10.8,4.4,3.7,279.0,0,0,PD-1,PR,0,6.4,1
DLB00281,DLBCL,56,F,3,II,200.6,11.2,3.5,4.5,251.0,0,0,Chemo,PD,0,60.0,0
DLB00282,DLBCL,30,M,0,II,399.6,11.4,4.4,7.2,100.0,1,0,PD-1,PD,0,20.7,1
DLB00283,DLBCL,56,M,2,IV,100.0,14.6,4.1,9.7,263.0,0,1,Target,SD,0,3.6,1
DLB00284,DLBCL,79,M,1,III,359.2,13.1,4.3,7.6,427.0,1,0,Chemo,SD,0,27.0,1
DLB00285,DLBCL,28,F,1,IV,399.5,9.8,3.4,5.8,221.0,1,3,PD-1,SD,0,0.0,1
DLB00286,DLBCL,79,F,1,IV,168.9,12.5,3.6,7.9,192.0,0,0,Target,PD,0,2.3,1
DLB00287,DLBCL,35,F,2,III,100.0,13.0,4.3,6.1,280.0,1,2,PD-1,PD,0,3.5,1
DLB00288,DLBCL,80,M,3,II,125.9,14.3,3.5,5.6,275.0,0,0,PD-1,SD,1,3.9,1
DLB00289,DLBCL,83,M,2,IV,394.7,15.2,4.2,4.7,345.0,1,1,PD-1,SD,0,3.1,1
DLB00290,DLBCL,41,M,1,II,178.8,10.0,3.3,3.5,149.0,0,3,PD-1,PD,0,3.0,1
DLB00291,DLBCL,62,M,1,IV,100.0,10.4,4.4,6.2,309.0,1,0,PD-1,CR,2,17.3,1
DLB00292,DLBCL,48,F,1,III,133.9,9.5,3.4,7.3,297.0,0,3,PD-1,PR,0,0.3,1
DLB00293,DLBCL,29,M,0,IV,300.2,11.5,4.3,6.8,239.0,0,1,PD-1,SD,0,0.5,1
DLB00294,DLBCL,76,M,0,I,251.7,12.9,4.3,6.2,277.0,1,3,PD-1,PD,3,14.9,1
DLB00295,DLBCL,58,F,0,IV,157.1,14.0,3.7,5.1,332.0,0,1,Chemo,PD,0,9.3,1
DLB00296,DLBCL,30,M,0,III,145.5,11.8,4.3,8.2,320.0,0,0,Chemo,SD,0,60.0,0
DLB00297,DLBCL,46,M,0,III,143.3,11.4,4.1,4.4,159.0,0,0,PD-1,CR,0,12.0,1
DLB00298,DLBCL,35,F,0,II,104.2,12.3,3.7,8.6,316.0,1,0,PD-1,SD,0,10.5,1
DLB00299,DLBCL,72,M,0,IV,477.8,10.3,3.5,5.0,245.0,0,0,PD-1,PR,0,13.3,1
DLB00300,DLBCL,40,F,0,IV,149.4,16.2,3.0,5.5,256.0,0,0,PD-1,PR,0,25.8,1
DLB00301,DLBCL,57,F,3,II,376.3,8.8,4.2,4.1,256.0,0,0,Chemo,PD,0,14.0,1
DLB00302,DLBCL,33,F,1,I,451.6,12.4,3.2,6.0,238.0,0,1,Chemo,PR,0,3.7,1
DLB00303,DLBCL,84,M,0,I,330.0,16.0,4.0,9.0,345.0,0,2,PD-1,PD,0,13.8,1
DLB00304,DLBCL,83,F,1,IV,139.9,12.0,3.9,8.0,243.0,0,0,PD-1,SD,2,17.5,1
DLB00305,DLBCL,30,M,0,IV,231.0,11.6,4.3,9.0,160.0,0,0,PD-1,SD,0,6.8,1
DLB00306,DLBCL,40,M,2,III,178.7,11.3,3.8,8.0,219.0,0,1,Chemo,PR,0,24.6,1
DLB00307,DLBCL,53,M,2,II,105.4,11.6,3.8,4.8,264.0,0,0,PD-1,PR,1,48.9,0
DLB00308,DLBCL,27,F,0,III,220.2,14.7,4.4,6.3,348.0,1,0,Target,PR,0,9.6,1
DLB00309,DLBCL,44,M,1,III,100.0,7.6,4.2,5.4,298.0,0,0,Chemo,PD,0,16.8,1
DLB00310,DLBCL,84,M,2,III,369.7,15.1,4.2,9.7,182.0,0,3,PD-1,PD,2,18.0,1
DLB00311,DLBCL,83,F,2,IV,137.2,9.2,4.2,4.6,449.0,0,2,PD-1,SD,0,5.5,1
DLB00312,DLBCL,60,M,1,II,204.5,11.5,3.2,8.8,271.0,0,0,Target,SD,0,0.4,1
DLB00313,DLBCL,43,M,1,IV,214.9,11.1,4.4,8.8,352.0,1,1,PD-1,PD,0,14.8,1
DLB00314,DLBCL,50,M,0,III,155.2,13.2,4.3,10.7,238.0,0,1,PD-1,PR,0,5.5,1
DLB00315,DLBCL,27,M,3,III,257.8,8.8,3.5,6.2,293.0,0,1,PD-1,PR,2,8.1,1
DLB00316,DLBCL,43,M,0,IV,136.3,12.9,3.9,8.4,317.0,0,1,Chemo,PD,0,3.1,1
DLB00317,DLBCL,44,M,2,IV,305.8,16.0,4.0,11.6,347.0,0,1,Chemo,PD,0,2.4,1
DLB00318,DLBCL,56,F,1,IV,100.0,9.3,3.9,5.8,335.0,0,0,Chemo,CR,0,2.3,1
DLB00319,DLBCL,31,M,1,II,195.6,12.4,4.2,3.9,320.0,0,0,Chemo,SD,0,29.0,1
DLB00320,DLBCL,76,M,1,II,580.2,10.7,4.7,3.2,225.0,0,1,Chemo,PD,0,60.0,0
DLB00321,DLBCL,65,F,0,IV,100.0,12.9,4.5,8.4,204.0,1,2,Target,PR,0,5.8,1
DLB00322,DLBCL,57,M,0,III,120.7,12.0,3.3,3.2,277.0,0,1,PD-1,CR,1,0.2,1
DLB00323,DLBCL,64,F,0,II,246.7,10.7,4.3,6.3,325.0,0,2,PD-1,SD,0,0.9,1
DLB00324,DLBCL,63,M,0,I,201.9,13.0,4.7,7.9,232.0,1,3,Chemo,PD,0,60.0,0
DLB00325,DLBCL,42,M,2,I,223.7,15.6,4.2,7.4,335.0,1,0,Chemo,SD,0,38.6,1
DLB00326,DLBCL,64,M,0,IV,243.1,11.6,4.5,7.9,366.0,0,1,Chemo,PD,0,8.0,1
DLB00327,DLBCL,25,M,0,II,265.3,13.4,5.0,7.4,177.0,1,1,PD-1,SD,0,0.8,1
DLB00328,DLBCL,35,M,3,III,352.8,9.4,4.5,9.6,183.0,1,3,Chemo,PR,0,14.2,1
DLB00329,DLBCL,52,M,2,II,231.8,10.1,4.1,5.1,239.0,0,3,Chemo,PD,0,55.1,0
DLB00330,DLBCL,81,M,2,III,156.8,12.9,4.5,5.6,275.0,0,1,PD-1,SD,0,22.5,1
DLB00331,DLBCL,49,M,3,I,271.4,15.0,4.1,5.5,208.0,0,0,PD-1,PR,2,14.0,1
DLB00332,DLBCL,74,M,0,III,566.8,12.7,4.0,8.7,358.0,1,2,PD-1,SD,0,6.4,1
DLB00333,DLBCL,47,M,0,I,167.4,11.4,3.8,8.8,284.0,0,0,PD-1,PR,0,26.1,1
DLB00334,DLBCL,55,M,2,IV,101.0,12.0,4.8,7.9,253.0,0,2,PD-1,CR,1,6.1,1
DLB00335,DLBCL,54,M,1,II,352.2,9.5,3.6,9.4,135.0,1,3,PD-1,CR,0,49.0,0
DLB00336,DLBCL,66,F,0,III,168.6,13.2,4.8,4.6,145.0,0,0,PD-1,SD,0,9.1,1
DLB00337,DLBCL,59,M,2,IV,100.0,13.8,4.2,10.3,272.0,0,1,Chemo,PD,0,33.9,1
DLB00338,DLBCL,31,F,0,IV,301.4,11.1,3.3,10.0,100.0,0,1,Chemo,PD,0,3.2,1
DLB00339,DLBCL,84,F,0,III,131.5,11.1,4.2,8.5,331.0,0,1,Chemo,PD,0,26.6,1
DLB00340,DLBCL,40,M,1,III,171.7,12.5,2.9,10.6,237.0,1,0,PD-1,PR,0,59.3,0
DLB00341,DLBCL,50,F,1,III,221.2,11.1,4.3,3.7,500.0,0,2,PD-1,PR,0,23.5,1
DLB00342,DLBCL,72,F,1,IV,203.2,11.9,4.4,6.0,435.0,1,3,Chemo,PR,0,12.5,1
DLB00343,DLBCL,81,M,0,IV,277.5,16.2,3.7,5.5,235.0,0,3,PD-1,PR,0,5.7,1
DLB00344,DLBCL,76,M,2,IV,139.6,11.5,4.1,8.4,241.0,0,0,Target,SD,0,0.5,1
DLB00345,DLBCL,84,F,0,III,246.6,11.3,5.0,4.9,330.0,1,2,Chemo,PD,0,7.0,1
DLB00346,DLBCL,73,F,0,IV,155.1,10.7,3.7,8.5,386.0,0,1,PD-1,PD,2,1.0,1
DLB00347,DLBCL,26,M,2,III,282.4,13.5,3.5,9.7,119.0,0,0,Target,PD,0,13.0,1
DLB00348,DLBCL,25,M,3,I,262.2,11.6,4.7,8.4,107.0,0,0,PD-1,PR,0,31.7,1
DLB00349,DLBCL,72,M,2,III,103.4,10.7,5.0,7.6,200.0,1,0,PD-1,PD,0,1.7,1
DLB00350,DLBCL,36,M,2,IV,347.8,14.6,4.0,5.0,297.0,0,3,Chemo,SD,0,5.5,1
DLB00351,DLBCL,29,F,1,II,131.4,14.8,4.5,5.3,290.0,0,1,PD-1,CR,0,53.5,0
DLB00352,DLBCL,61,M,1,IV,294.4,10.8,4.7,9.5,336.0,0,1,Target,PD,0,3.3,1
DLB00353,DLBCL,56,M,0,II,226.0,8.3,3.6,8.6,154.0,0,0,PD-1,SD,0,35.8,1
DLB00354,DLBCL,83,F,1,III,546.2,14.0,3.8,6.9,100.0,1,1,PD-1,PR,0,5.6,1
DLB00355,DLBCL,79,M,0,I,158.5,10.6,4.6,6.2,319.0,0,0,PD-1,SD,1,4.1,1
DLB00356,DLBCL,33,M,0,III,147.0,13.6,4.8,3.0,184.0,0,0,Chemo,SD,0,18.1,1
DLB00357,DLBCL,65,F,1,IV,179.2,8.1,4.3,4.9,100.0,0,1,PD-1,PD,1,6.2,1
DLB00358,DLBCL,59,F,1,III,151.1,13.8,3.6,10.8,262.0,0,0,PD-1,SD,0,20.0,1
DLB00359,DLBCL,43,M,0,IV,292.9,9.6,5.0,4.4,313.0,1,2,Chemo,PD,0,2.5,1
DLB00360,DLBCL,72,M,0,IV,100.0,13.5,3.7,7.4,240.0,0,0,PD-1,CR,0,1.7,1
DLB00361,DLBCL,40,M,1,IV,100.0,12.0,3.8,9.0,213.0,1,1,Chemo,SD,0,24.7,1
DLB00362,DLBCL,27,M,0,II,100.0,10.1,4.2,4.5,237.0,0,1,PD-1,SD,0,9.6,1
DLB00363,DLBCL,44,M,2,III,320.6,11.2,4.8,7.4,220.0,0,1,Chemo,SD,0,1.6,1
DLB00364,DLBCL,48,M,1,II,505.9,13.4,4.4,8.9,142.0,1,0,Chemo,SD,0,2.4,1
DLB00365,DLBCL,78,M,1,IV,170.3,12.2,4.2,7.0,193.0,0,0,PD-1,PD,2,8.7,1
DLB00366,DLBCL,80,M,1,IV,163.8,13.2,4.2,12.7,292.0,1,3,PD-1,PD,0,14.8,1
DLB00367,DLBCL,57,M,2,III,189.1,16.0,4.0,3.7,276.0,1,0,Chemo,PD,0,1.1,1
DLB00368,DLBCL,48,M,0,IV,364.0,8.9,4.3,9.1,263.0,0,2,PD-1,PD,1,3.1,1
DLB00369,DLBCL,76,M,1,III,103.9,15.2,2.7,6.7,170.0,0,3,Target,PD,0,15.1,1
DLB00370,DLBCL,35,M,1,IV,209.1,12.2,3.9,8.5,235.0,1,0,PD-1,SD,0,0.3,1
DLB00371,DLBCL,73,M,0,I,325.4,10.2,4.1,7.9,100.0,0,0,PD-1,PD,2,1.0,1
DLB00372,DLBCL,32,F,2,IV,244.9,9.3,3.4,5.5,264.0,0,1,PD-1,PR,1,30.5,1
DLB00373,DLBCL,60,F,2,II,203.1,11.6,4.2,7.5,364.0,0,3,Target,SD,0,26.7,1
DLB00374,DLBCL,62,F,1,IV,330.5,13.8,3.9,3.3,132.0,0,3,PD-1,PR,1,25.1,1
DLB00375,DLBCL,64,F,2,IV,100.0,11.7,4.9,8.2,203.0,1,1,Chemo,SD,0,3.1,1
DLB00376,DLBCL,44,M,2,IV,272.3,15.0,4.8,7.6,276.0,0,2,Chemo,SD,0,24.2,1
DLB00377,DLBCL,59,M,1,I,122.4,9.1,3.8,8.3,350.0,0,0,PD-1,PD,0,31.9,1
DLB00378,DLBCL,72,M,2,III,100.0,12.0,3.9,9.1,214.0,0,3,PD-1,PR,0,4.2,1
DLB00379,DLBCL,49,F,1,II,246.3,9.5,4.0,7.7,195.0,0,3,Chemo,PR,0,7.9,1
DLB00380,DLBCL,59,F,1,III,413.3,12.7,3.8,7.3,100.0,0,0,PD-1,SD,0,28.1,1
DLB00381,DLBCL,49,M,1,I,166.9,13.8,4.1,5.2,258.0,1,0,Chemo,PR,0,31.9,1
DLB00382,DLBCL,53,M,2,IV,321.1,11.2,3.6,5.6,413.0,0,0,PD-1,CR,1,20.9,1
DLB00383,DLBCL,42,M,0,III,476.9,6.8,3.4,9.4,272.0,1,0,PD-1,PR,0,3.5,1
DLB00384,DLBCL,70,M,2,III,399.0,12.4,4.3,9.9,248.0,1,2,Chemo,SD,0,6.6,1
DLB00385,DLBCL,42,F,2,III,484.9,12.9,4.3,6.5,276.0,0,0,PD-1,SD,3,4.1,1
DLB00386,DLBCL,26,F,0,III,283.0,12.8,3.6,7.1,249.0,0,0,PD-1,PD,2,11.9,1
DLB00387,DLBCL,78,M,2,IV,189.7,14.5,4.4,5.2,185.0,0,0,PD-1,PD,0,1.3,1
DLB00388,DLBCL,59,F,0,III,100.0,9.9,3.7,9.3,316.0,0,3,PD-1,SD,1,13.9,1
DLB00389,DLBCL,40,F,0,IV,156.4,13.4,4.1,8.3,268.0,1,1,PD-1,PR,0,28.0,1
DLB00390,DLBCL,65,M,1,III,109.3,14.4,4.4,10.9,251.0,1,1,Chemo,SD,0,11.7,1
DLB00391,DLBCL,60,M,0,IV,666.9,8.4,4.0,5.2,172.0,0,0,PD-1,PD,0,3.5,1
DLB00392,DLBCL,57,M,2,IV,163.1,12.6,4.2,6.2,354.0,0,3,PD-1,CR,0,0.5,1
DLB00393,DLBCL,28,M,2,II,195.2,11.0,3.7,7.5,303.0,1,2,Chemo,CR,0,21.2,1
DLB00394,DLBCL,57,M,1,IV,252.4,11.8,3.9,8.3,206.0,1,0,PD-1,PD,0,2.9,1
DLB00395,DLBCL,38,M,0,II,186.1,12.7,3.9,6.6,330.0,0,0,PD-1,SD,1,33.6,1
DLB00396,DLBCL,45,M,0,IV,501.2,11.0,3.6,5.3,210.0,0,0,Target,PR,0,14.0,1
DLB00397,DLBCL,72,M,1,III,124.8,10.6,3.9,8.8,187.0,0,0,Chemo,SD,0,50.5,0
DLB00398,DLBCL,44,F,3,IV,203.7,12.1,3.2,8.4,189.0,1,1,PD-1,PD,0,22.9,1
DLB00399,DLBCL,80,M,1,IV,116.1,9.8,3.8,5.2,108.0,0,3,Chemo,PD,0,6.6,1
DLB00400,DLBCL,32,M,0,IV,100.0,9.8,3.9,9.7,288.0,0,1,PD-1,SD,0,6.5,1
DLB00401,DLBCL,31,M,1,IV,125.6,13.4,3.9,9.3,104.0,0,2,Chemo,SD,0,3.9,1
DLB00402,DLBCL,27,F,1,III,177.3,9.7,3.9,7.3,152.0,0,1,PD-1,SD,0,23.6,1
DLB00403,DLBCL,41,M,2,I,140.1,13.3,4.0,7.2,100.0,0,1,PD-1,PD,1,27.4,1
DLB00404,DLBCL,57,M,0,III,119.6,12.9,4.2,8.1,243.0,1,1,PD-1,PD,0,2.1,1
DLB00405,DLBCL,72,F,2,II,100.0,8.5,4.4,5.3,238.0,0,0,PD-1,PR,1,2.1,1
DLB00406,DLBCL,36,F,1,IV,172.5,10.6,3.7,7.1,224.0,0,0,PD-1,PD,0,18.4,1
DLB00407,DLBCL,83,F,3,III,100.0,14.4,3.4,3.0,167.0,0,1,Target,PR,0,60.0,0
DLB00408,DLBCL,75,M,0,IV,286.0,10.0,3.5,8.8,156.0,0,0,PD-1,PR,0,2.4,1
DLB00409,DLBCL,46,M,1,IV,190.5,11.1,3.8,3.9,287.0,0,0,PD-1,SD,0,12.4,1
DLB00410,DLBCL,79,F,2,IV,100.0,12.9,3.8,10.0,206.0,0,1,PD-1,SD,0,1.3,1
DLB00411,DLBCL,46,F,0,II,150.6,13.6,3.6,6.3,275.0,0,3,PD-1,PD,2,0.9,1
DLB00412,DLBCL,70,F,2,IV,115.4,11.5,3.4,6.6,179.0,0,1,Chemo,PR,0,1.7,1
DLB00413,DLBCL,54,F,1,IV,219.5,10.8,3.8,5.7,264.0,0,2,PD-1,SD,0,2.6,1
DLB00414,DLBCL,62,M,0,III,405.2,14.8,4.1,6.4,354.0,0,1,PD-1,PD,1,22.0,1
DLB00415,DLBCL,62,F,0,IV,100.0,15.5,4.3,9.8,297.0,1,2,PD-1,PD,0,4.8,1
DLB00416,DLBCL,69,M,1,IV,194.2,14.0,3.7,3.0,217.0,1,1,Chemo,PR,0,4.0,1
DLB00417,DLBCL,75,M,0,II,164.7,12.2,3.8,9.6,271.0,0,2,PD-1,PR,0,20.0,1
DLB00418,DLBCL,78,M,1,III,271.2,10.4,3.5,7.7,231.0,0,1,PD-1,SD,4,5.9,1
DLB00419,DLBCL,32,M,0,III,206.0,10.3,4.0,4.6,251.0,1,1,PD-1,PR,1,3.7,1
DLB00420,DLBCL,51,M,1,II,115.4,13.0,3.6,4.8,224.0,0,1,PD-1,PD,0,0.3,1
DLB00421,DLBCL,51,M,0,III,149.7,12.8,4.3,10.4,237.0,1,1,PD-1,PD,0,6.2,1
DLB00422,DLBCL,58,F,2,I,112.4,14.8,3.1,5.1,267.0,1,0,Chemo,PR,0,36.6,1
DLB00423,DLBCL,45,M,3,I,345.7,13.3,3.8,4.7,171.0,0,0,Chemo,PR,0,27.5,1
DLB00424,DLBCL,54,F,3,II,183.6,9.0,4.2,9.3,169.0,0,0,Chemo,PR,0,45.9,1
DLB00425,DLBCL,57,M,1,IV,567.2,14.1,4.1,7.7,139.0,1,2,PD-1,PD,0,3.2,1
DLB00426,DLBCL,52,M,0,III,174.8,10.0,5.3,5.1,122.0,0,0,PD-1,PR,0,12.8,1
DLB00427,DLBCL,71,M,2,IV,118.5,11.2,4.2,7.4,153.0,0,0,PD-1,SD,1,6.2,1
DLB00428,DLBCL,57,M,0,III,100.0,12.5,3.5,4.9,263.0,0,1,Target,SD,0,2.9,1
DLB00429,DLBCL,29,M,0,III,100.0,16.0,4.0,9.2,179.0,0,0,PD-1,SD,1,1.9,1
DLB00430,DLBCL,84,M,0,III,100.0,18.0,3.1,9.1,291.0,0,1,Chemo,PR,0,30.9,1
DLB00431,DLBCL,72,M,1,III,212.8,13.2,4.0,8.1,253.0,1,0,PD-1,PR,0,15.1,1
DLB00432,DLBCL,43,F,2,II,246.0,11.6,3.6,7.7,100.0,1,3,PD-1,PD,2,60.0,0
DLB00433,DLBCL,28,M,1,IV,100.0,13.1,4.5,10.5,302.0,0,2,PD-1,PD,0,6.5,1
DLB00434,DLBCL,59,F,1,II,310.1,13.8,3.7,7.0,315.0,0,2,PD-1,PD,0,60.0,0
DLB00435,DLBCL,73,M,0,IV,135.7,11.4,3.9,4.6,170.0,0,1,Target,CR,0,26.5,1
DLB00436,DLBCL,41,F,3,IV,198.0,15.6,3.7,7.9,284.0,0,2,Target,SD,0,3.1,1
DLB00437,DLBCL,68,F,1,II,476.9,12.5,4.9,11.2,181.0,0,0,PD-1,SD,0,24.2,1
DLB00438,DLBCL,52,F,1,I,310.5,13.0,3.8,5.0,258.0,1,0,PD-1,PR,0,60.0,0
DLB00439,DLBCL,54,M,0,IV,154.3,13.3,4.9,6.3,149.0,1,0,Target,PD,0,0.9,1
DLB00440,DLBCL,53,M,2,III,106.2,12.8,4.4,7.8,107.0,0,1,Chemo,PD,0,17.1,1
DLB00441,DLBCL,70,M,1,I,100.0,13.7,4.2,6.9,219.0,0,1,PD-1,CR,0,24.6,1
DLB00442,DLBCL,77,F,0,IV,117.7,10.8,4.2,5.0,240.0,0,1,PD-1,PD,0,15.4,1
DLB00443,DLBCL,30,F,0,I,159.7,10.9,4.2,9.2,218.0,0,0,PD-1,PD,0,14.7,1
DLB00444,DLBCL,59,F,1,IV,100.3,9.8,3.0,11.6,155.0,0,1,PD-1,CR,0,10.8,1
DLB00445,DLBCL,84,M,1,IV,167.5,12.9,3.9,7.4,218.0,0,1,PD-1,SD,1,3.9,1
DLB00446,DLBCL,65,F,0,II,189.8,13.6,4.4,5.2,272.0,1,1,PD-1,PR,0,5.1,1
DLB00447,DLBCL,61,F,3,II,158.4,12.9,4.0,3.9,246.0,0,1,PD-1,SD,0,15.2,1
DLB00448,DLBCL,48,M,0,II,122.7,15.3,3.3,7.5,265.0,0,0,PD-1,PR,1,17.6,1
DLB00449,DLBCL,53,M,1,III,200.6,12.0,4.0,9.2,196.0,1,2,PD-1,SD,2,14.6,1
DLB00450,DLBCL,73,F,2,II,236.3,13.3,4.9,8.0,344.0,0,1,Chemo,PD,0,0.0,1
DLB00451,DLBCL,70,F,1,IV,100.0,9.8,4.6,7.0,156.0,0,0,Chemo,SD,0,49.7,0
DLB00452,DLBCL,77,F,1,I,422.7,11.2,4.0,5.8,289.0,0,0,PD-1,CR,2,9.8,1
DLB00453,DLBCL,55,M,0,III,170.9,13.4,4.5,4.8,345.0,0,1,Target,PD,0,27.1,1
DLB00454,DLBCL,59,F,0,IV,183.3,13.7,3.8,8.7,288.0,1,2,Target,SD,0,7.8,1
DLB00455,DLBCL,84,M,3,IV,277.3,11.4,3.1,8.8,234.0,0,1,PD-1,PD,0,0.6,1
DLB00456,DLBCL,57,M,1,IV,208.5,11.9,3.5,3.9,208.0,1,0,PD-1,SD,0,35.7,1
DLB00457,DLBCL,76,M,2,III,321.1,9.0,4.8,10.2,333.0,0,2,Chemo,PR,0,5.9,1
DLB00458,DLBCL,45,F,0,IV,215.4,11.3,3.9,8.1,136.0,0,1,Chemo,PR,0,19.8,1
DLB00459,DLBCL,56,F,0,III,125.5,13.8,3.9,9.8,172.0,1,1,Target,PD,0,13.4,1
DLB00460,DLBCL,47,M,0,III,225.2,13.2,3.9,4.3,218.0,0,1,Chemo,SD,0,0.4,1
DLB00461,DLBCL,57,M,1,II,100.0,13.0,5.0,4.3,349.0,0,0,Chemo,PD,0,60.0,0
DLB00462,DLBCL,27,F,0,IV,193.5,12.1,4.8,6.7,280.0,0,1,PD-1,PR,0,3.1,1
DLB00463,DLBCL,42,M,2,III,177.7,12.0,5.1,8.0,173.0,0,0,PD-1,PR,0,20.8,1
DLB00464,DLBCL,49,F,1,II,160.0,10.7,3.9,10.6,225.0,0,3,PD-1,SD,2,60.0,0
DLB00465,DLBCL,66,M,3,III,167.8,13.4,4.1,8.4,201.0,0,1,PD-1,PD,0,3.6,1
DLB00466,DLBCL,55,M,0,III,100.0,12.8,3.2,6.5,193.0,0,1,Chemo,PD,0,10.3,1
DLB00467,DLBCL,78,M,2,IV,130.4,13.0,4.7,4.9,328.0,0,1,PD-1,PR,0,20.5,1
DLB00468,DLBCL,82,M,2,IV,191.7,10.9,3.4,9.5,140.0,1,3,Chemo,SD,0,1.9,1
DLB00469,DLBCL,27,F,2,IV,199.5,7.7,4.1,5.1,379.0,0,2,PD-1,PR,0,6.4,1
DLB00470,DLBCL,64,M,2,I,100.0,14.2,3.5,10.3,316.0,1,1,PD-1,SD,0,10.4,1
DLB00471,DLBCL,70,M,2,III,387.4,11.0,3.7,6.4,337.0,0,1,PD-1,SD,1,17.5,1
DLB00472,DLBCL,48,F,1,III,107.8,10.3,3.6,10.2,213.0,0,1,PD-1,PD,0,4.1,1
DLB00473,DLBCL,74,M,0,I,324.3,13.4,3.7,8.4,238.0,1,1,Chemo,PD,0,60.0,0
DLB00474,DLBCL,56,M,0,II,234.2,11.2,3.7,6.7,135.0,0,0,Chemo,SD,0,12.7,1
DLB00475,DLBCL,71,F,2,IV,123.0,14.1,3.7,6.0,208.0,1,1,Target,SD,0,4.3,1
DLB00476,DLBCL,46,F,1,II,525.9,13.2,4.4,6.3,289.0,0,0,PD-1,PD,0,21.9,1
DLB00477,DLBCL,47,M,2,III,100.0,13.4,3.4,7.9,354.0,0,3,PD-1,PD,0,1.1,1
DLB00478,DLBCL,26,F,1,II,314.7,9.3,4.1,7.2,161.0,0,0,PD-1,CR,0,2.8,1
DLB00479,DLBCL,51,F,0,I,330.4,14.4,4.6,5.8,221.0,0,3,PD-1,PR,0,60.0,0
DLB00480,DLBCL,66,M,0,II,121.2,12.5,3.7,6.7,238.0,1,1,Chemo,SD,0,4.5,1
DLB00481,DLBCL,26,M,1,IV,418.0,11.3,3.6,7.2,138.0,0,1,Chemo,SD,0,41.8,1
DLB00482,DLBCL,50,F,1,IV,156.0,12.3,3.9,3.0,297.0,1,1,Chemo,PR,0,8.3,1
DLB00483,DLBCL,41,F,0,IV,215.6,8.4,4.6,7.9,192.0,1,0,PD-1,CR,0,4.8,1
DLB00484,DLBCL,64,M,1,III,211.9,12.8,4.1,5.0,234.0,0,0,Chemo,PD,0,4.8,1
DLB00485,DLBCL,57,F,0,II,167.2,9.9,3.7,4.7,214.0,0,0,PD-1,PR,0,9.7,1
DLB00486,DLBCL,33,F,1,III,294.9,9.3,4.2,3.6,187.0,1,1,Chemo,PR,0,8.0,1
DLB00487,DLBCL,67,M,0,III,291.8,9.0,3.4,3.4,249.0,1,1,PD-1,PR,1,0.9,1
DLB00488,DLBCL,78,M,2,IV,100.0,14.2,4.3,4.3,233.0,0,2,PD-1,PD,2,6.9,1
DLB00489,DLBCL,72,M,0,I,396.5,10.7,4.2,5.6,220.0,0,0,PD-1,PD,2,16.4,1
DLB00490,DLBCL,63,F,1,III,100.0,15.1,3.8,10.9,192.0,0,0,Target,SD,0,5.1,1
DLB00491,DLBCL,53,M,0,II,336.8,10.9,3.6,5.9,276.0,0,1,PD-1,SD,2,1.2,1
DLB00492,DLBCL,66,F,0,III,356.4,8.6,3.6,7.4,382.0,0,3,PD-1,PD,0,2.2,1
DLB00493,DLBCL,79,F,0,IV,100.0,9.8,4.3,7.8,261.0,1,1,Chemo,SD,0,15.2,1
DLB00494,DLBCL,50,F,1,III,141.7,14.5,4.6,7.3,330.0,0,1,PD-1,PR,0,11.9,1
DLB00495,DLBCL,59,M,1,III,100.0,11.7,3.7,6.8,139.0,0,1,PD-1,PR,0,11.5,1
DLB00496,DLBCL,74,F,0,III,159.3,10.9,4.2,4.6,263.0,0,0,PD-1,PR,2,5.2,1
DLB00497,DLBCL,49,M,1,III,150.7,12.3,3.0,9.9,162.0,0,3,PD-1,SD,3,25.5,1
DLB00498,DLBCL,48,F,2,IV,289.4,13.0,3.7,10.6,132.0,0,1,Target,PD,0,2.4,1
DLB00499,DLBCL,37,M,2,IV,397.9,14.2,4.0,3.6,191.0,0,0,Chemo,PD,0,31.1,1
DLB00500,DLBCL,84,M,0,IV,418.8,14.9,3.5,5.0,345.0,0,1,PD-1,SD,1,7.7,1
NSC00001,NSCLC,83,M,2,III,322.8,10.0,4.3,6.8,208.0,0,1,PD-1,SD,0,15.6,1
NSC00002,NSCLC,39,M,1,IV,296.7,15.4,3.4,7.3,280.0,0,1,PD-1,PR,2,1.0,1
NSC00003,NSCLC,46,F,0,I,194.6,10.7,3.5,9.4,341.0,0,3,PD-1,SD,0,60.0,0
NSC00004,NSCLC,83,M,1,IV,100.0,13.9,4.1,5.7,259.0,0,1,PD-1,PR,0,0.4,1
NSC00005,NSCLC,30,M,0,IV,100.0,12.9,4.9,6.3,253.0,0,0,Chemo,PD,0,7.1,1
NSC00006,NSCLC,76,M,1,IV,209.3,13.2,4.3,8.5,194.0,0,1,Chemo,SD,0,15.9,1
NSC00007,NSCLC,39,M,1,IV,157.6,10.8,4.3,5.5,340.0,0,0,Target,SD,0,7.0,1
NSC00008,NSCLC,48,F,2,IV,280.5,8.6,3.5,7.3,260.0,0,0,PD-1,PD,0,7.9,1
NSC00009,NSCLC,45,F,3,I,174.0,12.0,4.2,6.2,232.0,0,0,PD-1,PD,0,60.0,0
NSC00010,NSCLC,31,F,2,III,165.2,12.0,3.4,6.5,222.0,0,1,PD-1,PD,0,16.3,1
NSC00011,NSCLC,81,M,2,III,100.0,10.1,4.9,8.5,332.0,1,0,Target,PD,0,8.7,1
NSC00012,NSCLC,53,M,1,III,296.9,13.8,3.5,6.3,229.0,1,1,PD-1,PD,0,2.1,1
NSC00013,NSCLC,56,F,0,III,122.8,11.9,3.6,8.6,332.0,0,3,Chemo,PD,0,11.7,1
NSC00014,NSCLC,56,F,1,III,142.7,10.4,3.3,3.1,212.0,0,1,PD-1,SD,0,27.4,1
NSC00015,NSCLC,77,M,1,III,100.0,13.2,4.0,4.1,308.0,1,0,PD-1,PD,0,12.2,1
NSC00016,NSCLC,83,M,2,IV,100.0,13.2,4.0,3.0,267.0,0,0,Target,PR,0,5.3,1
NSC00017,NSCLC,29,M,0,I,438.5,10.6,4.8,4.7,174.0,1,1,PD-1,PD,0,13.7,1
NSC00018,NSCLC,28,M,2,IV,292.2,14.5,4.4,10.7,243.0,1,2,PD-1,SD,0,7.4,1
NSC00019,NSCLC,46,M,2,III,295.1,16.5,3.6,7.0,100.0,0,0,PD-1,SD,0,1.8,1
NSC00020,NSCLC,42,M,3,IV,159.2,9.8,4.4,5.6,190.0,0,2,Chemo,PR,0,2.8,1
NSC00021,NSCLC,59,F,2,IV,100.0,11.6,3.4,8.6,124.0,1,1,PD-1,SD,0,12.4,1
NSC00022,NSCLC,41,M,0,III,639.8,12.7,3.6,8.8,410.0,1,1,PD-1,SD,0,18.9,1
NSC00023,NSCLC,74,M,0,III,233.5,16.6,4.1,4.6,125.0,0,3,PD-1,PD,0,1.4,1
NSC00024,NSCLC,74,M,0,III,196.8,10.5,3.4,12.0,457.0,0,1,PD-1,PD,1,11.5,1
NSC00025,NSCLC,80,F,0,III,146.1,10.1,4.5,7.6,291.0,0,2,PD-1,PD,0,25.8,1
NSC00026,NSCLC,48,M,1,IV,100.0,10.1,5.1,7.8,208.0,0,0,PD-1,PR,0,2.7,1
NSC00027,NSCLC,26,F,2,IV,359.6,14.4,3.9,8.0,315.0,1,1,Target,PD,0,16.2,1
NSC00028,NSCLC,37,M,2,II,100.0,10.6,3.7,8.0,198.0,1,1,Target,SD,0,2.6,1
NSC00029,NSCLC,78,F,1,II,251.6,10.3,3.9,5.8,137.0,0,0,PD-1,PD,1,7.1,1
NSC00030,NSCLC,39,M,0,III,287.9,12.5,3.7,11.2,256.0,1,1,Chemo,SD,0,20.3,1
NSC00031,NSCLC,29,M,0,I,221.5,12.6,4.1,6.4,306.0,0,0,PD-1,SD,0,1.6,1
NSC00032,NSCLC,27,M,0,IV,240.3,14.1,3.3,8.9,352.0,0,0,PD-1,PD,1,8.5,1
NSC00033,NSCLC,61,M,0,II,406.5,12.2,4.2,6.1,290.0,0,0,PD-1,PD,0,40.3,1
NSC00034,NSCLC,61,M,1,III,112.7,12.5,5.0,5.7,208.0,0,1,PD-1,SD,0,3.2,1
NSC00035,NSCLC,61,F,0,I,200.1,11.8,3.0,10.8,361.0,0,3,PD-1,PD,0,60.0,0
NSC00036,NSCLC,27,M,0,III,158.4,9.4,3.4,6.8,343.0,0,1,PD-1,PR,0,9.5,1
NSC00037,NSCLC,59,M,0,IV,100.0,11.6,3.8,6.9,272.0,1,1,Chemo,PD,0,23.9,1
NSC00038,NSCLC,76,M,1,III,215.2,12.1,4.3,7.6,347.0,1,0,PD-1,SD,3,38.0,1
NSC00039,NSCLC,47,F,1,IV,384.0,11.1,4.4,12.2,425.0,0,3,PD-1,CR,0,4.0,1
NSC00040,NSCLC,84,F,1,IV,414.0,8.9,4.4,11.3,207.0,0,1,PD-1,CR,0,6.0,1
NSC00041,NSCLC,52,F,1,III,552.5,9.7,3.2,9.6,178.0,0,2,PD-1,CR,0,6.8,1
NSC00042,NSCLC,84,M,3,I,100.0,11.9,3.7,12.7,204.0,1,2,PD-1,PD,0,22.3,1
NSC00043,NSCLC,54,F,0,IV,481.6,13.9,3.5,5.1,142.0,0,0,PD-1,PR,0,16.8,1
NSC00044,NSCLC,42,F,1,IV,202.5,15.4,4.0,8.3,297.0,0,1,Chemo,SD,0,2.6,1
NSC00045,NSCLC,82,F,1,IV,473.6,11.6,4.0,7.2,121.0,0,3,Chemo,SD,0,21.9,1
NSC00046,NSCLC,76,M,1,II,143.0,10.6,3.3,3.5,351.0,0,0,PD-1,SD,0,27.7,1
NSC00047,NSCLC,60,M,2,IV,131.8,11.3,3.8,7.9,196.0,0,1,PD-1,SD,0,3.4,1
NSC00048,NSCLC,57,M,0,II,100.0,9.9,4.3,6.0,359.0,1,3,Target,PD,0,2.9,1
NSC00049,NSCLC,50,M,1,IV,288.8,13.6,3.7,10.1,100.0,1,0,PD-1,SD,1,1.8,1
NSC00050,NSCLC,72,F,0,IV,246.8,16.3,3.9,6.2,219.0,0,2,PD-1,SD,0,7.3,1
NSC00051,NSCLC,64,M,1,II,100.0,10.6,4.8,6.1,147.0,0,3,PD-1,SD,0,32.5,1
NSC00052,NSCLC,41,M,0,IV,100.0,9.6,5.0,10.1,358.0,0,1,PD-1,PD,0,12.9,1
NSC00053,NSCLC,64,F,0,III,232.6,14.0,2.9,6.9,384.0,1,0,Chemo,SD,0,23.5,1
NSC00054,NSCLC,31,F,1,IV,249.0,12.6,4.1,9.3,100.0,0,0,PD-1,PR,4,6.1,1
NSC00055,NSCLC,81,M,1,II,100.3,12.7,5.5,7.8,319.0,0,0,PD-1,PD,0,55.4,0
NSC00056,NSCLC,32,F,0,IV,100.0,15.2,4.2,7.9,335.0,0,2,PD-1,PR,0,18.2,1
NSC00057,NSCLC,77,M,1,I,268.7,9.3,4.0,6.5,276.0,0,2,PD-1,PD,3,10.1,1
NSC00058,NSCLC,80,F,1,IV,552.2,9.2,4.7,8.0,297.0,0,1,Target,SD,0,11.5,1
NSC00059,NSCLC,55,F,0,III,134.7,11.7,4.1,6.7,291.0,0,0,PD-1,SD,0,40.3,1
NSC00060,NSCLC,83,M,1,III,106.9,12.1,4.4,5.4,320.0,0,0,PD-1,CR,0,16.2,1
NSC00061,NSCLC,82,F,1,II,216.9,11.3,3.9,6.8,163.0,0,2,Target,SD,0,60.0,0
NSC00062,NSCLC,36,F,1,IV,265.4,16.9,4.1,9.6,346.0,0,1,PD-1,PR,0,8.1,1
NSC00063,NSCLC,72,M,0,II,145.7,11.4,4.2,8.1,267.0,0,3,PD-1,PD,2,20.4,1
NSC00064,NSCLC,55,M,0,III,611.0,10.9,4.4,8.5,262.0,0,1,PD-1,PD,3,6.2,1
NSC00065,NSCLC,68,F,1,II,311.4,12.2,3.8,7.0,295.0,0,2,PD-1,SD,1,1.7,1
NSC00066,NSCLC,43,M,2,IV,144.2,13.9,3.8,3.1,148.0,0,1,PD-1,PD,0,15.9,1
NSC00067,NSCLC,34,M,1,I,100.0,10.5,3.0,4.6,126.0,1,1,PD-1,SD,0,60.0,0
NSC00068,NSCLC,63,F,0,II,400.1,11.7,3.8,6.4,240.0,0,1,PD-1,PD,0,17.5,1
NSC00069,NSCLC,36,F,1,II,370.6,14.0,4.5,4.7,373.0,0,3,Target,PD,0,29.1,1
NSC00070,NSCLC,44,M,2,III,151.2,14.1,4.2,6.0,155.0,0,1,PD-1,CR,1,5.8,1
NSC00071,NSCLC,61,M,0,II,223.7,12.4,3.5,5.9,264.0,0,0,PD-1,SD,2,6.3,1
NSC00072,NSCLC,72,M,3,III,165.6,16.8,3.0,5.9,193.0,0,0,PD-1,SD,0,24.9,1
NSC00073,NSCLC,65,M,2,IV,247.7,16.0,3.9,9.9,182.0,1,0,Chemo,CR,0,0.7,1
NSC00074,NSCLC,31,M,0,IV,100.0,9.2,4.5,6.9,290.0,0,1,PD-1,PR,0,2.5,1
NSC00075,NSCLC,76,F,2,III,100.0,8.6,3.8,8.9,311.0,0,0,Chemo,PD,0,29.9,1
NSC00076,NSCLC,78,M,0,I,294.9,13.6,3.3,7.3,187.0,1,0,PD-1,PD,0,41.4,1
NSC00077,NSCLC,82,M,2,IV,318.2,14.7,3.7,9.8,361.0,1,1,Target,PD,0,11.3,1
NSC00078,NSCLC,38,M,1,II,135.0,11.6,4.2,9.0,284.0,1,0,PD-1,PD,0,25.9,1
NSC00079,NSCLC,35,F,1,IV,115.6,11.0,4.6,5.8,231.0,1,2,PD-1,PD,0,22.7,1
NSC00080,NSCLC,31,M,1,II,360.9,10.4,3.9,10.9,278.0,1,1,PD-1,CR,0,19.3,1
NSC00081,NSCLC,53,M,2,III,118.0,9.7,4.5,6.1,413.0,0,1,Chemo,SD,0,1.3,1
NSC00082,NSCLC,34,M,0,III,187.4,14.3,4.5,7.4,310.0,0,0,PD-1,CR,0,4.5,1
NSC00083,NSCLC,53,F,1,IV,173.7,11.2,3.4,7.8,194.0,0,0,PD-1,CR,0,2.6,1
NSC00084,NSCLC,33,F,0,II,100.0,12.6,4.6,8.0,249.0,1,1,PD-1,PR,1,15.1,1
NSC00085,NSCLC,60,M,0,III,203.4,8.3,4.1,8.6,261.0,1,2,Chemo,SD,0,5.7,1
NSC00086,NSCLC,72,M,0,II,191.8,14.0,3.4,5.5,303.0,0,2,Chemo,PD,0,39.8,1
NSC00087,NSCLC,34,M,1,IV,225.0,13.2,4.9,8.4,269.0,0,0,PD-1,PD,1,13.8,1
NSC00088,NSCLC,43,M,0,IV,199.3,9.3,3.9,8.2,402.0,1,1,PD-1,SD,3,4.1,1
NSC00089,NSCLC,80,M,0,III,652.9,12.5,3.0,7.0,232.0,1,0,PD-1,PD,0,11.3,1
NSC00090,NSCLC,55,M,0,III,363.9,12.0,3.6,6.6,112.0,0,3,Chemo,SD,0,16.6,1
NSC00091,NSCLC,41,M,0,IV,185.5,11.1,3.5,5.4,267.0,1,3,Chemo,PD,0,50.0,0
NSC00092,NSCLC,33,M,1,III,196.0,6.2,3.7,8.0,215.0,0,1,PD-1,SD,0,0.6,1
NSC00093,NSCLC,69,M,3,III,522.3,10.7,3.8,5.7,130.0,0,1,PD-1,PR,0,5.9,1
NSC00094,NSCLC,57,F,0,III,304.3,12.6,3.9,7.5,194.0,0,2,Target,PD,0,32.9,1
NSC00095,NSCLC,58,M,2,IV,100.0,10.9,3.9,6.8,221.0,0,1,Chemo,SD,0,4.6,1
NSC00096,NSCLC,69,M,1,II,320.3,11.6,4.0,4.3,341.0,0,1,PD-1,SD,4,60.0,0
NSC00097,NSCLC,48,M,1,IV,382.1,15.0,4.3,5.1,131.0,1,3,PD-1,PR,0,32.8,1
NSC00098,NSCLC,33,F,1,III,478.5,11.8,3.6,7.8,278.0,1,1,PD-1,SD,0,9.1,1
NSC00099,NSCLC,31,F,2,I,142.5,7.8,4.6,6.0,428.0,1,1,PD-1,PD,0,5.7,1
NSC00100,NSCLC,40,M,0,IV,136.4,11.6,3.4,5.9,236.0,0,2,PD-1,CR,1,9.4,1
NSC00101,NSCLC,43,M,1,III,103.0,12.2,4.3,5.5,234.0,0,1,PD-1,PD,0,0.9,1
NSC00102,NSCLC,63,M,1,II,218.1,10.3,4.8,5.5,308.0,0,1,PD-1,CR,0,26.1,1
NSC00103,NSCLC,30,M,1,IV,281.4,13.5,3.9,10.3,292.0,0,0,PD-1,PR,0,5.8,1
NSC00104,NSCLC,74,M,2,IV,133.2,9.1,4.1,4.8,363.0,0,0,PD-1,PR,1,6.1,1
NSC00105,NSCLC,75,F,0,IV,166.5,11.7,3.5,9.9,237.0,0,0,PD-1,PD,0,21.3,1
NSC00106,NSCLC,35,M,1,IV,100.0,9.1,3.7,6.3,306.0,0,1,Chemo,PR,0,0.9,1
NSC00107,NSCLC,36,F,1,IV,448.4,11.4,4.8,5.7,307.0,1,1,PD-1,SD,0,5.5,1
NSC00108,NSCLC,82,M,0,I,100.0,13.4,4.4,7.8,223.0,0,3,PD-1,PR,0,55.5,0
NSC00109,NSCLC,66,F,0,III,227.0,11.7,4.2,7.1,241.0,1,1,PD-1,PR,0,26.5,1
NSC00110,NSCLC,37,F,1,IV,209.1,11.6,3.0,6.6,249.0,0,2,Chemo,PD,0,11.1,1
NSC00111,NSCLC,36,M,2,III,186.3,12.1,3.6,7.4,151.0,1,0,Chemo,SD,0,4.1,1
NSC00112,NSCLC,45,M,1,IV,188.9,12.2,4.9,7.1,219.0,0,2,PD-1,PR,0,2.6,1
NSC00113,NSCLC,34,M,2,IV,100.0,13.4,4.2,6.6,370.0,0,1,Target,SD,0,24.7,1
NSC00114,NSCLC,44,M,1,III,148.9,13.4,4.3,8.9,333.0,0,1,PD-1,SD,0,21.3,1
NSC00115,NSCLC,74,M,0,IV,324.2,14.8,4.1,4.1,204.0,1,0,Target,PD,0,29.6,1
NSC00116,NSCLC,60,F,0,III,387.3,12.3,3.7,5.2,249.0,0,1,PD-1,CR,0,5.3,1
NSC00117,NSCLC,52,M,0,III,140.8,8.7,4.2,5.4,328.0,0,1,PD-1,PR,2,18.2,1
NSC00118,NSCLC,48,F,0,IV,100.0,13.7,3.2,4.9,285.0,1,1,PD-1,SD,0,10.6,1
NSC00119,NSCLC,29,M,0,III,113.6,14.7,3.2,7.2,314.0,0,3,PD-1,PR,1,3.0,1
NSC00120,NSCLC,61,F,1,II,550.9,16.9,3.6,8.0,293.0,0,2,PD-1,PD,0,22.9,1
NSC00121,NSCLC,84,M,1,III,117.7,14.9,4.1,3.1,267.0,0,3,Chemo,PD,0,27.0,1
NSC00122,NSCLC,36,F,0,IV,171.0,11.0,3.2,6.1,237.0,0,1,Chemo,PD,0,30.6,1
NSC00123,NSCLC,82,M,0,IV,423.9,12.4,4.1,6.4,154.0,0,3,PD-1,PR,0,2.5,1
NSC00124,NSCLC,59,M,0,IV,132.1,11.5,3.5,6.4,305.0,0,2,PD-1,SD,1,1.6,1
NSC00125,NSCLC,64,F,1,IV,164.1,11.2,3.6,4.4,232.0,0,0,PD-1,PD,0,16.7,1
NSC00126,NSCLC,78,M,0,II,292.0,11.8,4.6,6.4,118.0,0,1,PD-1,SD,0,9.1,1
NSC00127,NSCLC,26,F,0,IV,506.3,14.6,4.0,5.2,206.0,1,0,PD-1,PD,0,34.0,1
NSC00128,NSCLC,74,F,2,IV,123.1,8.8,3.5,6.3,318.0,0,0,PD-1,PD,1,8.3,1
NSC00129,NSCLC,65,M,2,II,417.9,10.0,4.1,3.6,100.0,0,0,Chemo,PD,0,20.7,1
NSC00130,NSCLC,69,M,0,II,153.1,14.4,3.3,6.3,168.0,0,0,PD-1,PR,0,35.5,1
NSC00131,NSCLC,63,F,1,IV,106.5,14.9,4.2,5.6,261.0,0,1,PD-1,PD,0,17.5,1
NSC00132,NSCLC,66,M,0,IV,210.6,10.7,4.6,6.5,362.0,0,1,PD-1,PR,2,16.4,1
NSC00133,NSCLC,33,F,2,IV,100.0,15.3,4.3,7.6,330.0,0,0,PD-1,PD,0,6.5,1
NSC00134,NSCLC,46,F,1,IV,240.6,14.0,5.1,6.9,370.0,0,2,PD-1,PD,0,1.0,1
NSC00135,NSCLC,71,M,0,III,1199.7,11.5,3.0,8.6,267.0,1,2,Chemo,PD,0,19.3,1
NSC00136,NSCLC,29,M,1,IV,351.9,7.1,4.1,6.3,233.0,0,3,PD-1,SD,0,23.4,1
NSC00137,NSCLC,36,F,0,III,170.2,8.7,3.3,8.2,317.0,0,1,PD-1,PR,4,14.6,1
NSC00138,NSCLC,25,M,0,I,340.8,10.7,3.9,9.2,178.0,0,1,Chemo,PR,0,2.3,1
NSC00139,NSCLC,68,M,0,IV,103.7,13.5,4.0,7.5,172.0,0,0,PD-1,PD,0,8.7,1
NSC00140,NSCLC,46,M,1,III,114.6,13.5,5.1,7.0,158.0,1,0,Chemo,PD,0,12.6,1
NSC00141,NSCLC,62,M,0,IV,173.1,11.1,4.0,7.8,337.0,0,0,PD-1,SD,0,6.5,1
NSC00142,NSCLC,75,M,0,III,191.1,11.5,4.0,7.6,183.0,0,1,PD-1,PR,0,18.4,1
NSC00143,NSCLC,43,M,0,III,100.0,11.9,4.5,9.0,330.0,0,3,Chemo,PD,0,30.1,1
NSC00144,NSCLC,40,F,0,II,150.8,11.6,4.0,8.6,262.0,0,0,Chemo,PD,0,9.1,1
NSC00145,NSCLC,55,M,2,II,166.2,12.3,4.9,8.6,338.0,0,0,PD-1,SD,1,30.7,1
NSC00146,NSCLC,75,M,0,II,457.2,11.9,4.3,7.1,162.0,0,0,PD-1,SD,1,7.5,1
NSC00147,NSCLC,27,F,0,II,100.0,8.7,4.4,7.7,200.0,0,1,Chemo,PD,0,28.2,1
NSC00148,NSCLC,47,F,1,IV,100.0,11.6,3.1,7.6,286.0,0,0,PD-1,PD,0,3.2,1
NSC00149,NSCLC,66,F,2,II,201.4,12.0,5.0,4.6,216.0,0,1,PD-1,PD,0,44.2,1
NSC00150,NSCLC,83,M,2,II,361.6,14.0,3.7,9.1,100.0,0,0,Chemo,PR,0,21.6,1
NSC00151,NSCLC,42,F,1,III,252.4,10.3,4.0,3.7,140.0,0,1,PD-1,SD,1,27.6,1
NSC00152,NSCLC,50,M,0,IV,217.4,12.4,3.7,8.4,161.0,0,0,Chemo,PD,0,13.7,1
NSC00153,NSCLC,37,M,1,II,152.4,13.1,3.5,7.5,167.0,1,1,Chemo,PD,0,10.3,1
NSC00154,NSCLC,82,M,1,IV,272.0,11.7,3.4,6.4,305.0,0,0,PD-1,PD,0,13.3,1
NSC00155,NSCLC,42,M,0,IV,297.7,8.5,4.1,7.8,277.0,1,2,Chemo,PD,0,21.7,1
NSC00156,NSCLC,27,F,2,II,155.3,14.0,3.0,7.8,263.0,0,1,PD-1,SD,2,37.6,1
NSC00157,NSCLC,82,M,0,II,102.6,13.5,3.9,4.4,411.0,1,1,PD-1,PD,0,17.8,1
NSC00158,NSCLC,84,F,3,IV,103.0,12.5,4.5,9.8,344.0,0,1,PD-1,SD,0,11.2,1
NSC00159,NSCLC,47,F,2,IV,307.1,12.1,4.3,7.1,314.0,0,0,Chemo,SD,0,5.7,1
NSC00160,NSCLC,27,F,1,IV,100.0,8.4,4.2,11.6,130.0,1,0,Chemo,SD,0,13.9,1
NSC00161,NSCLC,79,M,2,I,495.8,13.5,3.6,8.6,255.0,1,1,PD-1,PD,0,10.5,1
NSC00162,NSCLC,49,F,1,III,137.9,15.0,3.2,7.1,274.0,0,1,PD-1,PD,0,6.5,1
NSC00163,NSCLC,51,M,0,III,218.3,9.8,4.5,5.6,217.0,0,1,Target,SD,0,7.0,1
NSC00164,NSCLC,82,M,1,II,276.2,14.7,3.8,6.8,387.0,0,1,PD-1,CR,0,39.4,1
NSC00165,NSCLC,68,F,0,III,120.3,14.3,4.0,7.3,254.0,1,2,PD-1,PD,0,2.8,1
NSC00166,NSCLC,51,M,0,IV,137.6,9.7,3.9,9.9,152.0,0,2,PD-1,SD,0,9.8,1
NSC00167,NSCLC,76,M,1,III,196.2,11.2,4.3,9.5,170.0,0,0,Target,PD,0,13.4,1
NSC00168,NSCLC,63,F,0,IV,108.6,9.2,4.9,7.9,433.0,1,1,Chemo,SD,0,3.7,1
NSC00169,NSCLC,49,M,0,IV,100.0,11.9,4.7,10.5,216.0,1,0,Chemo,PR,0,2.3,1
NSC00170,NSCLC,48,F,1,III,100.8,12.9,2.8,3.0,100.0,0,1,PD-1,SD,0,15.2,1
NSC00171,NSCLC,32,M,2,IV,374.5,9.4,3.8,7.9,202.0,0,0,Chemo,PR,0,4.0,1
NSC00172,NSCLC,33,M,0,II,230.2,12.8,3.3,9.5,104.0,1,0,PD-1,PR,0,30.6,1
NSC00173,NSCLC,70,M,0,IV,112.6,13.3,4.5,8.1,323.0,0,2,Chemo,PR,0,22.0,1
NSC00174,NSCLC,61,M,0,II,306.0,13.3,4.0,4.3,100.0,1,1,PD-1,PR,0,23.6,1
NSC00175,NSCLC,54,M,1,I,116.4,12.9,4.3,9.8,138.0,0,0,PD-1,CR,1,32.3,1
NSC00176,NSCLC,77,F,0,IV,100.0,9.5,3.8,8.5,250.0,0,0,PD-1,PD,0,36.3,1
NSC00177,NSCLC,43,M,1,III,275.4,11.8,3.5,7.7,339.0,0,1,PD-1,PR,0,6.8,1
NSC00178,NSCLC,77,F,0,IV,486.7,12.7,3.6,7.2,244.0,0,3,Chemo,SD,0,32.3,1
NSC00179,NSCLC,40,M,0,III,253.4,14.9,3.2,11.0,149.0,1,1,Target,PD,0,8.4,1
NSC00180,NSCLC,48,M,2,II,100.0,12.0,3.4,7.9,265.0,0,3,PD-1,SD,0,60.0,0
NSC00181,NSCLC,68,F,0,III,178.7,12.9,3.3,6.5,213.0,0,0,Chemo,PD,0,6.8,1
NSC00182,NSCLC,45,F,1,III,153.7,10.1,3.5,5.4,341.0,0,1,PD-1,SD,0,5.3,1
NSC00183,NSCLC,60,M,0,III,227.4,9.7,3.5,8.5,318.0,0,2,Chemo,PD,0,60.0,0
NSC00184,NSCLC,64,F,1,IV,109.0,9.4,4.2,9.0,207.0,0,1,Chemo,PD,0,11.1,1
NSC00185,NSCLC,63,F,1,IV,148.4,11.2,4.2,7.1,312.0,0,0,Chemo,PD,0,7.0,1
NSC00186,NSCLC,71,M,0,IV,100.0,16.1,4.2,5.9,272.0,0,1,PD-1,PD,0,38.0,1
NSC00187,NSCLC,30,F,0,IV,207.1,11.2,4.6,9.7,359.0,1,1,PD-1,SD,3,5.3,1
NSC00188,NSCLC,29,M,0,II,100.0,12.7,4.0,5.2,309.0,1,1,Chemo,SD,0,5.5,1
NSC00189,NSCLC,38,F,1,IV,235.7,13.1,3.6,10.9,294.0,0,2,PD-1,PD,1,29.0,1
NSC00190,NSCLC,77,F,2,III,115.5,9.8,5.1,5.5,356.0,0,2,Chemo,SD,0,0.1,1
NSC00191,NSCLC,69,F,1,IV,100.0,11.1,4.5,4.4,251.0,0,1,Target,PD,0,1.7,1
NSC00192,NSCLC,66,M,1,III,291.9,13.2,4.1,4.7,188.0,0,0,PD-1,CR,0,23.7,1
NSC00193,NSCLC,74,M,0,IV,243.8,12.9,4.0,4.8,266.0,1,1,Chemo,SD,0,8.8,1
NSC00194,NSCLC,28,F,0,IV,408.2,8.0,4.1,6.5,222.0,0,2,Chemo,PD,0,15.9,1
NSC00195,NSCLC,32,M,0,IV,100.0,13.2,3.9,6.1,298.0,0,3,PD-1,PR,1,4.6,1
NSC00196,NSCLC,48,M,0,IV,122.4,10.9,4.1,9.0,255.0,0,0,PD-1,PD,0,7.7,1
NSC00197,NSCLC,35,F,0,IV,196.2,11.0,4.2,8.8,282.0,0,1,Chemo,PD,0,4.8,1
NSC00198,NSCLC,41,M,1,IV,255.4,12.8,3.6,6.6,154.0,0,0,PD-1,PD,0,8.6,1
NSC00199,NSCLC,74,M,1,III,100.0,15.0,3.2,13.2,291.0,0,0,PD-1,SD,0,41.6,1
NSC00200,NSCLC,45,M,2,II,234.8,11.6,3.0,6.5,147.0,0,1,Chemo,PD,0,60.0,0
NSC00201,NSCLC,81,M,0,III,128.6,14.4,4.4,6.8,327.0,1,1,PD-1,PD,0,4.7,1
NSC00202,NSCLC,50,F,1,I,100.0,9.1,3.2,4.4,327.0,1,0,Chemo,PD,0,17.4,1
NSC00203,NSCLC,67,F,2,III,115.5,12.3,4.2,6.8,278.0,1,2,PD-1,SD,0,0.6,1
NSC00204,NSCLC,72,M,1,III,246.8,10.9,3.4,7.6,275.0,1,2,PD-1,PD,0,1.9,1
NSC00205,NSCLC,68,F,0,III,100.0,12.6,3.4,4.6,232.0,0,3,Target,PD,0,44.1,1
NSC00206,NSCLC,69,F,0,IV,265.7,11.4,3.6,6.0,202.0,1,0,PD-1,PD,0,12.7,1
NSC00207,NSCLC,51,F,0,IV,214.9,9.3,4.1,7.7,249.0,0,1,Chemo,PR,0,48.8,0
NSC00208,NSCLC,40,M,0,II,155.7,10.2,3.4,6.0,409.0,0,1,Chemo,PR,0,17.3,1
NSC00209,NSCLC,79,F,1,III,100.0,8.7,3.7,5.5,268.0,1,0,Chemo,SD,0,59.1,0
NSC00210,NSCLC,50,M,0,III,100.0,9.4,4.0,8.6,142.0,0,1,PD-1,SD,1,18.3,1
NSC00211,NSCLC,77,F,0,III,142.7,13.0,3.4,4.4,113.0,1,2,PD-1,PD,0,4.5,1
NSC00212,NSCLC,57,F,1,IV,100.0,11.5,4.7,4.8,135.0,0,0,Chemo,PR,0,14.1,1
NSC00213,NSCLC,55,M,2,III,148.4,12.5,3.1,7.4,220.0,1,3,PD-1,PD,0,12.7,1
NSC00214,NSCLC,72,F,1,III,312.2,15.6,3.9,8.7,351.0,0,2,PD-1,PR,0,31.6,1
NSC00215,NSCLC,71,M,1,IV,153.9,11.4,4.6,7.6,168.0,0,2,PD-1,SD,1,20.8,1
NSC00216,NSCLC,30,F,0,IV,151.4,13.3,3.3,6.6,364.0,0,2,PD-1,PR,2,6.5,1
NSC00217,NSCLC,68,M,0,II,151.4,12.1,3.9,6.4,264.0,1,0,Chemo,PD,0,30.7,1
NSC00218,NSCLC,32,F,0,IV,333.0,17.5,4.1,9.0,289.0,0,2,Chemo,PR,0,40.0,1
NSC00219,NSCLC,31,M,1,III,393.9,6.0,3.6,8.7,286.0,0,0,Target,PR,0,11.8,1
NSC00220,NSCLC,58,M,2,II,233.5,10.6,4.0,7.1,297.0,0,2,PD-1,PD,0,1.2,1
NSC00221,NSCLC,68,M,0,I,196.8,13.3,4.3,6.4,217.0,0,0,Chemo,PR,0,60.0,0
NSC00222,NSCLC,77,M,1,III,208.0,10.5,3.8,7.1,100.0,0,0,PD-1,PR,1,12.0,1
NSC00223,NSCLC,38,M,0,III,427.0,13.1,4.4,5.5,203.0,0,1,PD-1,PD,1,15.8,1
NSC00224,NSCLC,40,F,1,II,241.2,11.9,4.2,6.7,179.0,1,0,PD-1,CR,0,9.8,1
NSC00225,NSCLC,67,M,0,IV,451.9,13.7,3.7,6.0,275.0,0,1,Target,SD,0,2.0,1
NSC00226,NSCLC,76,M,0,IV,141.0,9.7,4.6,6.8,268.0,0,1,Chemo,CR,0,2.7,1
NSC00227,NSCLC,33,M,2,II,100.0,12.3,3.6,6.1,228.0,0,2,Target,SD,0,12.1,1
NSC00228,NSCLC,34,F,1,I,121.3,12.9,4.4,8.0,390.0,0,1,Chemo,PD,0,12.2,1
NSC00229,NSCLC,41,F,1,IV,129.3,12.3,3.6,8.6,199.0,0,0,Chemo,PR,0,1.1,1
NSC00230,NSCLC,36,F,0,I,474.7,12.3,3.8,6.2,100.0,1,0,PD-1,PD,0,28.1,1
NSC00231,NSCLC,30,F,0,IV,282.0,14.4,3.9,5.4,260.0,0,1,Chemo,PD,0,37.7,1
NSC00232,NSCLC,43,M,0,IV,123.7,8.6,4.2,8.4,345.0,0,1,PD-1,CR,0,12.2,1
NSC00233,NSCLC,67,M,2,III,294.4,12.2,2.8,7.4,273.0,0,1,PD-1,PD,0,16.6,1
NSC00234,NSCLC,65,M,3,II,167.7,9.6,4.2,6.3,221.0,0,0,PD-1,PR,0,3.8,1
NSC00235,NSCLC,77,F,1,I,483.3,13.5,3.9,9.8,269.0,0,0,PD-1,CR,4,14.8,1
NSC00236,NSCLC,53,F,0,II,148.4,10.3,4.1,5.9,397.0,0,0,PD-1,CR,0,13.3,1
NSC00237,NSCLC,30,M,2,II,100.0,7.1,4.3,3.0,180.0,1,0,PD-1,SD,0,7.6,1
NSC00238,NSCLC,83,M,1,IV,162.1,13.6,4.2,5.6,252.0,0,0,PD-1,SD,0,31.5,1
NSC00239,NSCLC,49,M,1,II,148.4,11.5,3.0,10.2,304.0,0,2,Target,SD,0,12.2,1
NSC00240,NSCLC,81,M,0,III,100.0,12.7,3.5,6.4,270.0,0,0,Chemo,PD,0,11.6,1
NSC00241,NSCLC,48,F,1,III,257.6,14.9,4.2,6.0,230.0,0,1,PD-1,SD,0,5.9,1
NSC00242,NSCLC,49,M,1,II,426.2,12.7,4.1,7.1,216.0,1,1,PD-1,PR,0,3.8,1
NSC00243,NSCLC,40,F,2,I,100.0,12.3,3.6,9.0,227.0,0,0,PD-1,PD,0,21.5,1
NSC00244,NSCLC,76,M,2,I,324.9,11.9,4.4,6.8,293.0,1,1,PD-1,PD,0,29.5,1
NSC00245,NSCLC,40,F,0,I,126.0,9.7,3.9,8.2,288.0,0,1,PD-1,CR,4,6.4,1
NSC00246,NSCLC,30,F,1,IV,178.6,11.6,4.4,6.6,418.0,0,1,Target,SD,0,21.1,1
NSC00247,NSCLC,61,F,2,III,167.7,15.9,4.6,8.2,127.0,0,2,PD-1,SD,0,30.4,1
NSC00248,NSCLC,45,F,0,IV,178.6,11.2,4.1,7.4,391.0,0,0,PD-1,SD,1,17.0,1
NSC00249,NSCLC,28,F,0,III,240.8,11.7,4.3,6.2,234.0,0,2,PD-1,SD,0,7.5,1
NSC00250,NSCLC,58,F,0,III,100.0,14.5,3.7,7.5,243.0,0,1,PD-1,PR,0,20.3,1
NSC00251,NSCLC,52,F,1,III,393.9,8.9,4.4,5.9,319.0,0,1,PD-1,SD,0,42.6,1
NSC00252,NSCLC,62,F,0,IV,245.2,13.2,4.1,4.2,318.0,0,2,PD-1,SD,0,0.8,1
NSC00253,NSCLC,65,F,1,II,299.3,8.8,3.9,7.0,343.0,0,2,Target,PD,0,54.0,0
NSC00254,NSCLC,52,F,0,II,113.5,12.8,3.4,4.4,360.0,0,1,PD-1,CR,0,8.6,1
NSC00255,NSCLC,41,F,2,III,100.0,12.0,3.8,8.2,247.0,1,2,PD-1,SD,0,12.7,1
NSC00256,NSCLC,38,F,0,III,368.6,13.2,3.4,6.9,361.0,0,1,PD-1,PR,0,8.9,1
NSC00257,NSCLC,31,M,0,III,100.0,10.0,4.4,9.8,200.0,1,1,PD-1,SD,0,1.0,1
NSC00258,NSCLC,46,M,1,IV,198.3,10.9,4.6,6.3,226.0,0,0,PD-1,PD,0,6.6,1
NSC00259,NSCLC,75,M,1,III,334.1,13.3,4.5,7.0,235.0,0,0,PD-1,SD,0,13.3,1
NSC00260,NSCLC,25,M,0,IV,168.0,11.0,5.2,4.1,208.0,0,2,PD-1,CR,0,2.1,1
NSC00261,NSCLC,53,F,0,III,365.8,13.5,3.8,4.8,255.0,0,0,PD-1,SD,1,3.4,1
NSC00262,NSCLC,76,M,0,IV,154.0,12.4,4.3,3.6,322.0,0,0,PD-1,PD,1,59.5,0
NSC00263,NSCLC,55,F,1,IV,100.0,11.1,3.4,9.2,302.0,0,2,PD-1,PD,1,9.3,1
NSC00264,NSCLC,54,M,2,III,226.9,11.4,3.9,6.1,201.0,0,0,PD-1,SD,0,7.4,1
NSC00265,NSCLC,81,M,1,IV,204.2,12.0,3.3,9.7,194.0,0,0,PD-1,PR,0,36.4,1
NSC00266,NSCLC,39,F,1,IV,909.4,11.6,4.3,3.0,182.0,1,1,PD-1,SD,1,4.2,1
NSC00267,NSCLC,42,F,1,III,102.8,13.5,3.8,10.1,257.0,0,1,PD-1,SD,0,2.6,1
NSC00268,NSCLC,59,M,0,III,155.8,11.3,3.0,6.9,124.0,0,2,PD-1,PD,0,20.9,1
NSC00269,NSCLC,74,F,3,IV,116.9,10.9,3.7,7.7,179.0,0,1,PD-1,SD,0,51.1,0
NSC00270,NSCLC,54,F,2,III,166.4,13.8,4.9,4.9,213.0,1,1,PD-1,SD,0,43.4,1
NSC00271,NSCLC,58,M,0,I,162.4,11.2,4.2,8.1,334.0,0,1,PD-1,SD,0,9.3,1
NSC00272,NSCLC,66,M,0,IV,107.4,10.9,4.4,6.3,239.0,0,1,PD-1,PR,0,4.7,1
NSC00273,NSCLC,35,F,0,I,240.1,7.0,4.1,4.6,330.0,1,1,Target,PD,0,27.2,1
NSC00274,NSCLC,51,M,0,IV,159.4,9.9,3.9,4.6,265.0,1,2,Chemo,SD,0,1.0,1
NSC00275,NSCLC,48,M,1,IV,406.4,10.3,4.0,4.5,212.0,0,1,Chemo,PD,0,0.3,1
NSC00276,NSCLC,59,M,1,IV,122.8,10.9,4.1,7.8,215.0,0,0,Chemo,SD,0,11.3,1
NSC00277,NSCLC,63,F,2,I,553.8,10.6,3.5,5.7,157.0,1,0,Target,PR,0,60.0,0
NSC00278,NSCLC,32,F,1,III,213.9,14.0,4.4,3.7,442.0,1,1,Chemo,PD,0,23.4,1
NSC00279,NSCLC,75,F,1,III,388.7,10.4,4.6,7.7,339.0,0,0,PD-1,CR,0,17.6,1
NSC00280,NSCLC,42,M,1,III,194.3,10.6,3.9,3.0,298.0,0,1,PD-1,PR,0,46.7,1
NSC00281,NSCLC,37,F,0,I,113.5,12.3,3.7,9.7,146.0,0,2,PD-1,PR,2,25.7,1
NSC00282,NSCLC,69,M,0,III,154.8,9.8,3.6,11.0,214.0,0,1,PD-1,PD,0,0.7,1
NSC00283,NSCLC,48,M,1,III,100.0,15.1,4.9,4.4,172.0,0,0,Target,SD,0,13.8,1
NSC00284,NSCLC,75,M,0,II,169.5,13.6,3.8,9.1,260.0,0,2,PD-1,CR,0,13.3,1
NSC00285,NSCLC,47,M,0,IV,201.0,9.7,4.3,7.7,176.0,1,0,Chemo,PD,0,1.3,1
NSC00286,NSCLC,36,F,2,IV,186.3,14.0,3.9,6.0,196.0,1,1,PD-1,SD,0,1.1,1
NSC00287,NSCLC,73,F,1,IV,402.7,14.4,3.9,6.1,178.0,0,1,PD-1,PD,0,9.6,1
NSC00288,NSCLC,54,M,0,IV,165.8,9.7,3.6,8.3,231.0,0,0,PD-1,SD,0,10.3,1
NSC00289,NSCLC,55,F,1,III,100.0,9.7,3.5,6.9,256.0,0,3,PD-1,SD,0,16.2,1
NSC00290,NSCLC,52,F,2,IV,1520.0,10.8,4.4,3.0,233.0,0,0,PD-1,PR,0,4.2,1
NSC00291,NSCLC,46,F,0,IV,119.8,9.2,3.5,11.1,373.0,0,3,Chemo,PD,0,14.9,1
NSC00292,NSCLC,68,M,0,II,324.2,10.4,4.2,7.9,315.0,0,0,Chemo,PD,0,0.5,1
NSC00293,NSCLC,52,F,2,II,100.0,11.2,4.0,6.9,187.0,0,0,Chemo,PD,0,60.0,0
NSC00294,NSCLC,37,M,0,III,210.0,13.0,4.4,5.6,276.0,0,0,PD-1,CR,0,26.6,1
NSC00295,NSCLC,49,F,0,III,112.5,12.2,3.7,6.6,194.0,1,0,Chemo,SD,0,17.5,1
NSC00296,NSCLC,68,M,1,III,100.0,11.7,4.5,9.5,218.0,0,1,PD-1,SD,1,22.9,1
NSC00297,NSCLC,75,F,2,III,153.0,11.0,3.9,7.5,288.0,0,1,PD-1,CR,0,5.4,1
NSC00298,NSCLC,70,M,0,IV,175.9,9.4,5.3,7.8,303.0,1,2,Chemo,SD,0,11.1,1
NSC00299,NSCLC,31,M,0,III,159.0,13.2,3.2,4.5,203.0,0,0,PD-1,PD,0,6.2,1
NSC00300,NSCLC,69,F,0,II,209.7,13.1,5.2,6.3,162.0,0,1,PD-1,SD,0,45.9,1
NSC00301,NSCLC,30,F,3,IV,154.2,10.8,3.9,7.1,257.0,0,1,PD-1,PD,2,9.8,1
NSC00302,NSCLC,48,F,0,III,189.0,9.8,4.1,8.4,285.0,1,1,Chemo,PR,0,16.8,1
NSC00303,NSCLC,43,F,1,IV,200.8,15.1,3.7,6.2,199.0,0,1,PD-1,SD,0,0.8,1
NSC00304,NSCLC,43,M,2,II,177.5,12.5,3.2,8.9,315.0,0,1,PD-1,SD,1,11.9,1
NSC00305,NSCLC,60,M,0,IV,163.6,12.8,3.7,4.7,301.0,0,0,PD-1,SD,0,45.4,1
NSC00306,NSCLC,75,M,3,I,106.0,12.9,3.8,7.1,198.0,0,2,Chemo,PD,0,60.0,0
NSC00307,NSCLC,33,M,2,II,259.0,9.6,4.1,6.8,340.0,0,1,Chemo,PR,0,60.0,0
NSC00308,NSCLC,72,F,2,I,153.0,15.0,4.6,4.0,343.0,0,1,PD-1,PD,0,17.6,1
NSC00309,NSCLC,83,F,0,IV,145.7,11.2,4.1,6.9,415.0,1,0,PD-1,SD,0,0.1,1
NSC00310,NSCLC,60,F,1,IV,246.5,13.6,4.1,5.8,387.0,1,0,PD-1,PR,0,20.2,1
NSC00311,NSCLC,62,F,2,III,205.9,14.9,4.2,9.8,178.0,0,0,PD-1,PD,0,7.1,1
NSC00312,NSCLC,64,F,3,IV,119.2,12.2,3.1,6.2,324.0,0,0,Chemo,SD,0,38.1,1
NSC00313,NSCLC,83,M,0,III,383.9,9.6,3.2,7.7,320.0,0,0,PD-1,PD,0,6.2,1
NSC00314,NSCLC,53,M,2,IV,100.0,7.0,3.3,4.5,222.0,1,2,PD-1,SD,0,4.7,1
NSC00315,NSCLC,48,F,0,IV,100.0,11.9,3.8,7.5,286.0,0,1,Chemo,PD,0,8.5,1
NSC00316,NSCLC,72,M,0,II,270.7,12.5,3.1,6.2,100.0,0,1,PD-1,SD,0,19.6,1
NSC00317,NSCLC,29,M,1,III,518.4,10.8,3.7,5.4,100.0,1,0,Chemo,PR,0,23.3,1
NSC00318,NSCLC,77,M,2,IV,128.2,12.3,3.3,12.7,113.0,1,3,Chemo,PD,0,5.3,1
NSC00319,NSCLC,78,F,1,IV,232.2,12.9,4.2,6.3,281.0,0,0,Chemo,PR,0,50.9,0
NSC00320,NSCLC,66,M,1,IV,100.0,14.0,4.2,6.6,285.0,1,2,PD-1,SD,0,39.6,1
NSC00321,NSCLC,79,F,3,IV,103.8,11.5,3.8,8.8,228.0,1,3,PD-1,PR,1,19.7,1
NSC00322,NSCLC,69,F,0,II,357.6,11.9,3.1,5.5,388.0,0,1,Target,CR,0,60.0,0
NSC00323,NSCLC,50,M,1,IV,225.8,11.6,3.9,7.8,329.0,0,3,PD-1,PR,1,1.4,1
NSC00324,NSCLC,38,F,0,III,364.3,12.1,4.2,8.0,122.0,1,1,PD-1,SD,0,50.9,0
NSC00325,NSCLC,63,F,0,IV,347.9,11.0,4.4,7.5,236.0,0,0,PD-1,SD,3,16.1,1
NSC00326,NSCLC,53,F,1,III,100.0,11.0,4.9,11.6,175.0,0,0,PD-1,SD,0,5.8,1
NSC00327,NSCLC,76,F,2,III,100.0,11.1,4.6,5.4,283.0,0,0,Target,SD,0,0.9,1
NSC00328,NSCLC,30,M,1,III,213.7,12.3,4.1,10.1,248.0,1,0,PD-1,SD,0,4.1,1
NSC00329,NSCLC,31,F,2,III,100.0,10.3,3.9,7.9,179.0,1,1,PD-1,SD,0,0.9,1
NSC00330,NSCLC,61,M,0,I,100.0,11.1,3.6,8.8,386.0,0,0,Chemo,SD,0,0.5,1
NSC00331,NSCLC,77,F,0,IV,426.7,15.6,4.7,7.7,255.0,1,2,Target,PD,0,15.8,1
NSC00332,NSCLC,42,F,1,IV,131.0,13.8,4.1,10.8,217.0,1,0,PD-1,SD,0,4.1,1
NSC00333,NSCLC,47,F,0,II,277.6,10.1,4.3,6.4,230.0,1,1,PD-1,SD,0,34.9,1
NSC00334,NSCLC,68,M,0,IV,178.2,13.7,3.7,8.0,379.0,0,3,PD-1,PR,0,1.6,1
NSC00335,NSCLC,62,M,1,IV,120.5,13.3,3.4,9.6,323.0,0,0,PD-1,CR,0,2.4,1
NSC00336,NSCLC,83,M,0,III,100.0,11.8,3.8,5.9,237.0,0,1,Chemo,PD,0,30.5,1
NSC00337,NSCLC,25,M,0,II,208.5,10.6,3.8,9.0,171.0,0,2,PD-1,PD,0,5.0,1
NSC00338,NSCLC,28,M,1,IV,433.9,10.4,4.1,7.0,183.0,0,0,PD-1,PR,1,43.2,1
NSC00339,NSCLC,75,M,1,IV,122.6,12.4,3.6,4.5,211.0,1,1,PD-1,SD,1,21.7,1
NSC00340,NSCLC,68,M,2,III,188.9,10.3,4.0,4.1,291.0,0,0,PD-1,SD,0,14.3,1
NSC00341,NSCLC,71,F,1,IV,100.0,14.2,4.6,6.8,311.0,1,2,PD-1,SD,0,0.8,1
NSC00342,NSCLC,59,M,1,I,121.1,14.8,3.2,9.0,192.0,0,1,PD-1,PD,0,24.8,1
NSC00343,NSCLC,47,F,2,III,222.4,11.9,2.9,3.0,314.0,0,1,Chemo,PR,0,33.5,1
NSC00344,NSCLC,51,F,2,II,283.2,14.3,4.6,7.4,177.0,0,2,PD-1,SD,0,8.2,1
NSC00345,NSCLC,84,M,0,II,253.0,11.2,3.3,8.8,201.0,0,0,Target,PR,0,12.4,1
NSC00346,NSCLC,50,F,0,IV,100.0,10.6,3.8,4.4,134.0,0,2,PD-1,SD,0,3.1,1
NSC00347,NSCLC,76,M,1,IV,137.8,14.2,4.3,5.7,132.0,1,2,PD-1,CR,0,7.0,1
NSC00348,NSCLC,84,F,1,III,101.5,15.2,4.0,8.1,176.0,0,2,PD-1,PD,0,5.1,1
NSC00349,NSCLC,32,M,2,II,150.6,15.9,4.0,8.7,248.0,0,2,PD-1,SD,0,14.6,1
NSC00350,NSCLC,67,M,1,IV,169.6,12.7,4.0,10.2,170.0,0,1,PD-1,PD,2,19.1,1
NSC00351,NSCLC,40,F,1,IV,343.7,13.7,5.3,5.8,370.0,0,3,PD-1,CR,1,5.4,1
NSC00352,NSCLC,65,M,3,IV,216.4,12.6,4.9,5.4,175.0,0,0,Chemo,SD,0,36.1,1
NSC00353,NSCLC,27,F,1,IV,424.4,14.8,3.7,10.3,265.0,0,1,Chemo,SD,0,16.4,1
NSC00354,NSCLC,56,M,0,III,119.1,12.9,4.5,5.5,356.0,0,0,PD-1,SD,0,5.7,1
NSC00355,NSCLC,29,M,2,IV,100.0,13.6,4.3,8.0,257.0,1,3,PD-1,PD,0,44.7,1
NSC00356,NSCLC,44,M,0,II,434.0,9.7,4.0,11.4,221.0,0,1,Chemo,SD,0,60.0,0
NSC00357,NSCLC,38,M,2,III,235.1,11.5,3.5,8.5,262.0,1,2,PD-1,PR,2,10.2,1
NSC00358,NSCLC,84,M,3,III,116.1,13.6,4.2,8.6,205.0,0,0,Target,PR,0,41.0,1
NSC00359,NSCLC,56,M,1,III,235.7,13.4,3.8,9.6,170.0,1,2,Chemo,PR,0,32.5,1
NSC00360,NSCLC,50,M,1,IV,299.2,13.8,3.8,8.0,299.0,0,2,PD-1,PD,0,9.9,1
NSC00361,NSCLC,71,F,1,IV,194.7,12.2,3.6,8.6,203.0,0,1,PD-1,SD,0,7.2,1
NSC00362,NSCLC,30,M,0,II,117.0,10.7,4.5,6.3,325.0,0,0,PD-1,PD,0,13.3,1
NSC00363,NSCLC,83,F,0,II,139.1,11.9,3.6,9.3,314.0,1,1,Chemo,PD,0,3.8,1
NSC00364,NSCLC,82,M,1,III,215.8,12.1,3.6,7.8,263.0,0,0,PD-1,PR,0,1.7,1
NSC00365,NSCLC,60,F,2,II,204.2,12.5,4.4,4.0,328.0,0,1,Chemo,PR,0,52.8,0
NSC00366,NSCLC,64,M,1,IV,375.2,10.1,3.9,7.5,206.0,0,0,PD-1,PD,1,17.5,1
NSC00367,NSCLC,75,M,0,IV,153.6,11.5,3.9,3.0,313.0,0,0,PD-1,PD,0,27.4,1
NSC00368,NSCLC,83,M,1,IV,101.7,11.8,4.5,8.4,312.0,0,0,PD-1,SD,0,0.5,1
NSC00369,NSCLC,29,M,2,IV,850.8,7.5,4.7,6.5,226.0,0,0,PD-1,CR,0,12.3,1
NSC00370,NSCLC,37,F,1,IV,201.3,13.7,2.9,10.8,216.0,0,0,PD-1,CR,0,44.0,1
NSC00371,NSCLC,56,M,1,III,299.0,12.3,3.9,8.0,276.0,0,3,PD-1,PR,0,47.7,1
NSC00372,NSCLC,40,F,2,II,247.9,12.5,3.3,8.8,407.0,0,1,PD-1,CR,0,14.3,1
NSC00373,NSCLC,25,M,1,III,202.7,11.0,3.8,4.9,231.0,0,0,PD-1,PR,0,6.6,1
NSC00374,NSCLC,37,M,1,III,158.1,13.2,4.0,8.4,214.0,0,1,PD-1,SD,0,6.9,1
NSC00375,NSCLC,78,F,2,IV,100.0,10.3,3.8,5.7,344.0,1,1,Chemo,PR,0,3.7,1
NSC00376,NSCLC,35,M,0,II,100.0,10.7,3.5,9.2,255.0,0,3,PD-1,CR,0,49.4,0
NSC00377,NSCLC,77,F,3,III,220.8,13.3,3.5,4.8,319.0,1,0,PD-1,PD,0,28.9,1
NSC00378,NSCLC,32,M,0,III,100.0,12.7,4.4,7.2,368.0,0,0,Chemo,PD,0,30.0,1
NSC00379,NSCLC,49,F,0,IV,189.2,9.4,4.8,4.7,100.0,1,3,Chemo,PD,0,4.5,1
NSC00380,NSCLC,64,M,2,III,269.5,15.2,3.0,7.3,247.0,0,0,PD-1,PR,0,8.0,1
NSC00381,NSCLC,56,F,0,IV,298.9,10.5,3.8,11.0,232.0,0,0,PD-1,SD,0,24.6,1
NSC00382,NSCLC,48,F,1,IV,259.5,11.7,4.4,8.4,173.0,0,0,Chemo,SD,0,5.9,1
NSC00383,NSCLC,52,M,2,II,322.2,15.5,4.0,6.9,100.0,1,0,Chemo,PD,0,18.5,1
NSC00384,NSCLC,38,M,2,III,475.0,7.9,3.4,3.0,123.0,0,3,Chemo,PR,0,24.1,1
NSC00385,NSCLC,69,M,3,IV,349.9,8.6,3.8,5.9,258.0,0,0,PD-1,CR,0,20.4,1
NSC00386,NSCLC,27,F,0,III,204.0,12.9,4.2,7.9,207.0,0,3,PD-1,PD,0,5.6,1
NSC00387,NSCLC,60,M,1,IV,167.2,7.0,3.8,6.0,186.0,0,3,PD-1,SD,0,7.7,1
NSC00388,NSCLC,51,M,0,II,194.2,7.9,4.0,9.9,258.0,0,1,Chemo,PD,0,12.4,1
NSC00389,NSCLC,44,M,1,I,153.7,14.4,4.0,7.1,195.0,0,0,PD-1,PR,3,60.0,0
NSC00390,NSCLC,71,M,2,IV,354.4,11.2,3.7,9.2,353.0,0,0,PD-1,PR,0,8.4,1
NSC00391,NSCLC,39,F,0,IV,255.5,16.4,4.4,7.4,200.0,0,1,Chemo,SD,0,1.8,1
NSC00392,NSCLC,51,F,1,IV,144.2,9.9,3.8,6.4,370.0,1,1,PD-1,SD,0,7.7,1
NSC00393,NSCLC,77,M,1,IV,401.2,11.4,3.5,6.1,248.0,0,1,PD-1,SD,0,25.2,1
NSC00394,NSCLC,69,F,1,IV,152.2,13.1,5.1,5.0,198.0,0,1,PD-1,PD,0,4.7,1
NSC00395,NSCLC,65,M,3,IV,102.8,12.9,4.0,9.2,192.0,1,3,PD-1,CR,0,16.5,1
NSC00396,NSCLC,52,M,0,IV,180.1,11.5,2.7,6.1,371.0,0,1,PD-1,SD,0,17.3,1
NSC00397,NSCLC,49,M,1,III,110.6,10.7,4.6,8.0,306.0,0,1,PD-1,PR,0,3.4,1
NSC00398,NSCLC,66,F,2,III,317.9,12.5,4.6,5.9,189.0,1,2,PD-1,PR,0,14.3,1
NSC00399,NSCLC,68,F,1,IV,109.2,14.8,4.2,4.8,260.0,0,0,PD-1,SD,0,8.6,1
NSC00400,NSCLC,70,F,0,III,169.1,13.5,4.3,8.1,100.0,0,0,PD-1,SD,0,4.8,1
NSC00401,NSCLC,57,M,1,III,318.6,10.7,5.1,5.5,143.0,1,0,PD-1,PR,0,1.0,1
NSC00402,NSCLC,70,M,0,III,118.2,10.0,3.5,6.2,190.0,1,0,PD-1,PR,0,13.4,1
NSC00403,NSCLC,38,M,0,III,232.0,10.6,4.1,4.5,188.0,0,1,PD-1,SD,1,23.5,1
NSC00404,NSCLC,32,F,2,III,101.1,9.5,5.0,6.0,347.0,0,0,PD-1,SD,2,39.4,1
NSC00405,NSCLC,72,F,1,I,209.9,12.3,5.1,7.0,100.0,0,1,PD-1,PR,0,38.7,1
NSC00406,NSCLC,38,F,2,IV,254.8,13.6,3.8,6.4,136.0,0,3,PD-1,PR,0,9.7,1
NSC00407,NSCLC,25,M,2,III,176.7,11.9,5.0,8.6,286.0,0,0,PD-1,CR,0,0.0,1
NSC00408,NSCLC,40,M,1,III,185.0,15.4,4.4,7.3,268.0,0,1,PD-1,PD,0,9.8,1
NSC00409,NSCLC,42,M,0,II,236.6,15.6,4.7,13.2,222.0,1,0,PD-1,PD,0,60.0,0
NSC00410,NSCLC,31,M,1,I,153.2,12.6,4.4,7.8,414.0,1,0,Chemo,SD,0,34.8,1
NSC00411,NSCLC,39,M,0,II,309.1,13.4,4.2,3.5,299.0,0,1,PD-1,PD,0,14.3,1
NSC00412,NSCLC,48,M,2,IV,412.7,10.2,5.1,6.6,348.0,0,3,PD-1,SD,0,0.0,1
NSC00413,NSCLC,73,M,0,I,104.0,11.3,3.7,6.7,246.0,0,0,PD-1,CR,0,5.2,1
NSC00414,NSCLC,75,F,0,IV,523.3,14.5,5.0,5.8,207.0,0,0,Chemo,PR,0,8.6,1
NSC00415,NSCLC,79,F,1,II,151.1,10.8,5.0,7.1,207.0,0,0,PD-1,PD,0,12.0,1
NSC00416,NSCLC,37,M,0,II,599.8,15.0,4.7,5.7,324.0,1,0,PD-1,SD,1,43.8,1
NSC00417,NSCLC,33,M,0,II,152.3,14.2,4.0,7.7,312.0,0,0,PD-1,PD,0,46.6,1
NSC00418,NSCLC,80,M,1,I,277.1,13.5,4.1,3.2,233.0,1,1,PD-1,PD,0,26.8,1
NSC00419,NSCLC,80,F,0,IV,276.2,9.7,3.4,9.3,288.0,0,0,Target,SD,0,44.4,1
NSC00420,NSCLC,39,F,0,IV,143.7,11.4,3.8,3.8,327.0,0,1,PD-1,CR,0,12.1,1
NSC00421,NSCLC,81,F,0,IV,189.3,13.3,4.3,6.5,205.0,0,1,Chemo,PR,0,32.6,1
NSC00422,NSCLC,82,F,1,II,430.1,10.0,3.3,5.5,223.0,0,1,PD-1,CR,0,60.0,0
NSC00423,NSCLC,59,M,1,II,149.4,11.6,3.9,7.6,286.0,1,0,PD-1,PR,0,5.1,1
NSC00424,NSCLC,48,M,1,III,141.1,13.5,5.0,6.6,107.0,1,3,PD-1,SD,0,5.8,1
NSC00425,NSCLC,57,M,1,IV,100.0,10.9,3.9,7.5,287.0,0,0,PD-1,CR,0,15.8,1
NSC00426,NSCLC,40,M,0,II,464.3,10.3,4.5,9.2,160.0,0,2,PD-1,PR,0,1.1,1
NSC00427,NSCLC,32,F,2,IV,135.8,8.4,4.3,8.5,325.0,0,0,PD-1,SD,0,4.8,1
NSC00428,NSCLC,53,M,0,III,372.4,11.2,3.8,7.1,422.0,1,1,PD-1,PR,0,60.0,0
NSC00429,NSCLC,47,M,1,II,126.4,13.5,3.9,7.9,194.0,1,0,Chemo,SD,0,45.8,1
NSC00430,NSCLC,69,M,2,III,365.5,10.3,4.1,10.9,142.0,0,0,PD-1,SD,0,10.0,1
NSC00431,NSCLC,55,F,2,I,294.1,12.0,3.0,8.6,236.0,0,0,PD-1,SD,0,10.1,1
NSC00432,NSCLC,64,M,0,IV,158.1,11.6,4.5,6.4,229.0,0,0,PD-1,PD,0,0.6,1
NSC00433,NSCLC,73,F,0,II,116.7,10.7,3.9,9.6,303.0,0,2,PD-1,CR,0,53.8,0
NSC00434,NSCLC,78,M,1,IV,122.5,13.7,4.5,7.8,269.0,0,1,PD-1,CR,0,7.5,1
NSC00435,NSCLC,79,M,0,I,121.6,15.3,4.2,5.1,226.0,0,0,Chemo,PD,0,60.0,0
NSC00436,NSCLC,38,M,2,IV,343.5,14.0,3.9,6.6,257.0,1,1,Target,SD,0,4.7,1
NSC00437,NSCLC,83,F,1,II,199.6,10.6,4.1,4.1,160.0,0,2,PD-1,PD,1,16.5,1
NSC00438,NSCLC,77,M,1,IV,100.0,16.0,4.1,3.0,316.0,0,1,PD-1,PR,0,1.5,1
NSC00439,NSCLC,54,F,0,IV,155.8,14.0,4.7,5.1,379.0,1,0,PD-1,PD,1,27.6,1
NSC00440,NSCLC,77,M,1,IV,167.6,11.1,4.0,7.2,154.0,0,2,Chemo,PD,0,31.0,1
NSC00441,NSCLC,63,M,1,III,100.0,10.4,4.1,7.3,124.0,0,0,PD-1,SD,0,17.6,1
NSC00442,NSCLC,51,F,2,IV,161.1,14.2,3.4,4.2,218.0,0,1,PD-1,CR,3,0.8,1
NSC00443,NSCLC,71,M,0,III,279.8,12.3,4.0,3.0,152.0,0,1,Target,PD,0,0.3,1
NSC00444,NSCLC,40,F,0,II,166.9,10.3,4.7,9.9,148.0,0,2,Chemo,PD,0,60.0,0
NSC00445,NSCLC,75,F,0,III,211.2,11.7,4.2,7.2,138.0,0,3,PD-1,PD,0,37.6,1
NSC00446,NSCLC,30,M,0,II,242.4,11.2,3.5,10.1,235.0,1,3,Target,CR,0,13.4,1
NSC00447,NSCLC,79,F,1,IV,147.6,10.4,3.5,10.0,217.0,0,0,PD-1,PD,3,15.1,1
NSC00448,NSCLC,57,M,2,I,281.0,14.0,3.6,8.5,280.0,1,3,PD-1,PR,0,48.8,0
NSC00449,NSCLC,68,M,0,III,434.6,13.6,4.5,7.1,205.0,0,0,PD-1,PR,0,32.9,1
NSC00450,NSCLC,42,M,2,IV,100.0,13.7,4.4,6.2,153.0,1,0,Chemo,PD,0,30.4,1
NSC00451,NSCLC,40,F,0,III,147.4,13.6,2.3,8.4,249.0,0,1,PD-1,PR,0,31.1,1
NSC00452,NSCLC,36,M,0,IV,733.5,10.2,4.0,6.7,165.0,0,1,PD-1,SD,3,2.5,1
NSC00453,NSCLC,44,F,0,II,200.8,10.8,4.1,5.8,291.0,0,1,Target,PD,0,7.9,1
NSC00454,NSCLC,69,F,0,III,177.5,14.9,3.5,3.0,117.0,0,1,PD-1,CR,0,20.2,1
NSC00455,NSCLC,64,M,2,II,155.3,12.2,3.8,6.8,100.0,0,3,Chemo,PD,0,8.3,1
NSC00456,NSCLC,83,M,0,IV,389.4,9.1,4.7,9.2,121.0,1,0,PD-1,PD,0,14.7,1
NSC00457,NSCLC,53,M,1,IV,103.2,12.4,4.2,9.5,217.0,0,0,PD-1,PR,0,9.4,1
NSC00458,NSCLC,54,M,1,IV,316.0,13.3,3.8,7.1,227.0,0,3,PD-1,SD,0,26.1,1
NSC00459,NSCLC,50,M,2,I,153.5,13.0,3.9,5.2,261.0,0,0,Chemo,SD,0,60.0,0
NSC00460,NSCLC,46,F,0,II,115.6,10.1,3.9,8.8,205.0,1,1,PD-1,SD,0,10.1,1
NSC00461,NSCLC,57,F,0,II,157.8,15.8,4.1,7.0,182.0,0,1,PD-1,PR,0,37.0,1
NSC00462,NSCLC,82,F,0,I,176.3,9.0,3.3,6.3,365.0,1,1,PD-1,PR,3,29.9,1
NSC00463,NSCLC,77,F,1,II,134.5,12.2,3.7,4.1,344.0,1,1,Chemo,CR,0,24.2,1
NSC00464,NSCLC,63,F,0,IV,353.4,15.5,4.5,11.2,329.0,0,0,PD-1,PD,1,13.9,1
NSC00465,NSCLC,71,M,2,II,116.1,13.2,4.0,8.5,275.0,0,2,PD-1,SD,0,15.7,1
NSC00466,NSCLC,53,F,1,III,197.2,13.7,3.6,8.7,281.0,1,0,PD-1,SD,0,50.2,0
NSC00467,NSCLC,46,F,1,IV,250.2,9.9,3.6,5.3,186.0,0,1,Chemo,SD,0,3.6,1
NSC00468,NSCLC,69,M,1,IV,195.9,12.7,4.4,7.2,262.0,0,0,PD-1,SD,0,33.0,1
NSC00469,NSCLC,37,F,0,III,288.1,11.9,3.7,6.8,175.0,1,1,PD-1,SD,0,5.9,1
NSC00470,NSCLC,84,M,1,III,139.8,9.7,4.3,8.6,166.0,1,1,Target,SD,0,1.0,1
NSC00471,NSCLC,33,F,3,III,263.4,13.7,3.7,9.7,121.0,1,3,Chemo,SD,0,23.4,1
NSC00472,NSCLC,48,F,2,II,268.1,10.4,3.4,4.1,282.0,0,1,PD-1,PR,0,26.2,1
NSC00473,NSCLC,39,F,2,IV,324.0,10.6,4.1,4.9,263.0,0,1,Target,PR,0,0.2,1
NSC00474,NSCLC,60,M,2,III,100.0,12.9,4.0,8.3,226.0,0,3,PD-1,SD,1,5.6,1
NSC00475,NSCLC,37,F,0,IV,246.0,11.7,4.3,6.0,215.0,0,1,PD-1,PD,0,0.9,1
NSC00476,NSCLC,51,M,0,IV,311.3,12.3,4.4,8.6,104.0,0,1,PD-1,PR,1,20.4,1
NSC00477,NSCLC,68,M,0,IV,141.6,11.6,3.8,6.3,271.0,0,1,PD-1,CR,2,19.6,1
NSC00478,NSCLC,61,F,0,III,130.5,14.8,4.2,4.5,225.0,0,1,Chemo,SD,0,25.8,1
NSC00479,NSCLC,31,F,0,II,119.0,10.1,3.8,3.5,322.0,1,2,PD-1,PD,0,60.0,0
NSC00480,NSCLC,32,F,1,IV,100.0,11.1,4.3,8.0,262.0,1,0,PD-1,PD,4,2.2,1
NSC00481,NSCLC,61,M,1,III,270.3,13.0,4.1,8.0,306.0,1,1,PD-1,SD,0,60.0,0
NSC00482,NSCLC,65,M,2,II,712.8,10.0,3.7,8.9,249.0,0,1,PD-1,PD,0,39.4,1
NSC00483,NSCLC,38,F,1,II,129.9,9.9,3.6,7.7,265.0,0,3,PD-1,SD,0,21.7,1
NSC00484,NSCLC,82,M,2,II,137.0,12.3,4.1,3.0,324.0,1,2,PD-1,PD,0,34.8,1
NSC00485,NSCLC,36,M,0,IV,183.0,13.7,4.6,8.0,235.0,0,1,PD-1,PR,0,3.6,1
NSC00486,NSCLC,60,F,0,II,100.0,14.0,4.5,4.1,288.0,0,1,Chemo,SD,0,50.3,0
NSC00487,NSCLC,76,M,1,III,119.4,12.2,3.5,3.3,215.0,0,0,PD-1,SD,0,46.2,1
NSC00488,NSCLC,64,F,0,III,175.2,10.7,3.6,3.0,240.0,0,1,PD-1,SD,0,37.1,1
NSC00489,NSCLC,41,M,0,III,106.0,12.6,3.7,3.0,377.0,0,3,PD-1,SD,0,19.6,1
NSC00490,NSCLC,64,M,0,IV,371.8,13.1,3.7,7.6,301.0,1,3,PD-1,PR,0,10.4,1
NSC00491,NSCLC,77,M,0,IV,100.0,12.5,3.1,5.5,207.0,1,2,Target,PD,0,57.1,0
NSC00492,NSCLC,53,M,1,III,311.3,14.5,4.4,4.0,284.0,0,0,Chemo,SD,0,8.1,1
NSC00493,NSCLC,51,M,1,I,437.5,10.0,3.8,7.0,148.0,0,2,PD-1,CR,0,10.1,1
NSC00494,NSCLC,25,M,1,III,227.9,10.6,4.2,4.8,232.0,1,3,PD-1,PD,0,2.1,1
NSC00495,NSCLC,76,M,1,IV,166.9,14.2,3.8,9.0,174.0,0,0,PD-1,PD,0,3.0,1
NSC00496,NSCLC,58,M,0,III,210.1,9.1,4.0,9.9,286.0,0,1,PD-1,PD,0,47.1,1
NSC00497,NSCLC,28,M,0,IV,139.2,10.9,3.7,6.6,235.0,1,2,PD-1,SD,0,1.9,1
NSC00498,NSCLC,48,M,0,II,100.0,10.5,4.0,9.8,273.0,1,1,Chemo,PD,0,60.0,0
NSC00499,NSCLC,45,M,0,IV,100.7,8.9,3.6,9.8,312.0,1,3,Chemo,PD,0,26.9,1
NSC00500,NSCLC,57,F,1,II,180.1,11.6,4.0,7.2,213.0,0,1,PD-1,PR,1,25.4,1
NSC00501,NSCLC,31,F,2,IV,103.1,13.5,4.7,10.5,216.0,0,1,Chemo,PR,0,12.9,1
NSC00502,NSCLC,25,F,1,III,141.5,12.3,4.3,5.8,247.0,1,2,Chemo,SD,0,23.3,1
NSC00503,NSCLC,65,M,0,IV,241.7,13.6,4.1,3.1,181.0,0,1,Chemo,PD,0,7.2,1
NSC00504,NSCLC,27,F,1,I,197.8,14.4,3.3,3.9,249.0,1,2,Target,PR,0,60.0,0
NSC00505,NSCLC,68,F,1,III,342.1,11.2,4.3,5.7,253.0,0,1,PD-1,PD,0,9.1,1
NSC00506,NSCLC,75,F,1,IV,216.3,17.3,4.3,8.1,268.0,1,1,PD-1,SD,0,15.4,1
NSC00507,NSCLC,39,M,1,II,224.0,11.3,4.1,4.7,284.0,0,0,Chemo,PD,0,38.2,1
NSC00508,NSCLC,55,F,1,IV,118.2,11.6,4.1,5.6,122.0,0,0,Chemo,PR,0,3.3,1
NSC00509,NSCLC,78,F,1,IV,100.0,10.6,3.9,4.5,147.0,0,1,Target,SD,0,32.8,1
NSC00510,NSCLC,40,F,1,III,141.5,13.1,4.3,5.7,157.0,0,3,PD-1,PD,0,0.6,1
NSC00511,NSCLC,34,M,0,III,117.2,11.4,4.7,9.7,257.0,0,0,PD-1,PR,0,15.2,1
NSC00512,NSCLC,78,M,1,III,164.0,11.8,4.2,7.7,227.0,0,0,PD-1,PR,0,20.4,1
NSC00513,NSCLC,53,M,0,III,100.0,11.6,3.5,5.8,100.0,1,0,PD-1,PR,0,3.0,1
NSC00514,NSCLC,83,M,0,III,300.5,11.5,3.6,9.4,406.0,0,1,PD-1,PR,1,17.2,1
NSC00515,NSCLC,83,F,3,IV,116.9,12.3,4.4,7.1,100.0,0,3,PD-1,PR,0,1.8,1
NSC00516,NSCLC,30,M,3,III,145.7,11.1,3.5,7.3,252.0,0,1,PD-1,SD,0,7.4,1
NSC00517,NSCLC,53,M,0,II,179.1,11.2,4.1,9.3,295.0,1,1,PD-1,SD,1,14.3,1
NSC00518,NSCLC,41,M,1,II,355.6,14.1,3.8,6.3,192.0,0,1,PD-1,SD,0,51.5,0
NSC00519,NSCLC,77,M,0,I,520.7,11.4,3.5,8.8,301.0,0,0,PD-1,PR,2,16.7,1
NSC00520,NSCLC,84,M,1,III,542.7,12.8,4.4,8.7,169.0,1,1,PD-1,PD,0,5.2,1
NSC00521,NSCLC,46,F,2,IV,100.0,10.2,4.4,6.7,264.0,0,1,PD-1,PD,0,4.7,1
NSC00522,NSCLC,48,F,3,IV,144.9,11.1,3.3,4.2,100.0,0,1,Target,CR,0,2.6,1
NSC00523,NSCLC,41,M,1,II,129.3,9.5,4.2,7.0,344.0,0,2,PD-1,SD,0,5.9,1
NSC00524,NSCLC,45,M,0,IV,226.4,15.7,4.2,9.3,250.0,1,2,PD-1,CR,0,6.1,1
NSC00525,NSCLC,75,M,1,III,218.2,14.8,4.4,8.6,122.0,0,2,Chemo,PD,0,27.4,1
NSC00526,NSCLC,74,M,0,IV,127.8,13.2,4.1,10.4,300.0,1,3,PD-1,PD,1,13.5,1
NSC00527,NSCLC,35,F,2,IV,121.9,16.3,4.7,6.0,381.0,1,3,Chemo,PD,0,60.0,0
NSC00528,NSCLC,80,F,2,IV,100.0,13.5,3.9,8.6,176.0,0,1,PD-1,PR,0,24.7,1
NSC00529,NSCLC,31,F,1,I,100.0,11.7,3.9,5.0,233.0,1,0,Target,SD,0,25.3,1
NSC00530,NSCLC,66,F,0,II,100.0,12.7,3.5,7.4,209.0,0,1,PD-1,PR,0,51.8,0
NSC00531,NSCLC,63,M,0,I,304.9,14.7,3.5,9.2,188.0,0,2,Target,SD,0,28.9,1
NSC00532,NSCLC,29,F,0,IV,436.5,10.2,3.5,8.8,180.0,0,0,Chemo,SD,0,12.0,1
NSC00533,NSCLC,68,F,2,III,407.0,9.7,4.1,7.2,198.0,1,0,PD-1,CR,0,13.9,1
NSC00534,NSCLC,72,F,1,IV,312.8,12.8,3.9,6.5,203.0,0,0,PD-1,SD,0,34.9,1
NSC00535,NSCLC,81,M,0,III,100.0,10.8,4.2,5.0,221.0,0,1,PD-1,SD,0,26.3,1
NSC00536,NSCLC,45,F,1,IV,100.0,7.5,3.4,6.5,216.0,0,1,PD-1,PD,4,5.9,1
NSC00537,NSCLC,42,F,2,II,100.0,9.5,3.6,4.4,311.0,0,0,PD-1,PR,1,7.0,1
NSC00538,NSCLC,59,F,0,II,127.8,11.4,3.6,6.3,304.0,0,0,Target,PD,0,31.6,1
NSC00539,NSCLC,44,M,2,III,191.0,12.1,5.1,3.4,127.0,0,1,PD-1,PD,0,14.5,1
NSC00540,NSCLC,39,F,2,III,100.0,12.2,3.9,4.4,203.0,0,0,PD-1,PD,0,6.4,1
NSC00541,NSCLC,29,F,2,III,234.8,16.0,4.0,8.7,350.0,0,0,Chemo,PD,0,2.7,1
NSC00542,NSCLC,37,F,0,IV,268.0,11.6,4.0,8.5,274.0,0,1,PD-1,PD,0,0.3,1
NSC00543,NSCLC,75,F,0,I,136.4,12.6,4.8,6.4,277.0,0,1,PD-1,SD,1,6.3,1
NSC00544,NSCLC,36,F,0,III,100.0,8.7,3.2,7.1,269.0,1,0,Chemo,PR,0,6.9,1
NSC00545,NSCLC,79,M,0,IV,415.1,11.9,4.0,7.4,229.0,1,1,Chemo,PD,0,0.9,1
NSC00546,NSCLC,45,F,0,I,185.1,12.7,3.2,7.9,247.0,0,0,PD-1,SD,2,60.0,0
NSC00547,NSCLC,61,M,1,IV,581.0,9.2,2.8,7.7,218.0,0,2,Target,PD,0,6.9,1
NSC00548,NSCLC,30,F,1,IV,191.6,10.1,3.6,4.3,318.0,1,0,PD-1,SD,0,3.1,1
NSC00549,NSCLC,31,M,2,I,199.8,13.0,4.2,3.0,218.0,1,0,PD-1,PR,1,60.0,0
NSC00550,NSCLC,50,M,0,II,101.6,10.9,3.6,5.0,241.0,0,2,PD-1,SD,0,15.9,1
NSC00551,NSCLC,66,F,1,III,140.6,11.8,4.2,6.7,309.0,0,1,PD-1,PD,0,14.3,1
NSC00552,NSCLC,72,F,2,IV,100.0,13.1,4.1,8.9,224.0,0,0,PD-1,PR,2,2.3,1
NSC00553,NSCLC,32,F,2,III,100.0,16.1,3.9,7.5,244.0,0,0,PD-1,PR,0,27.0,1
NSC00554,NSCLC,33,F,2,IV,282.8,11.6,4.6,8.1,221.0,0,2,Chemo,SD,0,16.8,1
NSC00555,NSCLC,51,F,1,IV,153.0,15.5,3.7,5.2,243.0,1,2,PD-1,PR,0,7.4,1
NSC00556,NSCLC,28,M,2,II,140.7,8.1,4.2,6.9,224.0,0,0,Chemo,CR,0,28.2,1
NSC00557,NSCLC,45,M,0,IV,116.3,12.3,3.1,7.1,207.0,0,1,PD-1,PR,0,6.0,1
NSC00558,NSCLC,55,M,1,IV,143.8,11.3,4.0,5.5,193.0,1,0,Target,PD,0,0.8,1
NSC00559,NSCLC,45,M,0,III,357.8,10.9,3.9,4.9,236.0,1,1,PD-1,CR,0,17.4,1
NSC00560,NSCLC,64,M,0,IV,197.7,13.3,3.4,6.5,331.0,1,0,PD-1,SD,0,1.9,1
NSC00561,NSCLC,49,F,0,IV,100.0,11.6,4.2,8.3,300.0,1,0,PD-1,PD,2,18.2,1
NSC00562,NSCLC,63,F,0,II,336.4,8.0,3.6,5.2,124.0,0,0,Chemo,PD,0,25.3,1
NSC00563,NSCLC,39,M,0,III,510.3,8.8,4.9,6.6,216.0,1,1,Chemo,PD,0,0.1,1
NSC00564,NSCLC,77,M,0,III,243.9,13.4,2.8,9.7,199.0,1,1,PD-1,SD,0,10.2,1
NSC00565,NSCLC,59,F,0,I,309.4,8.7,4.1,6.0,125.0,0,1,PD-1,PD,1,11.2,1
NSC00566,NSCLC,73,M,2,IV,377.1,13.5,4.0,7.0,272.0,0,0,PD-1,CR,0,4.7,1
NSC00567,NSCLC,67,M,0,II,100.0,12.2,3.9,6.8,242.0,0,0,Target,PD,0,28.1,1
NSC00568,NSCLC,65,F,1,IV,554.8,11.7,3.7,6.6,412.0,1,2,Target,PD,0,32.4,1
NSC00569,NSCLC,61,F,0,III,350.5,11.8,4.0,10.3,223.0,0,0,Target,SD,0,10.9,1
NSC00570,NSCLC,81,M,2,I,243.1,13.0,4.5,7.6,188.0,0,1,Chemo,SD,0,12.3,1
NSC00571,NSCLC,66,F,2,IV,168.1,9.6,3.2,3.9,180.0,0,0,Target,PR,0,31.5,1
NSC00572,NSCLC,71,M,1,IV,100.0,12.1,3.6,10.1,214.0,0,1,PD-1,PD,0,6.6,1
NSC00573,NSCLC,52,F,1,III,148.6,9.7,3.5,7.5,297.0,0,1,Chemo,SD,0,21.9,1
NSC00574,NSCLC,38,M,0,II,237.2,12.3,3.5,6.3,306.0,0,3,Chemo,PD,0,60.0,0
NSC00575,NSCLC,28,M,3,II,100.0,13.3,4.2,9.7,484.0,1,0,Target,PR,0,4.2,1
NSC00576,NSCLC,77,F,2,III,173.8,12.3,4.3,5.4,153.0,0,0,PD-1,PR,3,18.0,1
NSC00577,NSCLC,44,M,2,II,100.0,13.2,4.5,10.4,257.0,0,1,PD-1,PD,0,3.7,1
NSC00578,NSCLC,58,F,1,III,143.9,10.6,4.3,7.2,195.0,0,3,PD-1,PD,0,16.2,1
NSC00579,NSCLC,36,M,0,IV,100.0,11.9,4.3,9.0,278.0,0,3,PD-1,PD,0,6.1,1
NSC00580,NSCLC,57,M,2,III,100.0,11.5,3.3,13.1,361.0,0,1,PD-1,PR,0,49.8,0
NSC00581,NSCLC,48,M,0,IV,222.3,11.4,4.7,7.4,319.0,0,1,PD-1,PR,0,16.0,1
NSC00582,NSCLC,44,M,1,IV,128.0,10.4,3.9,6.8,153.0,0,1,PD-1,SD,1,13.5,1
NSC00583,NSCLC,29,F,0,III,135.4,11.1,4.5,4.9,305.0,0,1,PD-1,SD,4,4.1,1
NSC00584,NSCLC,62,M,2,IV,124.0,9.8,3.3,6.8,100.0,0,1,PD-1,PR,0,9.7,1
NSC00585,NSCLC,54,F,0,III,928.8,8.6,3.9,4.9,100.0,0,2,PD-1,PD,1,60.0,0
NSC00586,NSCLC,48,F,0,IV,261.0,10.6,4.5,6.6,230.0,0,1,Target,SD,0,0.8,1
NSC00587,NSCLC,67,F,1,II,278.3,13.3,4.0,12.8,299.0,0,1,Chemo,PR,0,35.1,1
NSC00588,NSCLC,64,M,2,II,113.8,12.5,3.6,7.2,278.0,0,1,PD-1,PR,1,20.1,1
NSC00589,NSCLC,31,F,1,IV,245.4,9.5,4.7,5.9,402.0,1,1,Chemo,PD,0,7.6,1
NSC00590,NSCLC,60,M,0,III,158.1,11.2,3.4,6.6,259.0,1,1,Chemo,PD,0,47.6,1
NSC00591,NSCLC,62,M,0,IV,113.3,13.4,4.0,6.2,241.0,0,1,PD-1,SD,0,31.7,1
NSC00592,NSCLC,40,M,2,IV,576.8,11.1,4.3,9.1,342.0,0,0,PD-1,SD,0,1.1,1
NSC00593,NSCLC,76,M,3,I,255.6,9.2,5.0,6.8,220.0,0,0,PD-1,PR,0,60.0,0
NSC00594,NSCLC,39,M,2,III,248.0,16.5,3.8,10.2,281.0,0,1,PD-1,PD,0,0.9,1
NSC00595,NSCLC,70,F,1,III,101.2,11.7,3.9,6.4,286.0,1,2,Chemo,PD,0,10.6,1
NSC00596,NSCLC,47,M,2,IV,100.0,9.7,3.8,6.5,172.0,1,0,PD-1,SD,0,2.1,1
NSC00597,NSCLC,36,M,1,IV,175.1,12.3,4.1,5.2,281.0,1,1,PD-1,CR,0,0.6,1
NSC00598,NSCLC,53,F,1,II,128.5,11.8,4.3,6.2,425.0,1,0,Target,SD,0,9.6,1
NSC00599,NSCLC,68,M,1,III,261.8,8.9,4.5,3.5,341.0,1,0,PD-1,SD,0,7.9,1
NSC00600,NSCLC,72,M,1,IV,272.5,12.2,4.4,3.0,183.0,0,3,Chemo,PD,0,6.8,1
NSC00601,NSCLC,39,M,2,II,188.5,14.0,3.8,8.2,437.0,0,2,PD-1,PD,0,7.9,1
NSC00602,NSCLC,53,F,1,IV,297.9,11.5,4.4,3.5,305.0,1,0,PD-1,PD,0,7.0,1
NSC00603,NSCLC,69,M,0,IV,203.6,7.9,4.0,7.8,284.0,0,1,PD-1,CR,0,14.1,1
NSC00604,NSCLC,67,M,0,IV,107.4,12.7,4.4,6.0,242.0,0,0,PD-1,PD,0,24.9,1
NSC00605,NSCLC,73,M,0,III,160.9,13.2,4.4,8.9,305.0,0,3,PD-1,SD,1,15.2,1
NSC00606,NSCLC,45,F,1,II,196.7,10.8,4.8,3.6,259.0,1,0,PD-1,PD,0,0.5,1
NSC00607,NSCLC,39,F,0,III,316.5,10.8,3.8,8.2,252.0,0,0,PD-1,SD,1,32.9,1
NSC00608,NSCLC,38,F,0,I,207.5,16.5,3.7,7.7,239.0,0,1,PD-1,PR,2,5.7,1
NSC00609,NSCLC,66,M,1,IV,128.7,10.7,4.2,7.7,328.0,1,2,PD-1,SD,0,14.3,1
NSC00610,NSCLC,68,M,1,I,323.7,9.8,4.6,9.2,319.0,1,0,Chemo,PR,0,6.1,1
NSC00611,NSCLC,40,M,2,IV,227.8,12.1,4.0,7.1,238.0,1,1,PD-1,PR,0,5.8,1
NSC00612,NSCLC,39,M,1,III,458.2,13.1,4.6,3.0,128.0,0,0,PD-1,PD,2,22.9,1
NSC00613,NSCLC,66,M,2,III,191.0,13.1,4.3,7.9,253.0,0,3,PD-1,CR,0,11.4,1
NSC00614,NSCLC,28,M,2,I,100.0,7.1,3.9,7.6,193.0,1,0,PD-1,PR,4,46.6,1
NSC00615,NSCLC,51,M,2,IV,367.3,10.7,4.3,6.5,212.0,0,3,PD-1,PR,1,30.3,1
NSC00616,NSCLC,47,F,1,III,128.2,14.3,3.8,5.3,240.0,0,1,PD-1,SD,0,6.5,1
NSC00617,NSCLC,53,M,0,II,216.4,12.7,4.1,6.3,165.0,0,1,Chemo,PD,0,60.0,0
NSC00618,NSCLC,65,F,3,IV,202.6,9.5,3.5,9.9,121.0,0,3,PD-1,PR,0,3.9,1
NSC00619,NSCLC,77,M,0,III,186.3,14.5,4.0,5.2,273.0,0,3,PD-1,PR,0,7.3,1
NSC00620,NSCLC,76,M,0,III,163.7,13.9,4.5,3.5,252.0,0,1,PD-1,PD,0,2.0,1
NSC00621,NSCLC,33,M,1,III,100.0,11.4,4.4,4.1,249.0,0,0,Chemo,PD,0,9.8,1
NSC00622,NSCLC,77,M,0,II,100.0,13.8,4.3,6.9,291.0,1,1,PD-1,CR,0,36.7,1
NSC00623,NSCLC,81,M,3,IV,355.4,16.0,4.1,10.3,197.0,0,1,PD-1,PD,0,11.1,1
NSC00624,NSCLC,80,M,1,III,234.5,9.9,4.1,11.4,277.0,0,1,PD-1,SD,0,13.0,1
NSC00625,NSCLC,76,F,1,I,570.0,13.1,3.4,8.3,357.0,0,1,PD-1,PD,0,10.8,1
NSC00626,NSCLC,67,F,1,III,100.0,16.0,3.9,5.0,230.0,0,0,PD-1,SD,0,26.5,1
NSC00627,NSCLC,67,M,1,IV,178.0,13.3,4.1,5.2,402.0,1,1,Chemo,PD,0,0.2,1
NSC00628,NSCLC,31,F,0,III,364.3,10.5,3.4,8.8,254.0,0,1,PD-1,CR,0,13.8,1
NSC00629,NSCLC,77,F,1,IV,129.1,12.5,3.1,9.7,182.0,1,0,PD-1,PR,0,24.0,1
NSC00630,NSCLC,66,F,1,I,135.5,14.7,4.6,5.7,318.0,0,1,Target,SD,0,7.4,1
NSC00631,NSCLC,28,F,1,II,152.0,10.0,4.0,9.8,241.0,0,1,PD-1,SD,0,25.3,1
NSC00632,NSCLC,29,M,2,IV,138.8,11.9,4.1,6.5,334.0,0,1,PD-1,PD,0,1.5,1
NSC00633,NSCLC,29,M,0,I,249.4,11.5,4.3,8.4,283.0,0,0,PD-1,SD,0,6.8,1
NSC00634,NSCLC,35,M,0,IV,100.0,10.7,3.5,9.3,224.0,0,1,PD-1,CR,0,4.0,1
NSC00635,NSCLC,65,M,0,I,485.7,12.5,3.8,4.0,372.0,0,0,PD-1,SD,2,29.0,1
NSC00636,NSCLC,52,M,0,IV,101.9,11.8,4.8,7.9,210.0,0,1,PD-1,SD,1,1.3,1
NSC00637,NSCLC,40,F,2,III,100.0,13.3,3.8,9.9,100.0,1,2,Target,PD,0,60.0,0
NSC00638,NSCLC,65,F,2,IV,180.2,14.3,3.9,5.9,320.0,1,1,Chemo,PD,0,8.4,1
NSC00639,NSCLC,78,F,0,II,144.5,9.5,3.7,4.9,278.0,0,0,Chemo,PD,0,3.4,1
NSC00640,NSCLC,54,F,1,I,162.9,12.1,3.6,8.0,353.0,0,1,PD-1,SD,0,60.0,0
NSC00641,NSCLC,28,F,1,II,218.7,11.9,4.6,7.3,179.0,0,3,PD-1,PD,0,13.0,1
NSC00642,NSCLC,26,F,0,II,266.9,12.4,2.8,6.3,230.0,1,0,PD-1,SD,0,24.5,1
NSC00643,NSCLC,70,M,0,III,498.7,12.0,3.8,7.0,221.0,0,2,PD-1,PR,0,11.9,1
NSC00644,NSCLC,27,M,3,III,119.8,10.0,4.1,3.7,325.0,0,1,Chemo,PD,0,18.9,1
NSC00645,NSCLC,74,M,1,III,288.5,14.9,4.8,7.8,302.0,0,2,PD-1,PD,3,3.0,1
NSC00646,NSCLC,45,F,3,IV,277.4,15.8,3.4,10.2,267.0,0,0,Chemo,PD,0,5.5,1
NSC00647,NSCLC,30,M,0,IV,100.0,13.1,3.3,5.6,268.0,0,0,PD-1,PD,0,11.8,1
NSC00648,NSCLC,67,F,1,IV,110.0,13.2,3.6,5.3,158.0,0,3,PD-1,PD,0,4.6,1
NSC00649,NSCLC,77,M,0,III,100.0,12.3,4.4,7.3,311.0,1,0,PD-1,PD,1,20.1,1
NSC00650,NSCLC,42,M,0,III,237.2,13.9,4.1,12.7,313.0,1,0,PD-1,PD,0,1.3,1
NSC00651,NSCLC,68,F,1,III,222.0,7.1,3.3,9.2,433.0,0,1,Chemo,PR,0,60.0,0
NSC00652,NSCLC,29,M,0,IV,224.7,12.0,4.0,6.8,288.0,0,0,Target,SD,0,4.9,1
NSC00653,NSCLC,33,M,0,II,150.9,10.9,4.8,7.1,301.0,0,2,PD-1,SD,0,32.9,1
NSC00654,NSCLC,44,M,0,I,160.3,12.3,4.1,9.4,288.0,1,1,PD-1,PR,0,12.0,1
NSC00655,NSCLC,52,M,0,IV,178.2,14.2,4.1,5.2,194.0,1,2,PD-1,PD,0,5.7,1
NSC00656,NSCLC,50,F,1,II,142.5,12.0,4.1,8.2,350.0,0,2,PD-1,PD,0,19.2,1
NSC00657,NSCLC,42,M,1,IV,289.0,11.3,4.2,4.8,246.0,0,0,PD-1,PD,0,21.2,1
NSC00658,NSCLC,43,F,0,IV,100.0,9.2,3.4,8.8,235.0,0,0,Chemo,PD,0,1.9,1
NSC00659,NSCLC,27,M,0,I,113.4,11.8,3.9,6.4,239.0,0,2,PD-1,PR,0,3.1,1
NSC00660,NSCLC,33,F,0,II,195.0,13.3,3.9,7.4,245.0,0,1,PD-1,PD,0,60.0,0
NSC00661,NSCLC,60,M,1,III,145.4,10.3,3.8,6.3,211.0,1,3,Chemo,PD,0,22.2,1
NSC00662,NSCLC,55,F,0,IV,100.0,8.0,4.3,8.4,267.0,0,1,PD-1,PR,2,50.9,0
NSC00663,NSCLC,73,F,2,II,249.4,16.5,3.7,6.7,242.0,0,0,PD-1,PR,0,25.3,1
NSC00664,NSCLC,41,M,0,IV,128.6,12.7,3.8,11.3,235.0,1,2,PD-1,PD,0,2.2,1
NSC00665,NSCLC,79,F,0,III,109.2,11.6,3.4,9.8,289.0,0,0,PD-1,SD,0,20.4,1
NSC00666,NSCLC,47,F,2,III,163.3,14.8,4.2,4.4,256.0,1,0,PD-1,PD,0,2.0,1
NSC00667,NSCLC,58,M,1,I,106.1,12.3,4.5,7.4,206.0,0,1,PD-1,SD,0,17.9,1
NSC00668,NSCLC,65,M,0,IV,177.6,14.7,3.8,8.5,189.0,1,2,Target,SD,0,18.3,1
NSC00669,NSCLC,65,F,2,II,146.1,14.5,4.4,6.1,258.0,0,1,Target,SD,0,60.0,0
NSC00670,NSCLC,29,F,1,IV,133.3,9.5,3.9,9.4,190.0,0,0,Chemo,SD,0,13.4,1
NSC00671,NSCLC,39,M,2,III,133.8,12.9,2.7,9.2,185.0,0,0,PD-1,PD,0,6.8,1
NSC00672,NSCLC,71,M,1,III,329.4,15.5,4.0,6.8,186.0,0,0,Chemo,CR,0,6.5,1
NSC00673,NSCLC,27,F,1,IV,226.2,10.0,3.9,9.0,270.0,0,0,PD-1,PD,0,8.0,1
NSC00674,NSCLC,43,F,3,IV,100.0,10.0,4.1,3.0,345.0,1,0,PD-1,PD,0,8.7,1
NSC00675,NSCLC,52,F,0,III,307.9,10.4,4.1,9.7,278.0,1,1,PD-1,PD,0,0.9,1
NSC00676,NSCLC,27,M,1,II,247.1,13.8,3.7,8.8,321.0,0,3,PD-1,SD,1,5.3,1
NSC00677,NSCLC,62,F,1,IV,238.5,12.6,4.7,4.8,244.0,0,0,PD-1,PD,1,8.9,1
NSC00678,NSCLC,28,M,0,III,308.8,8.1,4.0,7.5,261.0,1,0,PD-1,SD,0,6.1,1
NSC00679,NSCLC,48,M,0,II,182.9,12.7,3.9,3.0,382.0,1,2,Target,CR,0,60.0,0
NSC00680,NSCLC,55,F,0,IV,263.0,11.5,4.4,5.5,316.0,0,1,PD-1,PR,0,19.8,1
NSC00681,NSCLC,69,F,1,II,137.2,11.8,4.0,9.2,325.0,1,3,Target,PD,0,7.9,1
NSC00682,NSCLC,83,M,1,I,301.4,10.3,5.3,7.0,229.0,0,0,PD-1,CR,0,60.0,0
NSC00683,NSCLC,69,M,1,I,206.6,12.7,3.9,6.9,250.0,0,0,PD-1,SD,0,7.4,1
NSC00684,NSCLC,83,F,0,IV,100.0,14.1,4.2,7.1,282.0,0,1,PD-1,CR,0,13.2,1
NSC00685,NSCLC,35,M,1,IV,337.6,10.7,3.6,6.9,201.0,1,1,PD-1,PR,1,0.8,1
NSC00686,NSCLC,61,F,2,III,167.8,8.6,4.4,9.0,100.0,0,1,PD-1,CR,0,11.5,1
NSC00687,NSCLC,25,F,0,III,154.3,11.4,4.2,5.8,282.0,0,1,PD-1,PD,0,5.8,1
NSC00688,NSCLC,33,M,1,III,139.0,13.5,3.8,7.8,327.0,0,0,PD-1,SD,1,8.6,1
NSC00689,NSCLC,41,F,2,IV,145.2,11.2,3.6,4.7,254.0,0,1,PD-1,PD,2,9.7,1
NSC00690,NSCLC,78,F,2,I,208.1,9.0,3.3,8.5,202.0,0,1,Chemo,PD,0,44.3,1
NSC00691,NSCLC,25,F,1,IV,100.2,13.5,4.2,6.4,224.0,0,1,PD-1,PD,0,9.5,1
NSC00692,NSCLC,27,F,2,II,100.0,14.8,3.3,6.9,100.0,0,1,PD-1,SD,0,1.2,1
NSC00693,NSCLC,71,F,0,IV,100.0,12.0,4.7,6.3,223.0,0,1,Chemo,PD,0,13.2,1
NSC00694,NSCLC,50,M,2,II,227.9,8.8,3.4,6.5,161.0,1,0,PD-1,SD,0,6.3,1
NSC00695,NSCLC,77,M,0,IV,164.5,11.4,3.9,5.0,194.0,0,0,Chemo,SD,0,19.5,1
NSC00696,NSCLC,55,F,0,II,353.5,12.3,3.6,7.7,157.0,1,1,Chemo,PD,0,7.0,1
NSC00697,NSCLC,50,M,0,I,174.3,10.4,4.0,8.1,148.0,0,0,Target,PD,0,4.1,1
NSC00698,NSCLC,47,M,2,IV,300.5,13.2,4.0,4.3,170.0,0,1,PD-1,PD,0,7.9,1
NSC00699,NSCLC,54,F,1,IV,119.6,10.2,4.2,5.8,301.0,0,2,PD-1,PD,0,13.7,1
NSC00700,NSCLC,34,F,0,III,139.6,12.1,3.2,7.1,209.0,0,0,PD-1,PR,0,9.6,1
NSC00701,NSCLC,32,M,0,IV,182.3,11.5,3.6,5.8,161.0,0,0,PD-1,SD,2,10.4,1
NSC00702,NSCLC,68,F,2,III,166.0,13.2,4.5,6.6,310.0,1,3,PD-1,PR,0,33.7,1
NSC00703,NSCLC,49,F,2,IV,156.9,12.0,4.3,10.2,260.0,1,0,PD-1,SD,2,14.9,1
NSC00704,NSCLC,46,M,1,III,107.4,11.6,2.8,5.0,100.0,0,0,Chemo,PD,0,15.9,1
NSC00705,NSCLC,39,F,1,III,100.0,10.4,4.2,3.0,330.0,0,0,PD-1,PD,2,33.6,1
NSC00706,NSCLC,83,M,1,III,264.7,12.1,3.5,5.8,256.0,1,1,Chemo,CR,0,19.4,1
NSC00707,NSCLC,65,M,0,III,247.5,11.5,3.7,6.3,312.0,0,0,Chemo,PR,0,2.3,1
NSC00708,NSCLC,80,M,2,IV,125.4,10.3,3.9,6.0,232.0,0,1,PD-1,CR,0,4.6,1
NSC00709,NSCLC,81,M,0,II,227.5,12.3,4.8,7.5,378.0,1,1,PD-1,SD,1,51.2,0
NSC00710,NSCLC,34,M,1,II,164.0,12.7,3.5,4.9,219.0,1,0,PD-1,PD,0,56.9,0
NSC00711,NSCLC,44,F,0,III,352.0,11.3,3.3,4.6,100.0,0,0,Target,PD,0,46.6,1
NSC00712,NSCLC,65,F,1,IV,100.0,13.9,4.2,5.7,179.0,0,1,PD-1,PD,0,15.8,1
NSC00713,NSCLC,71,F,1,II,168.0,12.5,4.0,5.7,290.0,0,1,PD-1,PD,1,0.4,1
NSC00714,NSCLC,47,F,1,III,160.1,9.4,4.6,11.2,263.0,1,0,PD-1,PR,0,0.4,1
NSC00715,NSCLC,77,M,0,IV,199.7,14.7,3.8,10.1,240.0,1,0,Target,PR,0,2.0,1
NSC00716,NSCLC,77,M,1,II,455.9,13.5,4.6,3.7,171.0,0,1,Chemo,PR,0,42.3,1
NSC00717,NSCLC,25,F,0,IV,168.3,14.0,4.0,3.1,251.0,1,2,PD-1,PD,0,7.4,1
NSC00718,NSCLC,26,M,0,IV,283.1,12.8,4.3,6.8,249.0,1,0,PD-1,PD,1,2.1,1
NSC00719,NSCLC,82,M,0,III,165.9,7.3,4.8,10.8,248.0,0,1,PD-1,SD,0,4.6,1
NSC00720,NSCLC,43,F,2,IV,344.7,14.2,3.9,8.3,293.0,1,0,PD-1,PR,0,8.1,1
NSC00721,NSCLC,38,M,1,IV,284.8,12.1,4.5,6.9,265.0,0,0,Chemo,SD,0,46.6,1
NSC00722,NSCLC,32,F,1,III,148.4,12.7,3.7,6.1,230.0,0,0,Chemo,PD,0,13.6,1
NSC00723,NSCLC,62,M,1,III,142.1,13.1,4.1,9.2,170.0,0,2,Chemo,PR,0,7.6,1
NSC00724,NSCLC,36,M,1,IV,242.8,15.9,3.3,7.4,359.0,1,1,PD-1,PD,0,9.8,1
NSC00725,NSCLC,50,M,1,III,122.3,10.9,3.7,10.5,409.0,0,2,PD-1,PR,0,4.8,1
NSC00726,NSCLC,51,F,0,IV,203.2,11.0,3.5,3.6,390.0,0,1,PD-1,CR,3,5.0,1
NSC00727,NSCLC,53,M,0,III,146.4,10.3,4.6,7.8,306.0,1,2,PD-1,PD,1,19.2,1
NSC00728,NSCLC,39,M,1,II,226.1,9.9,4.9,5.9,116.0,0,0,PD-1,PR,0,13.9,1
NSC00729,NSCLC,70,F,1,II,164.6,9.9,3.8,7.8,106.0,1,0,Chemo,PD,0,58.5,0
NSC00730,NSCLC,77,F,2,I,119.6,8.3,3.6,7.5,206.0,0,3,PD-1,SD,0,59.5,0
NSC00731,NSCLC,25,M,2,I,351.8,12.9,3.3,8.0,246.0,0,1,Chemo,SD,0,60.0,0
NSC00732,NSCLC,84,M,0,IV,209.3,16.0,4.1,9.0,242.0,0,2,PD-1,PD,0,1.4,1
NSC00733,NSCLC,67,M,0,IV,175.5,16.1,3.7,9.8,266.0,1,0,PD-1,SD,0,8.7,1
NSC00734,NSCLC,52,F,1,IV,233.2,10.3,3.7,10.9,139.0,0,0,PD-1,PR,0,1.6,1
NSC00735,NSCLC,81,F,0,IV,100.0,11.5,4.8,7.0,379.0,0,1,PD-1,PD,0,13.1,1
NSC00736,NSCLC,27,M,0,IV,635.3,14.5,3.9,5.9,370.0,1,0,PD-1,SD,0,14.7,1
NSC00737,NSCLC,75,F,2,III,184.0,12.9,4.3,4.5,145.0,0,1,Chemo,CR,0,34.2,1
NSC00738,NSCLC,42,M,0,IV,100.0,12.3,4.0,7.9,101.0,1,1,PD-1,PD,2,4.0,1
NSC00739,NSCLC,76,M,2,III,371.8,11.5,3.3,8.7,243.0,1,0,Chemo,SD,0,0.4,1
NSC00740,NSCLC,84,M,1,IV,115.5,14.4,3.1,4.3,351.0,0,0,Chemo,PD,0,18.7,1
NSC00741,NSCLC,58,M,2,IV,339.1,9.9,4.2,9.3,247.0,0,0,PD-1,PD,0,0.2,1
NSC00742,NSCLC,56,M,0,II,195.0,13.0,4.9,6.8,271.0,0,0,Chemo,SD,0,44.1,1
NSC00743,NSCLC,53,M,0,III,100.0,12.7,4.2,4.5,215.0,0,1,PD-1,SD,0,12.7,1
NSC00744,NSCLC,49,F,1,III,212.0,12.1,4.3,5.3,262.0,1,0,Chemo,SD,0,7.4,1
NSC00745,NSCLC,84,M,0,II,202.9,13.6,3.5,5.1,326.0,1,0,PD-1,SD,0,0.4,1
NSC00746,NSCLC,50,F,0,III,361.8,12.1,4.5,5.1,283.0,0,2,PD-1,PD,4,7.7,1
NSC00747,NSCLC,63,M,0,III,248.0,10.9,4.5,8.1,296.0,0,1,PD-1,PD,1,1.6,1
NSC00748,NSCLC,32,M,0,I,100.0,12.2,3.7,8.7,117.0,0,0,PD-1,PR,1,60.0,0
NSC00749,NSCLC,43,M,0,IV,330.7,8.8,4.3,10.4,421.0,0,1,Chemo,PD,0,10.6,1
NSC00750,NSCLC,78,M,2,IV,141.4,13.2,3.1,5.6,118.0,0,3,Chemo,PD,0,15.5,1
NSC00751,NSCLC,71,M,0,IV,508.9,13.7,4.4,7.7,263.0,0,0,Target,PD,0,19.4,1
NSC00752,NSCLC,66,M,0,IV,146.5,10.7,3.7,5.7,238.0,0,1,PD-1,PD,0,17.3,1
NSC00753,NSCLC,46,M,1,III,159.7,10.2,3.4,7.0,241.0,0,1,PD-1,PD,0,23.6,1
NSC00754,NSCLC,53,M,3,III,110.7,10.8,4.2,4.0,320.0,1,0,PD-1,PR,0,6.0,1
NSC00755,NSCLC,57,F,0,IV,134.4,11.9,3.1,4.8,193.0,0,2,PD-1,SD,0,2.6,1
NSC00756,NSCLC,62,F,0,IV,114.7,12.4,4.2,8.6,215.0,1,3,PD-1,PD,0,3.1,1
NSC00757,NSCLC,69,M,1,II,367.2,15.2,3.4,4.0,158.0,0,3,PD-1,SD,2,28.4,1
NSC00758,NSCLC,70,M,2,IV,100.0,15.0,3.3,8.2,340.0,1,0,PD-1,SD,0,16.1,1
NSC00759,NSCLC,59,M,2,IV,293.8,13.7,4.0,5.6,271.0,0,0,PD-1,SD,0,25.3,1
NSC00760,NSCLC,67,F,1,IV,298.0,12.2,3.9,3.1,301.0,1,3,PD-1,PD,0,10.6,1
NSC00761,NSCLC,27,M,0,IV,414.3,10.1,4.7,3.0,315.0,1,1,PD-1,PR,0,0.8,1
NSC00762,NSCLC,43,M,1,III,186.1,15.4,3.4,9.9,409.0,0,0,Chemo,PR,0,3.9,1
NSC00763,NSCLC,34,M,0,IV,100.0,11.5,4.7,3.2,395.0,0,1,PD-1,PR,0,9.5,1
NSC00764,NSCLC,51,F,1,IV,163.5,12.6,3.4,6.9,276.0,1,0,Target,SD,0,2.6,1
NSC00765,NSCLC,39,M,1,I,259.0,13.3,4.5,7.7,263.0,1,0,PD-1,PR,0,5.0,1
NSC00766,NSCLC,35,F,3,IV,190.7,12.1,4.6,4.4,207.0,1,2,Target,PD,0,0.6,1
NSC00767,NSCLC,71,M,0,III,225.9,14.3,4.2,5.9,310.0,1,0,PD-1,CR,0,2.7,1
NSC00768,NSCLC,50,F,0,III,411.2,12.9,3.6,8.0,307.0,0,0,PD-1,SD,1,10.1,1
NSC00769,NSCLC,83,F,1,III,257.0,14.0,3.2,7.6,192.0,0,0,PD-1,PR,0,17.6,1
NSC00770,NSCLC,48,M,1,II,204.2,12.9,3.0,6.1,308.0,0,1,Chemo,SD,0,1.9,1
NSC00771,NSCLC,37,F,2,III,100.0,11.9,4.9,7.5,331.0,1,0,PD-1,SD,1,6.3,1
NSC00772,NSCLC,56,M,0,IV,113.3,12.1,3.9,6.8,160.0,0,1,PD-1,PR,1,2.5,1
NSC00773,NSCLC,61,F,0,I,142.2,11.9,3.4,5.1,265.0,0,1,Target,PD,0,6.4,1
NSC00774,NSCLC,28,F,1,II,100.0,9.4,3.4,9.4,245.0,1,2,PD-1,PR,1,13.1,1
NSC00775,NSCLC,37,M,0,I,100.0,10.0,4.1,7.4,250.0,1,0,PD-1,SD,0,23.4,1
NSC00776,NSCLC,33,F,2,III,154.3,13.5,3.8,3.3,174.0,0,2,PD-1,PD,0,20.3,1
NSC00777,NSCLC,81,M,1,IV,170.1,9.5,3.0,8.0,104.0,0,0,PD-1,SD,0,15.9,1
NSC00778,NSCLC,73,M,2,IV,245.5,11.2,4.4,5.8,190.0,0,1,PD-1,PD,0,30.5,1
NSC00779,NSCLC,58,M,1,IV,160.3,9.9,4.2,6.4,178.0,0,1,PD-1,PR,1,15.4,1
NSC00780,NSCLC,80,F,2,IV,210.4,11.1,4.9,7.0,278.0,1,0,Target,SD,0,13.0,1
NSC00781,NSCLC,61,M,0,II,141.1,11.7,4.6,5.4,280.0,0,1,Chemo,SD,0,24.8,1
NSC00782,NSCLC,72,M,2,IV,185.9,11.2,2.5,10.6,275.0,1,0,PD-1,CR,0,7.5,1
NSC00783,NSCLC,31,F,0,IV,237.6,9.1,4.7,4.0,138.0,1,0,PD-1,SD,1,5.3,1
NSC00784,NSCLC,25,M,1,III,438.6,11.6,4.6,7.1,160.0,0,0,Target,SD,0,2.6,1
NSC00785,NSCLC,84,M,0,IV,133.1,10.1,3.6,7.8,201.0,0,1,Chemo,PD,0,26.6,1
NSC00786,NSCLC,82,M,1,IV,197.7,10.7,3.8,7.1,252.0,0,0,Target,PD,0,16.6,1
NSC00787,NSCLC,36,M,0,IV,305.4,13.5,4.2,6.6,223.0,0,0,PD-1,CR,0,4.5,1
NSC00788,NSCLC,45,M,0,III,100.0,13.9,3.5,6.2,275.0,0,0,Chemo,SD,0,3.6,1
NSC00789,NSCLC,35,M,3,IV,601.1,9.4,3.9,5.4,328.0,1,1,Chemo,SD,0,11.6,1
NSC00790,NSCLC,68,F,0,I,367.8,15.1,4.5,5.4,170.0,0,1,PD-1,SD,0,24.7,1
NSC00791,NSCLC,75,F,2,III,100.0,11.0,4.3,9.3,173.0,1,0,PD-1,PD,1,2.1,1
NSC00792,NSCLC,82,M,3,III,226.5,10.8,3.7,6.1,261.0,0,0,PD-1,SD,0,12.2,1
NSC00793,NSCLC,68,M,0,II,129.2,10.2,4.5,11.3,243.0,0,1,PD-1,CR,1,60.0,0
NSC00794,NSCLC,68,M,1,I,142.8,12.1,4.2,8.3,309.0,1,2,Chemo,PD,0,27.4,1
NSC00795,NSCLC,38,F,0,II,223.7,16.0,4.1,3.0,251.0,0,1,Chemo,PD,0,21.2,1
NSC00796,NSCLC,58,M,0,IV,340.4,8.9,3.7,8.8,389.0,0,2,Chemo,SD,0,42.9,1
NSC00797,NSCLC,58,M,1,IV,137.1,7.9,4.0,6.9,123.0,0,0,Chemo,PD,0,3.2,1
NSC00798,NSCLC,49,F,2,IV,138.2,12.5,3.6,4.2,317.0,0,3,PD-1,PR,0,1.1,1
NSC00799,NSCLC,28,M,0,III,226.6,13.1,3.0,9.6,266.0,1,0,PD-1,PR,2,17.1,1
NSC00800,NSCLC,76,M,1,III,255.5,12.1,3.9,6.1,138.0,0,3,Chemo,SD,0,16.0,1
MEL00001,Melanoma,36,M,0,IV,178.8,11.9,3.5,3.0,284.0,0,0,PD-1,CR,1,6.4,1
MEL00002,Melanoma,36,M,0,II,199.5,15.4,3.8,9.6,254.0,1,0,PD-1,CR,0,60.0,0
MEL00003,Melanoma,33,M,2,IV,145.9,9.9,4.3,7.5,317.0,0,0,Target,PD,0,2.7,1
MEL00004,Melanoma,80,F,0,III,141.3,12.6,3.5,6.7,117.0,0,0,PD-1,PD,1,22.4,1
MEL00005,Melanoma,66,M,1,III,192.3,12.8,3.8,6.7,296.0,0,1,PD-1,SD,0,7.6,1
MEL00006,Melanoma,46,F,0,III,100.0,14.4,4.3,8.4,361.0,0,3,PD-1,PR,0,54.7,0
MEL00007,Melanoma,73,F,1,II,145.1,12.2,4.3,3.8,160.0,1,0,PD-1,CR,1,2.7,1
MEL00008,Melanoma,74,F,1,II,118.7,12.8,3.8,5.2,229.0,1,0,PD-1,PD,0,16.2,1
MEL00009,Melanoma,40,M,2,I,110.2,14.4,4.1,7.4,103.0,0,2,PD-1,SD,2,50.9,0
MEL00010,Melanoma,28,F,0,III,150.0,10.4,4.4,9.2,224.0,0,2,PD-1,PD,0,46.7,1
MEL00011,Melanoma,74,F,0,III,100.0,13.6,3.5,3.0,207.0,0,0,PD-1,CR,2,4.2,1
MEL00012,Melanoma,27,F,0,IV,150.5,9.2,3.6,9.0,395.0,0,0,PD-1,PD,1,4.0,1
MEL00013,Melanoma,40,M,0,I,208.3,12.1,3.8,5.6,222.0,0,3,PD-1,PD,2,10.4,1
MEL00014,Melanoma,38,M,0,IV,340.4,11.5,4.2,6.4,282.0,1,1,Target,PD,0,0.6,1
MEL00015,Melanoma,80,F,1,II,678.2,10.6,4.1,7.1,366.0,0,3,PD-1,CR,0,29.6,1
MEL00016,Melanoma,65,M,1,III,100.0,13.9,4.0,4.8,100.0,0,0,PD-1,PD,0,0.9,1
MEL00017,Melanoma,62,M,2,I,103.5,14.1,3.5,4.5,269.0,0,1,PD-1,SD,1,7.7,1
MEL00018,Melanoma,28,M,1,IV,150.4,14.1,4.4,7.4,170.0,1,1,PD-1,SD,1,12.8,1
MEL00019,Melanoma,83,F,1,IV,197.0,12.8,3.8,10.8,172.0,0,2,PD-1,SD,0,4.6,1
MEL00020,Melanoma,26,M,3,IV,225.6,9.5,3.9,5.1,190.0,0,3,PD-1,PD,0,8.3,1
MEL00021,Melanoma,79,F,1,III,125.7,11.3,4.1,5.1,219.0,0,0,PD-1,PD,4,5.1,1
MEL00022,Melanoma,34,M,1,II,100.0,14.0,5.0,4.6,176.0,1,1,PD-1,SD,1,11.4,1
MEL00023,Melanoma,35,M,3,IV,337.2,14.0,3.7,6.5,225.0,0,0,PD-1,SD,1,2.2,1
MEL00024,Melanoma,63,M,3,IV,245.1,14.4,3.7,5.0,335.0,1,2,PD-1,SD,1,9.0,1
MEL00025,Melanoma,50,F,1,IV,278.1,12.6,3.8,5.1,297.0,0,2,Target,PD,0,21.9,1
MEL00026,Melanoma,81,M,1,II,159.4,11.6,4.6,7.4,476.0,0,2,PD-1,PR,0,54.9,0
MEL00027,Melanoma,61,M,1,IV,223.8,8.1,4.1,4.1,273.0,1,0,PD-1,PR,3,0.4,1
MEL00028,Melanoma,50,M,1,I,100.0,13.7,4.2,10.2,306.0,1,0,Chemo,PD,0,30.7,1
MEL00029,Melanoma,28,M,2,III,100.0,11.8,4.4,4.6,359.0,0,0,PD-1,CR,0,1.6,1
MEL00030,Melanoma,50,F,0,II,371.1,9.5,4.6,9.3,163.0,0,0,PD-1,PD,0,34.5,1
MEL00031,Melanoma,62,M,2,IV,184.7,13.5,3.7,10.9,357.0,1,0,PD-1,PD,0,10.1,1
MEL00032,Melanoma,52,M,1,IV,556.4,14.8,4.3,9.4,180.0,0,3,PD-1,SD,0,5.7,1
MEL00033,Melanoma,26,M,0,I,101.0,13.7,4.6,9.1,292.0,0,1,PD-1,PD,0,60.0,0
MEL00034,Melanoma,26,M,2,III,838.2,13.3,4.1,8.6,331.0,0,1,PD-1,SD,1,5.7,1
MEL00035,Melanoma,40,F,1,III,913.4,13.9,3.6,7.4,102.0,0,2,PD-1,PR,2,42.2,1
MEL00036,Melanoma,84,M,0,II,123.1,6.5,3.5,9.4,225.0,1,2,PD-1,PR,3,37.1,1
MEL00037,Melanoma,81,M,3,I,138.0,15.4,4.2,6.5,249.0,0,1,PD-1,PD,0,21.2,1
MEL00038,Melanoma,47,M,1,III,384.2,10.4,3.4,8.7,164.0,0,0,PD-1,PD,1,2.5,1
MEL00039,Melanoma,47,F,1,IV,129.3,10.6,3.6,9.2,281.0,0,0,PD-1,SD,1,0.4,1
MEL00040,Melanoma,37,F,2,III,154.6,11.1,3.8,8.0,390.0,1,1,PD-1,PR,0,0.7,1
MEL00041,Melanoma,45,M,3,III,116.8,11.3,4.1,6.5,176.0,1,2,Target,SD,0,40.5,1
MEL00042,Melanoma,63,F,2,IV,118.7,15.0,4.3,8.0,349.0,1,1,PD-1,SD,0,2.5,1
MEL00043,Melanoma,49,F,1,I,194.6,13.1,3.6,6.3,293.0,0,1,PD-1,SD,0,21.8,1
MEL00044,Melanoma,82,M,1,IV,153.8,10.6,3.4,5.9,146.0,0,2,PD-1,SD,0,28.5,1
MEL00045,Melanoma,61,M,0,III,100.0,10.9,4.4,8.6,221.0,1,2,PD-1,PD,0,2.7,1
MEL00046,Melanoma,81,M,1,IV,430.4,17.0,4.3,7.3,275.0,1,3,Target,PD,0,1.2,1
MEL00047,Melanoma,73,F,2,III,473.2,12.7,4.2,8.6,381.0,1,2,Target,SD,0,52.9,0
MEL00048,Melanoma,37,F,1,IV,246.5,11.1,4.2,7.3,318.0,0,0,PD-1,SD,1,18.7,1
MEL00049,Melanoma,39,M,0,I,195.5,8.8,3.8,8.0,199.0,0,0,PD-1,PD,1,6.6,1
MEL00050,Melanoma,52,F,0,IV,103.4,8.6,3.9,9.8,286.0,1,1,PD-1,SD,1,5.5,1
MEL00051,Melanoma,27,M,2,III,137.4,9.8,4.0,6.7,100.0,0,1,PD-1,PR,1,14.9,1
MEL00052,Melanoma,47,F,2,III,348.5,12.2,3.6,6.2,326.0,0,1,PD-1,PR,0,16.5,1
MEL00053,Melanoma,28,F,1,II,259.5,14.2,4.2,7.9,193.0,0,0,PD-1,PD,0,48.9,0
MEL00054,Melanoma,71,F,1,IV,238.2,13.2,4.1,3.0,170.0,0,2,PD-1,PR,0,17.0,1
MEL00055,Melanoma,74,M,0,IV,244.4,14.3,3.9,8.4,229.0,1,0,Target,PD,0,23.5,1
MEL00056,Melanoma,84,M,2,I,342.9,13.1,4.5,5.3,154.0,0,3,PD-1,SD,0,1.1,1
MEL00057,Melanoma,27,F,1,II,313.4,9.5,3.9,10.4,238.0,1,1,PD-1,PR,2,60.0,0
MEL00058,Melanoma,63,M,1,III,274.1,12.8,4.3,8.6,338.0,0,0,PD-1,SD,1,25.5,1
MEL00059,Melanoma,32,M,0,II,147.1,12.9,3.4,8.8,100.0,1,0,PD-1,PR,0,26.2,1
MEL00060,Melanoma,67,M,1,III,498.0,11.8,4.4,8.9,248.0,0,0,PD-1,SD,0,8.8,1
MEL00061,Melanoma,49,M,0,IV,135.5,11.4,4.3,6.1,241.0,1,0,PD-1,PR,1,0.7,1
MEL00062,Melanoma,78,F,2,IV,107.6,11.7,5.1,6.5,296.0,0,1,PD-1,SD,1,8.0,1
MEL00063,Melanoma,82,M,2,IV,129.2,8.9,4.8,3.6,239.0,0,0,PD-1,PD,1,30.8,1
MEL00064,Melanoma,65,M,2,III,100.0,9.3,4.5,10.0,330.0,0,2,PD-1,PR,0,31.5,1
MEL00065,Melanoma,76,M,2,IV,257.3,17.1,3.7,4.4,363.0,1,0,PD-1,PD,0,14.7,1
MEL00066,Melanoma,36,F,1,III,179.8,9.5,3.6,7.0,337.0,0,0,Chemo,CR,0,15.4,1
MEL00067,Melanoma,29,F,0,III,356.8,8.5,3.6,9.5,196.0,0,2,PD-1,SD,0,3.3,1
MEL00068,Melanoma,57,M,2,III,100.0,10.6,4.3,10.1,410.0,0,1,PD-1,SD,1,0.6,1
MEL00069,Melanoma,70,F,0,III,205.7,12.9,4.6,6.5,162.0,0,1,PD-1,SD,0,14.8,1
MEL00070,Melanoma,49,M,1,IV,155.4,13.1,3.4,3.6,312.0,1,0,PD-1,PR,0,14.9,1
MEL00071,Melanoma,49,M,0,III,147.3,10.0,3.6,7.5,347.0,0,0,PD-1,CR,1,24.8,1
MEL00072,Melanoma,81,F,1,IV,100.0,12.2,4.0,7.7,421.0,0,0,Chemo,SD,0,11.3,1
MEL00073,Melanoma,59,M,1,IV,186.1,10.9,3.4,7.8,336.0,0,1,PD-1,CR,0,7.5,1
MEL00074,Melanoma,39,M,0,III,114.6,12.4,3.8,6.4,194.0,0,0,PD-1,PD,1,44.2,1
MEL00075,Melanoma,66,F,0,III,451.2,11.4,4.6,6.7,328.0,0,1,PD-1,PR,0,20.3,1
MEL00076,Melanoma,50,F,1,III,264.1,10.6,4.4,5.6,244.0,0,2,PD-1,SD,0,48.3,0
MEL00077,Melanoma,34,F,2,II,326.6,10.7,4.4,7.3,343.0,0,0,PD-1,SD,2,6.5,1
MEL00078,Melanoma,48,F,1,IV,100.0,7.6,3.5,8.6,270.0,0,3,PD-1,SD,0,16.8,1
MEL00079,Melanoma,59,M,0,IV,308.4,11.6,3.1,7.5,369.0,1,0,PD-1,PD,0,10.4,1
MEL00080,Melanoma,53,M,1,II,291.4,11.8,3.8,6.9,257.0,0,2,PD-1,SD,0,7.2,1
MEL00081,Melanoma,62,F,2,IV,142.1,9.2,2.8,9.2,330.0,0,2,PD-1,CR,2,3.2,1
MEL00082,Melanoma,29,M,1,II,162.1,11.3,4.2,7.5,206.0,0,0,Target,PD,0,60.0,0
MEL00083,Melanoma,48,F,0,III,100.5,11.5,4.4,7.1,350.0,0,3,PD-1,CR,1,2.3,1
MEL00084,Melanoma,43,M,3,III,150.7,8.3,3.6,7.2,100.0,0,1,PD-1,SD,3,22.3,1
MEL00085,Melanoma,70,M,0,II,254.4,10.5,4.3,4.6,312.0,0,0,PD-1,PD,1,8.7,1
MEL00086,Melanoma,73,M,0,I,121.3,10.4,4.3,4.8,285.0,1,1,Chemo,SD,0,34.3,1
MEL00087,Melanoma,68,F,1,III,185.2,12.4,3.4,6.8,267.0,1,3,PD-1,SD,1,3.8,1
MEL00088,Melanoma,33,M,0,I,835.0,14.5,3.8,5.5,100.0,1,2,Chemo,CR,0,16.3,1
MEL00089,Melanoma,50,F,3,II,100.8,12.1,3.8,6.9,216.0,0,0,PD-1,PD,0,33.4,1
MEL00090,Melanoma,49,F,0,II,221.2,14.3,4.5,8.7,352.0,0,1,PD-1,SD,1,6.0,1
MEL00091,Melanoma,59,F,0,I,100.0,11.6,4.4,8.4,188.0,1,0,PD-1,PR,0,2.5,1
MEL00092,Melanoma,74,M,0,II,100.0,12.7,4.3,7.8,138.0,0,1,Target,SD,0,49.9,0
MEL00093,Melanoma,60,M,1,III,292.8,12.1,3.7,8.7,169.0,0,1,PD-1,SD,1,7.7,1
MEL00094,Melanoma,38,F,0,IV,142.0,16.8,4.7,9.1,350.0,0,0,PD-1,PR,1,3.9,1
MEL00095,Melanoma,80,M,0,II,473.3,11.7,4.1,9.0,292.0,0,1,PD-1,PR,1,60.0,0
MEL00096,Melanoma,30,M,0,I,254.9,13.6,4.2,8.9,369.0,0,3,PD-1,SD,0,15.7,1
MEL00097,Melanoma,56,M,1,IV,113.1,12.4,4.9,4.6,311.0,1,1,Target,PD,0,2.3,1
MEL00098,Melanoma,50,M,2,I,107.1,14.3,4.3,3.2,186.0,0,2,PD-1,PR,1,60.0,0
MEL00099,Melanoma,39,M,1,IV,279.3,13.3,3.9,5.4,401.0,0,0,PD-1,PR,0,31.2,1
MEL00100,Melanoma,73,F,1,II,100.0,12.7,3.8,6.1,206.0,0,3,PD-1,PD,0,60.0,0
MEL00101,Melanoma,55,F,0,II,100.0,9.7,3.1,8.9,189.0,0,0,PD-1,PR,4,3.1,1
MEL00102,Melanoma,80,M,2,II,100.0,9.9,3.2,6.8,275.0,0,1,PD-1,SD,0,4.1,1
MEL00103,Melanoma,61,F,1,II,263.5,10.8,4.4,6.0,288.0,0,2,PD-1,SD,0,18.0,1
MEL00104,Melanoma,62,M,0,IV,111.5,11.4,3.0,7.3,322.0,0,2,PD-1,PR,1,18.0,1
MEL00105,Melanoma,77,M,1,II,224.9,12.2,4.5,8.1,228.0,0,0,PD-1,SD,1,50.3,0
MEL00106,Melanoma,82,F,1,IV,100.0,10.8,4.4,8.6,368.0,0,1,PD-1,SD,2,6.9,1
MEL00107,Melanoma,61,M,0,III,100.0,8.0,3.6,6.2,203.0,0,1,Chemo,PD,0,34.4,1
MEL00108,Melanoma,43,F,0,IV,279.2,14.1,4.1,5.1,167.0,0,0,PD-1,SD,1,36.6,1
MEL00109,Melanoma,38,F,0,II,164.8,12.9,4.3,5.4,100.0,0,1,PD-1,PD,0,12.7,1
MEL00110,Melanoma,60,F,2,II,120.7,12.1,4.0,7.2,236.0,0,0,Chemo,PD,0,3.1,1
MEL00111,Melanoma,61,M,0,III,135.4,14.5,4.6,4.9,322.0,0,0,PD-1,PR,0,21.9,1
MEL00112,Melanoma,35,M,1,I,135.7,10.4,3.3,8.9,312.0,0,0,PD-1,CR,0,60.0,0
MEL00113,Melanoma,51,M,0,IV,614.3,11.7,4.3,4.9,280.0,0,0,PD-1,CR,0,4.7,1
MEL00114,Melanoma,26,M,0,III,212.6,12.3,3.7,3.9,216.0,0,2,PD-1,PD,1,2.5,1
MEL00115,Melanoma,46,M,0,IV,197.0,11.2,3.1,7.3,354.0,1,1,PD-1,PD,0,8.4,1
MEL00116,Melanoma,26,F,0,II,115.3,10.4,3.4,6.4,260.0,0,1,PD-1,CR,0,6.1,1
MEL00117,Melanoma,44,M,0,IV,290.6,13.7,3.7,7.9,285.0,0,0,PD-1,SD,1,13.3,1
MEL00118,Melanoma,68,F,1,III,100.0,12.6,4.0,6.0,160.0,1,0,PD-1,PR,0,34.2,1
MEL00119,Melanoma,72,M,1,IV,247.5,13.2,3.5,7.8,105.0,0,1,PD-1,PD,0,11.8,1
MEL00120,Melanoma,41,F,2,II,248.3,10.4,3.7,9.0,323.0,0,0,PD-1,PR,0,18.6,1
MEL00121,Melanoma,28,F,0,IV,333.8,13.7,3.8,5.8,455.0,0,2,PD-1,SD,0,0.1,1
MEL00122,Melanoma,38,F,2,IV,100.0,10.8,3.6,8.0,289.0,0,3,PD-1,PR,0,9.9,1
MEL00123,Melanoma,31,M,3,IV,356.5,12.5,3.7,10.6,323.0,0,2,Chemo,SD,0,2.4,1
MEL00124,Melanoma,39,F,0,III,224.1,16.0,4.3,8.5,322.0,1,1,PD-1,PR,1,17.8,1
MEL00125,Melanoma,54,M,3,III,115.3,13.7,4.8,5.4,260.0,0,1,PD-1,SD,2,7.2,1
MEL00126,Melanoma,40,M,0,I,100.0,12.7,4.1,7.7,130.0,0,3,PD-1,SD,0,32.1,1
MEL00127,Melanoma,64,F,1,IV,142.1,14.7,4.1,4.4,313.0,0,1,PD-1,PR,0,17.3,1
MEL00128,Melanoma,26,F,0,IV,202.8,10.9,4.0,4.7,376.0,0,1,PD-1,CR,1,6.0,1
MEL00129,Melanoma,43,F,1,I,100.0,13.0,3.8,10.0,298.0,0,1,PD-1,SD,0,57.3,0
MEL00130,Melanoma,25,M,1,III,108.8,10.3,4.3,7.8,238.0,0,1,PD-1,PD,0,24.5,1
MEL00131,Melanoma,55,F,0,IV,100.0,11.3,4.5,10.1,290.0,0,1,Chemo,PD,0,8.3,1
MEL00132,Melanoma,79,F,1,I,139.7,15.2,3.4,7.9,251.0,0,1,PD-1,PD,0,60.0,0
MEL00133,Melanoma,28,M,1,II,100.0,12.5,4.5,5.9,362.0,0,1,Target,SD,0,10.1,1
MEL00134,Melanoma,51,F,1,IV,666.6,14.8,4.8,7.1,274.0,0,2,Target,PD,0,3.9,1
MEL00135,Melanoma,82,M,3,IV,304.4,11.8,3.5,7.5,315.0,1,1,PD-1,SD,1,6.2,1
MEL00136,Melanoma,80,M,2,IV,100.0,14.4,4.5,11.4,348.0,0,1,Chemo,PR,0,1.4,1
MEL00137,Melanoma,77,F,3,II,101.9,12.1,4.8,8.4,316.0,0,0,PD-1,SD,2,18.0,1
MEL00138,Melanoma,49,M,2,II,100.0,12.3,4.4,5.5,263.0,1,2,PD-1,PR,3,4.6,1
MEL00139,Melanoma,46,M,0,IV,165.6,12.0,3.9,6.6,137.0,1,0,PD-1,CR,1,3.9,1
MEL00140,Melanoma,67,M,0,III,525.9,12.7,4.4,7.9,293.0,1,1,PD-1,CR,0,20.0,1
MEL00141,Melanoma,34,F,0,II,371.8,11.5,3.6,4.8,332.0,0,2,Target,SD,0,8.3,1
MEL00142,Melanoma,74,M,3,IV,204.1,9.2,3.8,7.0,130.0,1,1,PD-1,PR,1,0.9,1
MEL00143,Melanoma,57,M,0,IV,151.9,11.9,3.6,6.6,292.0,0,0,PD-1,SD,0,8.4,1
MEL00144,Melanoma,73,F,0,II,252.4,12.3,3.3,8.0,259.0,0,0,PD-1,SD,2,51.8,0
MEL00145,Melanoma,72,M,0,II,214.4,15.3,4.0,6.8,100.0,1,3,PD-1,PD,2,0.4,1
MEL00146,Melanoma,68,F,0,II,235.0,7.5,4.2,4.2,285.0,1,0,PD-1,PR,4,40.8,1
MEL00147,Melanoma,84,M,0,III,204.1,15.2,4.3,6.9,369.0,0,0,Chemo,SD,0,53.3,0
MEL00148,Melanoma,54,M,1,II,236.7,14.1,2.0,8.5,260.0,1,1,Chemo,PD,0,50.8,0
MEL00149,Melanoma,54,M,0,III,100.0,13.4,4.1,9.9,100.0,0,1,PD-1,SD,2,18.5,1
MEL00150,Melanoma,40,M,1,III,168.6,12.3,4.0,8.9,287.0,0,1,PD-1,PD,0,7.5,1
MEL00151,Melanoma,33,F,2,IV,208.5,10.0,3.5,3.8,346.0,0,1,PD-1,SD,1,0.9,1
MEL00152,Melanoma,41,M,2,II,139.6,15.9,3.8,4.3,190.0,1,2,PD-1,SD,3,39.7,1
MEL00153,Melanoma,59,F,0,III,100.0,14.5,4.4,4.9,239.0,0,3,PD-1,PR,0,8.6,1
MEL00154,Melanoma,84,M,2,IV,181.8,12.5,4.0,10.0,228.0,1,2,PD-1,PD,1,21.0,1
MEL00155,Melanoma,74,F,2,III,2000.0,12.6,4.0,8.0,265.0,0,0,PD-1,CR,3,29.6,1
MEL00156,Melanoma,71,F,0,IV,110.6,11.8,4.4,12.3,226.0,1,1,PD-1,PR,0,32.3,1
MEL00157,Melanoma,39,M,1,IV,166.4,13.2,5.2,9.6,363.0,0,1,PD-1,SD,0,5.1,1
MEL00158,Melanoma,72,F,1,IV,386.4,11.9,3.9,7.2,361.0,0,1,PD-1,SD,0,1.4,1
MEL00159,Melanoma,52,F,1,II,525.3,12.6,4.1,6.1,207.0,1,0,PD-1,PD,0,45.2,1
MEL00160,Melanoma,44,F,0,III,127.7,12.9,3.6,7.7,363.0,0,1,Target,CR,0,10.5,1
MEL00161,Melanoma,57,M,1,III,323.4,16.9,5.1,8.7,124.0,0,2,PD-1,SD,0,10.1,1
MEL00162,Melanoma,57,M,2,IV,291.4,10.2,3.7,9.4,191.0,0,1,PD-1,SD,0,5.3,1
MEL00163,Melanoma,60,M,0,II,133.8,12.3,3.1,6.4,305.0,0,1,PD-1,PR,1,4.1,1
MEL00164,Melanoma,37,F,1,II,263.7,14.5,4.3,11.4,263.0,0,1,PD-1,PD,0,53.4,0
MEL00165,Melanoma,28,F,0,IV,163.4,13.7,3.2,6.9,267.0,0,0,PD-1,SD,3,0.6,1
MEL00166,Melanoma,47,F,1,II,124.5,13.4,4.6,9.4,286.0,0,1,PD-1,SD,0,2.8,1
MEL00167,Melanoma,32,M,0,IV,508.5,18.0,4.3,7.7,217.0,1,0,PD-1,PD,2,3.7,1
MEL00168,Melanoma,37,M,0,IV,267.6,14.2,3.5,6.3,356.0,1,1,PD-1,SD,0,19.4,1
MEL00169,Melanoma,48,M,2,IV,100.0,10.8,4.3,3.1,311.0,1,2,PD-1,PD,1,5.2,1
MEL00170,Melanoma,64,M,2,II,167.9,10.5,3.8,4.5,248.0,0,2,Target,PD,0,4.4,1
MEL00171,Melanoma,70,M,0,II,132.7,11.9,4.2,9.4,330.0,1,0,PD-1,SD,1,6.2,1
MEL00172,Melanoma,54,M,1,III,159.8,11.1,3.4,8.5,292.0,0,0,PD-1,PD,1,7.7,1
MEL00173,Melanoma,84,F,1,III,247.0,12.2,3.3,8.2,237.0,1,2,PD-1,PR,0,4.0,1
MEL00174,Melanoma,54,M,2,IV,216.2,12.7,4.2,10.1,233.0,0,0,PD-1,PD,0,1.0,1
MEL00175,Melanoma,49,M,1,IV,428.6,12.5,4.9,5.0,164.0,0,0,PD-1,SD,0,3.8,1
MEL00176,Melanoma,57,F,1,IV,377.3,7.1,3.7,6.1,207.0,0,1,PD-1,PD,0,0.3,1
MEL00177,Melanoma,33,F,3,II,100.0,10.5,3.6,6.2,241.0,0,1,PD-1,SD,0,7.8,1
MEL00178,Melanoma,50,M,2,IV,170.9,13.4,3.8,4.3,263.0,1,2,PD-1,PD,0,3.2,1
MEL00179,Melanoma,48,F,0,I,100.0,15.3,3.3,5.4,183.0,1,3,Chemo,PD,0,45.4,1
MEL00180,Melanoma,57,M,1,I,100.0,11.2,4.3,4.9,259.0,0,0,PD-1,SD,1,16.3,1
MEL00181,Melanoma,63,M,1,IV,100.0,11.2,4.5,3.9,213.0,1,0,PD-1,SD,2,12.8,1
MEL00182,Melanoma,49,F,2,III,100.0,11.8,4.2,5.2,199.0,0,1,PD-1,PD,2,2.7,1
MEL00183,Melanoma,76,F,0,IV,419.9,15.4,3.9,6.9,297.0,0,2,PD-1,PR,0,1.2,1
MEL00184,Melanoma,69,F,1,III,284.8,12.1,3.5,10.6,270.0,0,0,PD-1,CR,0,18.5,1
MEL00185,Melanoma,39,F,0,I,262.5,7.5,5.0,5.0,245.0,0,1,PD-1,SD,1,5.6,1
MEL00186,Melanoma,65,M,0,III,366.9,15.6,3.6,9.1,297.0,0,1,PD-1,SD,0,7.1,1
MEL00187,Melanoma,72,F,0,IV,261.8,13.4,3.6,7.4,153.0,0,2,PD-1,PR,0,6.1,1
MEL00188,Melanoma,73,M,1,II,172.3,9.4,3.1,7.9,160.0,0,0,PD-1,SD,0,15.9,1
MEL00189,Melanoma,65,M,0,IV,127.3,11.0,3.3,7.3,224.0,0,3,PD-1,PR,1,4.7,1
MEL00190,Melanoma,30,M,1,IV,501.4,10.4,4.2,3.3,242.0,1,1,PD-1,PR,2,2.9,1
MEL00191,Melanoma,44,M,1,III,397.0,11.6,3.8,4.9,311.0,0,0,Chemo,SD,0,7.4,1
MEL00192,Melanoma,68,F,1,IV,158.9,15.0,3.6,8.1,200.0,0,0,PD-1,PR,3,7.0,1
MEL00193,Melanoma,40,F,1,IV,286.7,8.3,3.6,7.1,201.0,0,0,PD-1,PR,3,0.6,1
MEL00194,Melanoma,84,F,0,IV,100.0,11.3,3.7,3.7,337.0,0,1,PD-1,SD,1,23.0,1
MEL00195,Melanoma,45,M,0,IV,295.5,12.2,3.7,6.6,163.0,1,2,PD-1,PR,2,2.3,1
MEL00196,Melanoma,39,F,2,III,134.2,11.9,4.7,8.2,331.0,0,0,PD-1,PD,0,4.5,1
MEL00197,Melanoma,63,F,1,III,922.9,10.4,3.8,4.5,251.0,1,1,PD-1,SD,2,5.2,1
MEL00198,Melanoma,66,F,1,IV,361.5,14.4,4.1,6.2,188.0,0,2,Target,PR,0,0.0,1
MEL00199,Melanoma,28,M,1,II,100.0,11.7,4.0,10.0,162.0,1,0,PD-1,PR,0,5.1,1
MEL00200,Melanoma,48,M,0,IV,118.3,11.4,4.0,8.2,235.0,1,1,PD-1,PD,1,1.8,1
MEL00201,Melanoma,27,F,2,III,188.0,12.7,3.8,10.2,302.0,0,0,PD-1,CR,0,5.2,1
MEL00202,Melanoma,74,F,0,I,176.7,11.4,3.8,6.2,249.0,0,0,Chemo,PD,0,12.5,1
MEL00203,Melanoma,25,M,2,III,172.0,10.9,4.3,9.2,323.0,0,1,PD-1,SD,0,1.1,1
MEL00204,Melanoma,54,M,0,I,327.3,10.1,4.1,4.9,321.0,1,0,PD-1,SD,0,17.2,1
MEL00205,Melanoma,37,F,1,I,131.0,16.4,3.6,8.7,314.0,0,1,PD-1,PD,0,10.2,1
MEL00206,Melanoma,78,F,0,IV,173.6,13.6,2.6,5.6,318.0,0,3,PD-1,SD,0,15.7,1
MEL00207,Melanoma,42,F,2,III,452.9,11.2,3.7,7.9,207.0,0,0,PD-1,PD,0,11.7,1
MEL00208,Melanoma,64,M,3,III,457.3,14.5,3.3,8.0,313.0,1,0,PD-1,PD,1,0.7,1
MEL00209,Melanoma,35,M,0,II,325.9,13.0,3.5,8.4,420.0,0,2,PD-1,PD,2,27.6,1
MEL00210,Melanoma,66,M,0,III,147.0,12.1,3.3,5.0,328.0,1,0,Target,PD,0,43.0,1
MEL00211,Melanoma,53,F,0,II,118.6,9.9,4.6,7.6,219.0,1,0,PD-1,PR,1,1.3,1
MEL00212,Melanoma,28,M,2,IV,176.8,10.3,4.6,7.1,204.0,0,1,PD-1,PR,2,5.0,1
MEL00213,Melanoma,49,M,0,IV,184.4,13.9,4.4,9.5,259.0,0,3,PD-1,PR,1,6.9,1
MEL00214,Melanoma,60,M,1,IV,177.5,13.5,3.8,5.7,312.0,0,0,PD-1,PD,2,2.9,1
MEL00215,Melanoma,60,M,0,II,253.1,9.3,3.7,4.4,264.0,0,3,PD-1,PR,0,60.0,0
MEL00216,Melanoma,68,M,1,III,225.1,11.2,3.3,3.7,161.0,0,1,PD-1,CR,0,17.9,1
MEL00217,Melanoma,64,M,1,IV,219.5,13.4,4.5,6.4,311.0,0,1,Chemo,PD,0,14.5,1
MEL00218,Melanoma,52,F,1,II,137.0,14.2,4.4,6.1,325.0,0,1,PD-1,PR,2,12.5,1
MEL00219,Melanoma,69,M,2,I,100.0,13.0,4.2,6.4,180.0,1,0,PD-1,SD,0,11.3,1
MEL00220,Melanoma,32,M,0,IV,275.0,11.1,3.4,6.4,327.0,0,0,PD-1,PD,0,11.5,1
MEL00221,Melanoma,45,M,1,IV,188.0,12.5,3.8,9.8,260.0,1,0,PD-1,SD,1,2.8,1
MEL00222,Melanoma,59,F,1,III,231.7,11.6,3.9,6.7,289.0,0,0,PD-1,SD,0,3.4,1
MEL00223,Melanoma,68,M,1,II,235.6,12.8,3.1,9.3,290.0,0,3,PD-1,SD,0,26.2,1
MEL00224,Melanoma,42,M,0,III,100.0,15.0,4.7,7.8,273.0,0,1,PD-1,SD,0,10.8,1
MEL00225,Melanoma,71,M,2,III,509.2,10.4,3.3,5.2,218.0,0,1,PD-1,PR,1,13.9,1
MEL00226,Melanoma,49,F,3,III,129.1,12.6,3.6,7.0,290.0,0,2,PD-1,SD,3,11.1,1
MEL00227,Melanoma,70,F,3,III,413.4,11.8,3.1,10.1,254.0,0,3,PD-1,CR,0,59.4,0
MEL00228,Melanoma,65,M,2,III,233.9,11.5,3.9,9.0,276.0,0,3,PD-1,SD,0,1.6,1
MEL00229,Melanoma,29,M,1,IV,100.0,11.7,3.9,9.4,228.0,1,2,Chemo,PD,0,12.5,1
MEL00230,Melanoma,71,M,0,IV,118.6,14.6,4.5,8.0,282.0,0,0,PD-1,PR,0,0.5,1
MEL00231,Melanoma,32,F,0,IV,119.9,13.2,3.5,6.0,250.0,1,0,Target,SD,0,6.2,1
MEL00232,Melanoma,47,F,1,II,124.1,11.0,3.5,10.3,170.0,1,0,PD-1,SD,1,21.9,1
MEL00233,Melanoma,27,M,0,III,100.0,13.3,4.0,8.1,293.0,0,0,Target,SD,0,9.3,1
MEL00234,Melanoma,68,F,0,I,112.3,10.9,3.0,8.9,336.0,0,0,PD-1,PR,0,22.4,1
MEL00235,Melanoma,61,M,2,III,323.9,8.4,4.7,7.2,283.0,0,3,PD-1,PD,0,38.0,1
MEL00236,Melanoma,55,F,3,IV,344.4,7.4,3.3,4.9,236.0,0,3,Target,PD,0,60.0,0
MEL00237,Melanoma,53,F,2,IV,120.8,13.0,4.9,7.8,283.0,0,1,PD-1,SD,0,19.2,1
MEL00238,Melanoma,65,F,0,II,100.0,11.4,3.6,10.4,197.0,1,1,PD-1,SD,0,60.0,0
MEL00239,Melanoma,44,M,2,II,264.7,14.0,3.3,8.6,314.0,0,1,Chemo,SD,0,31.4,1
MEL00240,Melanoma,27,M,0,I,100.0,12.8,4.3,8.1,322.0,1,0,PD-1,PD,0,60.0,0
MEL00241,Melanoma,47,M,1,II,100.0,12.5,4.3,5.3,248.0,0,3,PD-1,PR,1,5.9,1
MEL00242,Melanoma,64,M,1,III,153.0,11.1,4.3,10.0,261.0,0,0,PD-1,PD,0,0.5,1
MEL00243,Melanoma,45,M,1,III,144.6,13.0,4.1,9.7,170.0,1,1,PD-1,SD,1,21.9,1
MEL00244,Melanoma,37,M,3,II,112.9,15.1,5.1,3.4,298.0,0,0,Chemo,SD,0,28.5,1
MEL00245,Melanoma,32,M,0,II,119.1,8.0,3.3,8.9,233.0,1,2,PD-1,SD,0,44.0,1
MEL00246,Melanoma,29,F,1,IV,134.1,11.7,4.7,6.5,100.0,0,1,PD-1,PR,0,2.8,1
MEL00247,Melanoma,49,F,0,III,118.1,14.7,3.2,7.6,260.0,1,1,PD-1,PD,0,1.8,1
MEL00248,Melanoma,63,M,2,IV,122.7,9.7,4.8,5.4,243.0,1,0,Target,SD,0,1.1,1
MEL00249,Melanoma,61,M,1,II,150.9,12.3,4.2,7.2,171.0,0,1,PD-1,SD,1,60.0,0
MEL00250,Melanoma,65,M,1,IV,224.1,10.6,4.8,4.8,329.0,1,1,PD-1,SD,0,5.2,1
MEL00251,Melanoma,29,M,1,III,210.5,11.5,4.4,5.4,217.0,0,0,PD-1,SD,2,7.1,1
MEL00252,Melanoma,32,M,1,II,130.9,8.5,2.9,8.0,193.0,0,2,Chemo,PR,0,48.8,0
MEL00253,Melanoma,68,M,1,II,149.9,14.0,3.8,5.5,340.0,0,2,PD-1,PD,0,50.6,0
MEL00254,Melanoma,28,F,0,III,406.1,12.3,3.4,7.9,284.0,0,1,Chemo,PD,0,24.2,1
MEL00255,Melanoma,65,F,1,III,327.7,9.1,4.7,7.2,173.0,0,0,Target,PD,0,8.2,1
MEL00256,Melanoma,84,M,3,I,251.9,12.8,4.4,11.8,251.0,1,2,PD-1,PD,0,60.0,0
MEL00257,Melanoma,78,F,2,IV,100.0,12.4,4.1,5.7,189.0,0,0,PD-1,PD,0,3.2,1
MEL00258,Melanoma,46,M,0,II,193.3,10.6,3.8,6.3,151.0,1,0,PD-1,SD,0,3.5,1
MEL00259,Melanoma,38,M,0,III,120.9,15.9,4.2,5.6,145.0,1,0,PD-1,PD,0,0.9,1
MEL00260,Melanoma,43,M,1,III,102.1,13.0,3.5,9.9,306.0,1,0,PD-1,PR,0,5.4,1
MEL00261,Melanoma,37,F,2,III,146.1,14.6,4.1,7.2,188.0,1,1,PD-1,SD,0,31.6,1
MEL00262,Melanoma,59,M,0,IV,339.8,11.7,3.9,6.7,173.0,1,0,PD-1,CR,1,0.1,1
MEL00263,Melanoma,28,M,1,IV,308.9,8.7,3.6,8.5,234.0,0,1,Target,PD,0,5.8,1
MEL00264,Melanoma,57,F,2,I,125.0,7.4,4.3,5.3,457.0,0,1,PD-1,PD,1,22.1,1
MEL00265,Melanoma,46,M,1,III,190.7,10.0,4.9,4.3,289.0,0,1,PD-1,SD,0,7.2,1
MEL00266,Melanoma,25,F,0,IV,140.8,14.7,3.3,7.6,317.0,0,0,PD-1,SD,0,5.3,1
MEL00267,Melanoma,35,F,2,III,157.0,11.0,4.5,7.3,176.0,0,2,PD-1,PD,1,17.4,1
MEL00268,Melanoma,40,M,1,IV,329.8,14.1,3.6,5.5,286.0,0,1,PD-1,PD,0,2.8,1
MEL00269,Melanoma,28,F,1,IV,174.5,9.7,4.3,7.7,251.0,0,0,PD-1,CR,1,0.8,1
MEL00270,Melanoma,53,F,0,IV,100.0,10.7,3.7,10.7,195.0,1,1,Chemo,PD,0,12.9,1
MEL00271,Melanoma,63,F,1,II,197.0,11.0,3.9,7.9,234.0,0,0,PD-1,PR,3,60.0,0
MEL00272,Melanoma,68,M,1,IV,539.1,12.5,3.9,3.0,200.0,0,0,PD-1,PD,2,10.3,1
MEL00273,Melanoma,62,F,1,IV,119.1,9.3,4.7,9.8,262.0,0,3,Target,SD,0,4.6,1
MEL00274,Melanoma,48,M,0,IV,459.0,10.4,4.0,11.0,234.0,0,0,PD-1,CR,0,8.1,1
MEL00275,Melanoma,76,F,1,III,262.6,11.5,3.8,8.1,200.0,0,1,PD-1,PR,0,18.0,1
MEL00276,Melanoma,33,M,0,IV,367.1,9.3,4.0,7.3,232.0,0,0,PD-1,SD,1,0.4,1
MEL00277,Melanoma,82,M,0,IV,306.5,8.5,4.9,3.9,321.0,1,3,PD-1,PD,0,1.3,1
MEL00278,Melanoma,32,M,1,IV,201.7,12.1,4.3,5.3,159.0,0,0,PD-1,CR,1,15.3,1
MEL00279,Melanoma,38,M,2,III,125.5,9.3,3.7,6.4,208.0,0,0,PD-1,PD,0,4.8,1
MEL00280,Melanoma,39,M,0,IV,201.4,14.4,4.7,5.5,277.0,0,1,Chemo,PD,0,7.1,1
MEL00281,Melanoma,77,M,0,IV,208.5,14.5,4.1,6.0,203.0,1,1,PD-1,PD,2,35.0,1
MEL00282,Melanoma,46,M,1,II,324.7,10.8,3.6,7.2,351.0,0,1,PD-1,SD,0,60.0,0
MEL00283,Melanoma,61,M,1,III,100.0,13.2,4.2,5.6,343.0,0,1,PD-1,SD,0,6.1,1
MEL00284,Melanoma,39,M,1,IV,100.0,12.1,3.9,10.0,347.0,1,0,PD-1,CR,1,13.0,1
MEL00285,Melanoma,30,M,0,IV,208.9,14.1,2.3,7.1,302.0,0,1,PD-1,PR,0,5.9,1
MEL00286,Melanoma,25,F,0,IV,221.3,11.1,4.2,8.0,328.0,0,1,PD-1,PD,0,3.8,1
MEL00287,Melanoma,44,F,2,II,107.7,13.0,3.5,8.0,252.0,0,1,PD-1,CR,0,8.5,1
MEL00288,Melanoma,65,M,1,III,224.6,12.6,3.4,7.8,205.0,0,0,PD-1,PD,0,60.0,0
MEL00289,Melanoma,60,M,2,III,272.3,12.5,3.0,7.1,209.0,0,1,PD-1,CR,1,9.8,1
MEL00290,Melanoma,26,F,1,IV,161.3,10.8,4.1,9.0,126.0,0,3,PD-1,PR,0,2.3,1
MEL00291,Melanoma,30,M,1,I,427.4,14.4,3.9,9.4,222.0,1,2,PD-1,PR,0,32.0,1
MEL00292,Melanoma,26,M,2,IV,478.1,11.2,4.5,3.0,227.0,0,0,PD-1,PD,0,16.6,1
MEL00293,Melanoma,27,M,0,IV,195.0,11.2,3.6,4.1,236.0,0,1,PD-1,SD,0,2.5,1
MEL00294,Melanoma,31,F,1,IV,300.2,10.6,3.8,5.9,452.0,1,1,PD-1,PR,1,5.8,1
MEL00295,Melanoma,44,M,0,III,100.0,10.7,5.0,4.8,192.0,1,0,PD-1,SD,0,7.9,1
MEL00296,Melanoma,73,F,0,IV,345.2,11.5,3.0,5.5,232.0,1,1,PD-1,PD,1,16.8,1
MEL00297,Melanoma,65,M,0,IV,436.9,12.9,4.6,6.1,422.0,0,1,PD-1,SD,0,10.5,1
MEL00298,Melanoma,78,F,0,IV,100.0,13.6,3.6,6.5,195.0,0,0,PD-1,CR,0,12.7,1
MEL00299,Melanoma,65,M,2,I,262.4,12.3,5.5,4.0,168.0,1,0,PD-1,CR,1,53.6,0
MEL00300,Melanoma,75,M,1,II,100.0,14.8,4.4,6.2,235.0,0,0,PD-1,PD,0,8.3,1
MEL00301,Melanoma,29,M,2,IV,113.1,12.2,3.7,9.8,195.0,0,0,PD-1,SD,0,18.4,1
MEL00302,Melanoma,49,F,1,III,132.7,8.4,3.3,6.5,337.0,0,0,PD-1,PD,0,60.0,0
MEL00303,Melanoma,62,M,1,IV,100.0,9.7,4.2,8.2,262.0,0,0,PD-1,SD,0,13.0,1
MEL00304,Melanoma,42,M,0,IV,157.2,13.4,3.0,6.9,163.0,0,0,Chemo,PR,0,17.4,1
MEL00305,Melanoma,25,F,1,IV,151.1,11.3,4.3,7.2,276.0,1,2,Chemo,SD,0,2.3,1
MEL00306,Melanoma,49,F,1,III,262.5,11.2,3.3,6.8,266.0,0,2,PD-1,SD,0,10.1,1
MEL00307,Melanoma,41,M,0,IV,100.0,10.1,3.5,8.5,140.0,0,1,PD-1,SD,1,6.1,1
MEL00308,Melanoma,70,M,2,I,263.5,11.2,2.6,5.4,286.0,0,2,PD-1,PD,0,10.7,1
MEL00309,Melanoma,39,M,0,III,112.9,11.2,4.1,7.3,290.0,0,0,PD-1,SD,0,15.6,1
MEL00310,Melanoma,29,M,1,II,100.0,13.0,4.1,5.8,142.0,1,1,Target,SD,0,13.5,1
MEL00311,Melanoma,41,F,1,IV,161.1,11.5,4.0,8.3,153.0,1,0,PD-1,PR,4,2.6,1
MEL00312,Melanoma,45,M,3,IV,284.8,14.6,3.1,4.8,222.0,0,2,PD-1,PR,2,4.6,1
MEL00313,Melanoma,77,F,0,II,135.6,10.7,4.7,8.3,200.0,1,0,PD-1,SD,0,8.3,1
MEL00314,Melanoma,79,M,1,III,246.7,12.4,3.9,7.4,298.0,0,0,PD-1,SD,0,9.3,1
MEL00315,Melanoma,47,M,1,IV,214.3,8.7,3.7,4.5,215.0,0,0,PD-1,CR,0,18.6,1
MEL00316,Melanoma,67,M,0,IV,1188.9,13.3,4.4,10.5,236.0,1,3,PD-1,PR,0,14.5,1
MEL00317,Melanoma,34,F,1,IV,150.3,9.2,3.8,8.1,165.0,1,0,PD-1,SD,0,18.8,1
MEL00318,Melanoma,41,M,0,IV,164.0,13.1,4.2,4.8,326.0,0,0,Target,PD,0,1.2,1
MEL00319,Melanoma,81,F,0,IV,352.4,8.3,3.6,7.3,189.0,0,0,PD-1,PR,0,16.1,1
MEL00320,Melanoma,25,F,0,III,175.7,9.9,4.4,3.7,167.0,0,2,Chemo,PD,0,2.7,1
MEL00321,Melanoma,61,M,2,III,210.7,13.7,4.4,3.6,254.0,0,1,PD-1,PR,0,23.1,1
MEL00322,Melanoma,72,M,0,III,100.0,15.1,3.8,9.4,336.0,0,1,PD-1,SD,0,15.0,1
MEL00323,Melanoma,31,M,1,IV,168.5,6.6,4.1,4.6,286.0,0,1,PD-1,SD,0,19.3,1
MEL00324,Melanoma,36,F,0,III,118.7,9.8,4.0,8.6,205.0,1,1,PD-1,PR,0,11.1,1
MEL00325,Melanoma,64,M,0,IV,136.0,15.7,3.9,9.3,218.0,0,0,PD-1,SD,0,1.9,1
MEL00326,Melanoma,74,F,0,I,211.4,12.3,3.4,5.0,142.0,0,0,Target,SD,0,1.3,1
MEL00327,Melanoma,25,M,1,IV,175.4,9.9,3.5,11.2,404.0,1,2,Chemo,PR,0,14.3,1
MEL00328,Melanoma,44,F,0,IV,288.1,15.0,3.8,7.2,374.0,0,1,PD-1,SD,0,6.8,1
MEL00329,Melanoma,68,F,0,III,321.3,13.2,4.0,7.1,273.0,1,3,PD-1,SD,1,5.1,1
MEL00330,Melanoma,55,M,2,III,163.0,12.2,3.6,5.0,249.0,1,2,PD-1,PD,3,6.6,1
MEL00331,Melanoma,28,F,1,II,217.0,8.2,4.0,5.0,160.0,1,1,PD-1,CR,4,16.1,1
MEL00332,Melanoma,50,F,0,IV,100.0,16.2,2.9,3.0,238.0,0,1,PD-1,PD,0,22.5,1
MEL00333,Melanoma,36,M,1,IV,218.9,12.5,4.0,5.4,321.0,0,2,PD-1,CR,2,1.9,1
MEL00334,Melanoma,46,F,0,IV,341.0,11.4,4.0,9.3,308.0,0,0,PD-1,PR,0,1.7,1
MEL00335,Melanoma,25,F,1,II,105.0,14.9,4.4,5.0,214.0,1,0,PD-1,SD,0,50.7,0
MEL00336,Melanoma,25,M,0,II,285.2,10.2,4.7,5.1,314.0,1,1,PD-1,SD,1,27.6,1
MEL00337,Melanoma,27,M,0,III,138.2,9.8,4.3,4.4,343.0,0,0,PD-1,PD,0,7.7,1
MEL00338,Melanoma,77,M,0,II,128.3,10.1,4.9,4.3,253.0,0,0,PD-1,SD,0,2.0,1
MEL00339,Melanoma,36,F,0,III,426.0,11.2,4.0,8.8,329.0,1,3,Chemo,SD,0,16.9,1
MEL00340,Melanoma,78,F,2,II,177.7,12.1,4.0,4.6,382.0,0,2,PD-1,PD,0,58.5,0
MEL00341,Melanoma,45,M,0,III,304.9,13.3,4.4,6.7,403.0,0,1,PD-1,PR,0,10.6,1
MEL00342,Melanoma,37,M,0,IV,100.0,9.5,3.9,6.3,202.0,1,1,PD-1,PR,1,4.4,1
MEL00343,Melanoma,37,M,1,IV,125.7,12.6,3.8,8.9,285.0,0,0,PD-1,SD,4,0.1,1
MEL00344,Melanoma,77,M,1,III,277.8,10.8,4.7,5.3,306.0,0,1,PD-1,PD,0,22.0,1
MEL00345,Melanoma,65,M,0,IV,195.3,11.8,4.4,6.1,248.0,0,1,PD-1,SD,2,16.2,1
MEL00346,Melanoma,42,M,0,II,162.3,14.4,4.3,4.8,349.0,1,2,PD-1,SD,0,60.0,0
MEL00347,Melanoma,84,F,0,III,260.4,13.0,3.6,5.7,254.0,0,3,PD-1,PD,2,17.5,1
MEL00348,Melanoma,84,F,0,IV,110.1,13.2,4.5,5.2,238.0,0,0,PD-1,SD,1,14.9,1
MEL00349,Melanoma,57,M,0,I,376.3,10.8,4.0,6.7,145.0,0,0,PD-1,PD,0,26.0,1
MEL00350,Melanoma,30,M,0,II,159.6,15.9,3.5,10.2,115.0,0,1,PD-1,PR,0,48.6,0
MEL00351,Melanoma,49,F,1,II,111.1,13.3,4.3,6.6,222.0,0,1,PD-1,PR,0,39.8,1
MEL00352,Melanoma,47,M,3,III,115.6,11.2,3.4,9.3,100.0,0,0,PD-1,PR,4,8.4,1
MEL00353,Melanoma,48,F,1,IV,172.6,14.3,2.8,8.9,350.0,0,2,PD-1,PD,0,15.5,1
MEL00354,Melanoma,61,F,0,I,140.3,13.1,3.1,6.9,321.0,1,3,PD-1,SD,1,9.7,1
MEL00355,Melanoma,50,F,1,I,248.6,9.5,3.9,8.9,305.0,1,3,PD-1,SD,0,29.6,1
MEL00356,Melanoma,28,M,1,IV,176.3,12.4,4.8,7.5,339.0,1,2,PD-1,CR,2,3.7,1
MEL00357,Melanoma,62,F,2,III,146.4,10.1,4.2,4.1,228.0,1,3,PD-1,PR,0,11.5,1
MEL00358,Melanoma,59,F,1,III,224.1,7.9,3.9,6.9,268.0,0,3,PD-1,PD,0,21.3,1
MEL00359,Melanoma,73,F,1,IV,131.9,11.1,4.7,7.4,220.0,1,1,Chemo,SD,0,7.4,1
MEL00360,Melanoma,35,M,0,III,243.4,14.3,4.3,10.5,339.0,1,0,PD-1,PD,0,13.7,1
MEL00361,Melanoma,60,F,1,IV,220.5,14.9,4.5,5.1,100.0,0,0,PD-1,PR,0,31.6,1
MEL00362,Melanoma,49,M,0,IV,215.1,11.0,4.5,7.9,339.0,0,0,PD-1,SD,0,0.9,1
MEL00363,Melanoma,44,M,0,II,146.2,11.4,3.8,4.5,104.0,0,1,PD-1,SD,0,27.8,1
MEL00364,Melanoma,25,M,0,III,124.2,14.8,3.9,10.1,234.0,0,2,PD-1,PD,0,10.8,1
MEL00365,Melanoma,54,F,1,III,294.5,13.3,3.6,9.4,166.0,0,1,PD-1,SD,0,0.2,1
MEL00366,Melanoma,28,F,1,IV,262.0,13.0,4.4,4.6,239.0,0,0,PD-1,SD,0,13.5,1
MEL00367,Melanoma,47,F,2,III,100.0,12.3,3.4,10.5,206.0,1,0,PD-1,SD,0,27.7,1
MEL00368,Melanoma,59,M,0,IV,139.8,13.4,3.6,9.2,219.0,1,0,PD-1,PD,0,5.3,1
MEL00369,Melanoma,66,M,0,IV,405.0,11.9,4.0,9.5,294.0,0,0,PD-1,SD,1,16.1,1
MEL00370,Melanoma,46,F,2,IV,327.1,15.1,4.1,10.1,268.0,0,0,PD-1,PR,0,3.8,1
MEL00371,Melanoma,55,F,2,IV,100.0,11.8,4.3,9.3,330.0,0,0,Target,PD,0,22.0,1
MEL00372,Melanoma,25,F,1,IV,182.6,11.7,4.0,6.3,283.0,1,0,PD-1,SD,0,0.9,1
MEL00373,Melanoma,83,M,0,IV,233.1,7.9,3.8,10.0,123.0,0,1,PD-1,PD,1,26.0,1
MEL00374,Melanoma,28,F,1,II,329.0,14.1,4.4,5.2,438.0,1,0,PD-1,PR,0,8.8,1
MEL00375,Melanoma,43,F,0,IV,195.6,10.1,4.5,5.4,100.0,0,1,Target,SD,0,2.1,1
MEL00376,Melanoma,54,M,2,IV,242.3,7.3,3.2,6.1,275.0,0,1,PD-1,PD,0,5.1,1
MEL00377,Melanoma,25,M,1,III,317.0,11.6,4.5,7.7,309.0,1,0,Target,PD,0,27.8,1
MEL00378,Melanoma,72,M,0,I,343.6,11.3,3.8,5.2,273.0,0,1,PD-1,SD,0,60.0,0
MEL00379,Melanoma,43,F,2,IV,162.6,12.9,4.8,4.6,234.0,1,0,PD-1,CR,0,1.1,1
MEL00380,Melanoma,76,F,1,I,186.3,13.3,3.7,5.2,369.0,0,0,PD-1,PR,1,60.0,0
MEL00381,Melanoma,45,F,3,III,115.0,10.3,3.5,6.3,340.0,1,3,PD-1,PR,0,7.7,1
MEL00382,Melanoma,46,M,3,III,153.9,17.4,4.3,7.1,248.0,0,1,PD-1,SD,0,30.2,1
MEL00383,Melanoma,74,F,0,IV,142.0,11.6,5.1,5.5,214.0,0,1,PD-1,PR,1,0.5,1
MEL00384,Melanoma,26,F,0,II,161.9,8.6,3.2,4.6,185.0,0,2,PD-1,PD,0,42.7,1
MEL00385,Melanoma,30,M,1,IV,171.3,15.2,4.4,7.8,191.0,0,3,PD-1,CR,0,0.4,1
MEL00386,Melanoma,45,F,3,I,295.3,13.5,4.3,10.6,245.0,0,0,PD-1,SD,2,38.6,1
MEL00387,Melanoma,57,M,3,III,223.5,12.8,4.0,6.2,118.0,1,2,PD-1,SD,0,12.8,1
MEL00388,Melanoma,43,M,1,III,100.0,11.1,5.0,8.8,249.0,1,2,PD-1,SD,0,3.3,1
MEL00389,Melanoma,51,M,0,IV,252.2,12.1,3.0,7.0,314.0,0,0,PD-1,SD,0,4.7,1
MEL00390,Melanoma,61,M,0,IV,130.4,7.7,4.6,8.3,205.0,0,1,PD-1,SD,0,16.0,1
MEL00391,Melanoma,53,F,2,IV,100.0,11.5,4.5,8.6,248.0,1,0,PD-1,PD,0,1.5,1
MEL00392,Melanoma,84,M,1,IV,100.0,16.9,4.6,7.0,275.0,0,1,PD-1,PD,2,2.9,1
MEL00393,Melanoma,52,F,1,III,200.7,10.1,4.5,5.0,289.0,1,1,PD-1,CR,0,12.4,1
MEL00394,Melanoma,58,M,1,IV,342.6,12.4,4.1,4.5,234.0,1,0,PD-1,CR,0,7.0,1
MEL00395,Melanoma,25,M,1,III,159.7,8.6,3.8,9.3,391.0,1,2,PD-1,PD,0,3.6,1
MEL00396,Melanoma,72,F,2,I,318.1,11.0,3.7,8.3,250.0,0,2,PD-1,SD,4,15.9,1
MEL00397,Melanoma,49,F,0,IV,190.8,9.5,4.3,9.0,144.0,1,3,PD-1,PD,0,5.8,1
MEL00398,Melanoma,45,M,0,IV,100.0,12.9,4.0,8.4,219.0,0,0,Target,SD,0,3.0,1
MEL00399,Melanoma,58,F,1,III,261.7,12.4,3.9,9.1,354.0,0,0,PD-1,PR,0,21.1,1
MEL00400,Melanoma,50,F,2,IV,130.9,9.4,3.7,7.4,348.0,0,2,PD-1,SD,0,15.7,1
MEL00401,Melanoma,60,M,0,IV,111.5,12.2,3.8,4.0,112.0,0,0,PD-1,SD,0,1.7,1
MEL00402,Melanoma,59,M,0,III,262.6,12.2,4.4,7.6,226.0,0,1,PD-1,SD,0,19.2,1
MEL00403,Melanoma,47,M,0,III,196.4,12.3,4.0,10.6,208.0,1,2,PD-1,PD,3,13.7,1
MEL00404,Melanoma,41,F,0,IV,174.1,13.7,4.6,7.7,312.0,0,0,Chemo,PD,0,23.9,1
MEL00405,Melanoma,71,M,0,IV,192.1,15.1,3.3,4.5,159.0,0,0,Chemo,PR,0,0.9,1
MEL00406,Melanoma,66,M,1,III,109.0,10.8,4.3,8.5,375.0,1,1,PD-1,PD,0,5.5,1
MEL00407,Melanoma,36,M,0,IV,524.3,11.4,3.5,11.3,132.0,1,0,PD-1,SD,0,17.5,1
MEL00408,Melanoma,68,M,1,III,201.0,11.7,4.6,5.9,239.0,0,1,PD-1,SD,0,0.4,1
MEL00409,Melanoma,44,F,0,III,199.4,9.4,4.6,7.7,154.0,1,0,PD-1,SD,1,15.9,1
MEL00410,Melanoma,63,F,0,IV,172.0,10.0,3.3,8.0,303.0,1,0,PD-1,SD,0,14.0,1
MEL00411,Melanoma,51,M,1,III,100.0,13.1,3.6,7.4,100.0,0,2,PD-1,SD,1,6.9,1
MEL00412,Melanoma,66,M,1,IV,120.9,15.8,3.6,8.6,236.0,1,1,PD-1,SD,3,18.0,1
MEL00413,Melanoma,61,M,0,IV,100.0,9.9,4.6,6.2,235.0,0,1,PD-1,PD,0,0.5,1
MEL00414,Melanoma,44,F,2,IV,100.0,16.6,3.7,8.3,178.0,1,0,PD-1,PR,4,14.3,1
MEL00415,Melanoma,76,F,0,IV,100.0,10.9,4.3,9.3,347.0,0,1,PD-1,SD,0,8.0,1
MEL00416,Melanoma,35,M,0,IV,123.8,14.4,3.7,6.5,386.0,0,3,PD-1,SD,0,1.2,1
MEL00417,Melanoma,52,M,1,IV,183.5,12.9,4.5,8.6,218.0,0,1,PD-1,CR,1,1.9,1
MEL00418,Melanoma,26,M,2,II,100.0,12.4,4.6,6.2,260.0,0,1,PD-1,PD,1,19.4,1
MEL00419,Melanoma,48,F,1,IV,275.9,11.1,4.8,4.2,201.0,0,0,PD-1,SD,1,11.9,1
MEL00420,Melanoma,40,M,0,I,216.7,12.0,3.9,4.2,149.0,1,1,PD-1,CR,0,1.2,1
MEL00421,Melanoma,36,M,1,III,157.7,10.6,4.0,7.9,161.0,0,2,PD-1,SD,2,26.7,1
MEL00422,Melanoma,40,M,0,IV,663.3,13.9,3.9,3.2,163.0,0,2,PD-1,PR,1,3.8,1
MEL00423,Melanoma,60,M,1,III,156.9,14.2,4.0,7.2,350.0,0,1,PD-1,SD,0,11.4,1
MEL00424,Melanoma,26,F,0,III,292.6,10.7,3.8,5.4,284.0,1,3,PD-1,SD,3,45.9,1
MEL00425,Melanoma,49,M,2,IV,205.5,8.7,4.5,3.0,174.0,1,0,PD-1,PR,3,5.4,1
MEL00426,Melanoma,53,M,0,II,429.8,11.3,3.6,8.4,181.0,1,1,PD-1,PD,0,46.6,1
MEL00427,Melanoma,52,F,3,IV,347.5,16.0,3.9,4.2,170.0,1,0,PD-1,PR,1,14.6,1
MEL00428,Melanoma,34,M,0,III,151.4,12.5,4.1,11.6,100.0,0,1,PD-1,SD,1,13.5,1
MEL00429,Melanoma,69,F,2,IV,154.7,14.3,4.2,10.3,292.0,1,0,PD-1,PD,1,2.6,1
MEL00430,Melanoma,47,M,0,III,100.0,10.1,3.4,6.9,240.0,0,3,Target,SD,0,28.1,1
MEL00431,Melanoma,56,F,0,IV,194.3,11.0,3.9,3.0,387.0,1,2,PD-1,PD,0,2.9,1
MEL00432,Melanoma,55,M,0,III,268.5,11.4,4.0,7.6,100.0,0,0,PD-1,PD,1,22.2,1
MEL00433,Melanoma,43,F,2,IV,174.7,9.7,4.4,10.7,318.0,1,1,PD-1,PD,3,15.4,1
MEL00434,Melanoma,39,M,0,II,420.0,12.3,3.9,9.1,325.0,0,2,PD-1,SD,0,31.4,1
MEL00435,Melanoma,79,M,0,III,197.8,10.4,3.9,9.3,335.0,0,0,Chemo,SD,0,52.5,0
MEL00436,Melanoma,57,F,0,I,383.2,13.9,4.1,10.1,270.0,0,0,Target,PD,0,1.3,1
MEL00437,Melanoma,84,F,3,III,164.4,12.2,4.5,4.5,324.0,0,0,PD-1,PD,1,3.7,1
MEL00438,Melanoma,41,M,0,IV,100.0,15.0,3.0,9.2,274.0,0,0,PD-1,PD,0,14.0,1
MEL00439,Melanoma,76,F,0,I,124.6,8.6,4.1,10.9,190.0,0,1,PD-1,PD,0,2.9,1
MEL00440,Melanoma,60,M,2,IV,177.8,10.9,4.6,5.8,218.0,1,1,PD-1,PD,0,28.0,1
MEL00441,Melanoma,44,F,2,IV,115.6,11.2,3.6,6.2,216.0,0,1,PD-1,CR,1,1.7,1
MEL00442,Melanoma,33,M,0,II,100.0,12.9,3.6,10.1,343.0,0,1,PD-1,PR,0,6.4,1
MEL00443,Melanoma,62,M,2,II,100.0,11.2,4.6,9.8,352.0,1,3,PD-1,PR,0,3.5,1
MEL00444,Melanoma,27,M,0,II,333.1,15.4,3.8,5.3,315.0,0,2,PD-1,PR,0,23.4,1
MEL00445,Melanoma,78,F,0,II,228.4,11.6,3.8,4.4,255.0,1,1,PD-1,PR,0,44.0,1
MEL00446,Melanoma,26,M,2,II,213.9,10.2,4.1,6.8,100.0,0,0,PD-1,CR,0,7.3,1
MEL00447,Melanoma,42,M,2,III,200.5,11.7,2.5,4.1,316.0,0,0,PD-1,PR,1,1.1,1
MEL00448,Melanoma,47,F,0,III,130.5,11.3,3.1,5.3,313.0,0,0,PD-1,PD,1,5.9,1
MEL00449,Melanoma,43,M,0,IV,292.0,13.9,4.3,5.6,273.0,0,1,PD-1,PR,0,4.8,1
MEL00450,Melanoma,31,M,0,IV,100.0,11.2,3.9,9.2,288.0,1,0,PD-1,PR,0,11.5,1
MEL00451,Melanoma,59,F,2,IV,100.0,9.0,3.9,9.8,185.0,0,0,PD-1,SD,1,7.2,1
MEL00452,Melanoma,84,M,3,III,160.6,12.4,3.7,9.3,223.0,1,2,PD-1,PD,0,8.1,1
MEL00453,Melanoma,84,M,0,III,195.9,10.7,3.9,5.4,184.0,0,1,Target,SD,0,6.3,1
MEL00454,Melanoma,74,M,2,III,106.6,9.7,4.6,6.8,238.0,1,2,PD-1,PR,2,32.6,1
MEL00455,Melanoma,44,M,0,III,100.0,12.0,4.1,6.1,320.0,1,2,PD-1,PR,0,23.8,1
MEL00456,Melanoma,44,F,1,III,258.4,11.7,4.5,7.4,285.0,0,0,Chemo,SD,0,22.8,1
MEL00457,Melanoma,43,M,0,IV,141.6,11.6,3.9,8.5,166.0,1,3,PD-1,CR,0,0.1,1
MEL00458,Melanoma,65,M,1,II,274.9,12.5,4.0,6.0,397.0,0,0,PD-1,SD,0,22.1,1
MEL00459,Melanoma,40,M,0,III,396.8,10.8,4.2,5.0,264.0,0,3,PD-1,PD,0,9.8,1
MEL00460,Melanoma,62,M,2,IV,100.0,12.2,4.3,10.1,196.0,1,1,PD-1,SD,0,10.1,1
MEL00461,Melanoma,45,M,0,IV,206.0,10.8,3.6,9.1,226.0,0,2,PD-1,SD,0,4.5,1
MEL00462,Melanoma,53,F,0,II,210.6,13.6,4.0,7.7,206.0,0,1,PD-1,PR,0,38.7,1
MEL00463,Melanoma,68,F,2,II,283.3,12.0,3.7,4.9,268.0,0,1,PD-1,SD,0,29.1,1
MEL00464,Melanoma,84,F,1,IV,131.6,15.5,4.8,8.7,144.0,1,1,PD-1,SD,0,18.3,1
MEL00465,Melanoma,62,M,0,I,187.4,11.0,3.1,6.7,274.0,1,3,PD-1,SD,2,10.4,1
MEL00466,Melanoma,69,M,1,IV,281.5,12.7,4.3,3.0,317.0,1,3,PD-1,PD,0,5.2,1
MEL00467,Melanoma,83,F,2,IV,235.7,14.3,3.6,5.9,303.0,0,1,PD-1,CR,1,19.8,1
MEL00468,Melanoma,48,M,1,IV,461.9,13.1,3.4,7.9,271.0,1,1,PD-1,PD,1,0.9,1
MEL00469,Melanoma,61,F,0,I,107.7,12.3,3.8,6.6,296.0,1,0,PD-1,PD,0,24.7,1
MEL00470,Melanoma,53,F,0,III,205.2,12.7,4.6,8.0,281.0,0,2,PD-1,CR,1,2.4,1
MEL00471,Melanoma,55,F,3,II,172.1,13.0,3.7,7.9,334.0,0,1,PD-1,PR,0,8.5,1
MEL00472,Melanoma,69,M,0,III,160.1,12.6,3.1,4.8,231.0,1,2,PD-1,PR,0,8.7,1
MEL00473,Melanoma,76,M,1,IV,258.0,12.0,3.5,8.4,177.0,1,1,PD-1,SD,0,0.7,1
MEL00474,Melanoma,63,F,1,IV,194.3,13.5,4.1,8.6,279.0,0,0,PD-1,PR,1,0.1,1
MEL00475,Melanoma,36,F,0,III,100.0,11.8,3.2,6.9,337.0,1,0,PD-1,PR,0,6.2,1
MEL00476,Melanoma,54,M,0,III,321.1,10.0,4.4,7.0,219.0,0,0,Chemo,PD,0,7.6,1
MEL00477,Melanoma,77,F,2,III,258.3,16.1,3.2,7.0,378.0,1,1,PD-1,CR,0,8.9,1
MEL00478,Melanoma,28,M,0,II,439.1,13.8,3.8,10.0,281.0,0,0,PD-1,SD,0,48.2,0
MEL00479,Melanoma,54,M,2,III,280.4,10.2,4.4,7.8,324.0,0,1,PD-1,PD,0,0.2,1
MEL00480,Melanoma,29,F,2,II,159.5,11.5,3.7,7.2,157.0,0,0,PD-1,PD,0,34.2,1
MEL00481,Melanoma,40,M,0,IV,160.2,10.9,3.3,7.9,313.0,1,0,PD-1,PR,3,4.0,1
MEL00482,Melanoma,51,M,0,III,337.5,11.0,4.0,7.9,287.0,0,0,PD-1,PR,0,11.2,1
MEL00483,Melanoma,28,M,2,II,114.4,13.7,3.8,6.8,419.0,1,0,PD-1,PD,0,45.0,1
MEL00484,Melanoma,32,M,2,III,105.3,11.3,4.6,4.3,291.0,0,0,Target,PD,0,2.5,1
MEL00485,Melanoma,72,M,0,II,206.9,15.8,4.4,7.2,302.0,1,1,PD-1,PD,0,60.0,0
MEL00486,Melanoma,32,M,0,II,100.0,8.5,4.3,8.2,184.0,0,0,PD-1,PR,0,38.2,1
MEL00487,Melanoma,41,M,1,IV,223.5,11.9,4.0,7.6,275.0,0,0,PD-1,SD,0,0.2,1
MEL00488,Melanoma,70,F,1,IV,240.3,9.3,3.9,6.0,342.0,0,3,PD-1,SD,2,3.3,1
MEL00489,Melanoma,68,F,1,I,156.4,12.7,3.9,6.6,222.0,0,0,PD-1,PD,2,19.1,1
MEL00490,Melanoma,27,M,3,IV,421.9,12.9,3.1,9.0,193.0,1,2,Target,SD,0,10.1,1
MEL00491,Melanoma,51,M,1,III,356.7,13.8,4.0,3.6,411.0,0,3,PD-1,SD,3,9.9,1
MEL00492,Melanoma,76,M,2,III,113.6,9.5,3.6,5.5,228.0,0,1,PD-1,PR,1,3.4,1
MEL00493,Melanoma,58,F,1,IV,268.7,12.9,4.0,7.3,322.0,0,1,PD-1,PR,1,0.4,1
MEL00494,Melanoma,69,F,0,II,327.3,10.3,4.0,9.1,212.0,0,0,PD-1,SD,2,2.0,1
MEL00495,Melanoma,45,F,1,I,190.5,12.2,3.8,10.6,215.0,0,1,Target,CR,0,41.9,1
MEL00496,Melanoma,67,M,1,II,139.9,11.1,4.5,8.8,240.0,0,1,Target,SD,0,9.4,1
MEL00497,Melanoma,48,F,0,II,100.0,9.5,3.5,5.8,296.0,0,0,PD-1,PR,3,31.4,1
MEL00498,Melanoma,68,M,0,I,129.7,13.4,3.8,3.5,343.0,0,0,PD-1,PD,2,3.5,1
MEL00499,Melanoma,74,F,1,III,100.0,11.5,3.8,10.7,205.0,0,2,PD-1,CR,2,40.7,1
MEL00500,Melanoma,65,F,1,III,313.4,13.7,4.6,5.3,340.0,0,0,PD-1,PD,1,0.3,1
MEL00501,Melanoma,53,M,3,IV,155.5,13.9,4.0,7.3,261.0,0,1,PD-1,SD,0,18.1,1
MEL00502,Melanoma,63,F,2,III,247.9,14.6,4.0,6.8,236.0,1,1,PD-1,PR,0,6.0,1
MEL00503,Melanoma,30,F,0,II,386.1,11.0,4.4,6.9,295.0,1,0,Chemo,PR,0,20.5,1
MEL00504,Melanoma,80,M,2,II,205.9,10.1,3.7,4.7,364.0,0,0,PD-1,PD,1,9.3,1
MEL00505,Melanoma,38,M,0,IV,367.3,14.4,4.4,10.6,291.0,0,0,PD-1,PR,0,0.8,1
MEL00506,Melanoma,74,M,0,II,146.9,12.2,4.2,5.3,192.0,0,1,PD-1,PR,1,26.7,1
MEL00507,Melanoma,38,M,0,IV,228.6,14.7,4.6,7.3,262.0,1,0,PD-1,PR,1,9.5,1
MEL00508,Melanoma,61,M,1,III,205.0,9.6,3.8,6.1,295.0,0,1,PD-1,SD,0,44.6,1
MEL00509,Melanoma,76,F,0,IV,119.0,13.4,3.9,8.2,203.0,1,1,PD-1,PR,0,5.9,1
MEL00510,Melanoma,48,F,0,III,150.6,12.1,4.1,6.6,272.0,0,2,PD-1,PD,0,29.4,1
MEL00511,Melanoma,37,F,0,II,423.7,11.9,4.0,6.4,193.0,1,0,PD-1,PD,0,24.1,1
MEL00512,Melanoma,25,F,0,III,147.4,11.4,4.4,9.2,301.0,0,1,PD-1,PD,0,7.1,1
MEL00513,Melanoma,36,F,2,III,100.0,9.8,3.9,6.4,367.0,0,0,Target,SD,0,55.1,0
MEL00514,Melanoma,75,F,3,IV,147.3,13.3,3.5,9.8,244.0,0,0,PD-1,PD,1,0.6,1
MEL00515,Melanoma,66,F,1,III,115.4,11.2,4.7,4.5,310.0,0,0,PD-1,SD,0,10.7,1
MEL00516,Melanoma,48,M,1,I,238.3,12.4,5.0,6.5,332.0,1,1,PD-1,PD,0,60.0,0
MEL00517,Melanoma,61,M,1,IV,262.1,15.9,3.2,5.3,216.0,1,3,PD-1,SD,0,3.8,1
MEL00518,Melanoma,44,M,2,IV,224.7,10.9,4.2,7.1,284.0,0,0,PD-1,PR,1,4.4,1
MEL00519,Melanoma,30,M,1,IV,141.8,11.4,4.4,4.3,341.0,0,1,Target,PD,0,0.9,1
MEL00520,Melanoma,36,M,0,III,187.8,11.7,4.1,8.2,381.0,1,0,PD-1,SD,0,17.1,1
MEL00521,Melanoma,45,F,0,I,150.0,11.2,4.8,8.4,228.0,0,1,PD-1,PD,2,36.9,1
MEL00522,Melanoma,27,F,0,II,100.0,11.3,3.3,10.0,160.0,0,0,PD-1,PR,0,60.0,0
MEL00523,Melanoma,51,M,0,IV,169.5,13.4,3.7,8.7,297.0,0,1,PD-1,PD,0,4.7,1
MEL00524,Melanoma,70,F,0,IV,881.8,14.6,4.1,8.7,268.0,0,1,PD-1,PR,0,4.1,1
MEL00525,Melanoma,77,M,2,IV,100.0,12.3,4.5,8.4,252.0,1,1,Chemo,SD,0,32.6,1
MEL00526,Melanoma,60,F,1,III,100.0,13.5,4.6,6.6,208.0,0,0,PD-1,SD,3,13.1,1
MEL00527,Melanoma,41,F,0,IV,426.0,11.7,3.4,10.2,321.0,0,1,PD-1,SD,0,10.1,1
MEL00528,Melanoma,73,F,0,IV,237.3,11.6,3.1,8.1,203.0,0,1,PD-1,PD,1,20.8,1
MEL00529,Melanoma,70,M,1,III,216.8,11.2,4.4,11.9,196.0,0,0,PD-1,SD,1,10.3,1
MEL00530,Melanoma,39,F,0,IV,146.2,10.5,4.1,10.5,239.0,1,0,PD-1,CR,1,0.2,1
MEL00531,Melanoma,63,M,0,II,207.6,14.5,4.1,7.7,324.0,0,2,PD-1,SD,0,0.9,1
MEL00532,Melanoma,28,F,2,IV,187.0,11.0,4.4,7.8,141.0,0,2,Chemo,SD,0,1.4,1
MEL00533,Melanoma,41,M,1,IV,398.0,13.2,3.6,8.7,169.0,1,0,PD-1,SD,1,6.9,1
MEL00534,Melanoma,62,F,2,II,314.2,10.3,3.9,10.2,184.0,0,1,PD-1,PR,3,43.4,1
MEL00535,Melanoma,35,M,2,IV,260.2,12.1,4.3,3.9,409.0,0,1,PD-1,SD,1,27.5,1
MEL00536,Melanoma,36,F,2,III,120.3,12.0,3.5,9.6,273.0,0,3,PD-1,PD,1,56.7,0
MEL00537,Melanoma,71,M,0,IV,208.0,10.3,3.7,7.7,167.0,0,3,PD-1,CR,0,9.9,1
MEL00538,Melanoma,56,F,0,IV,125.3,11.3,4.1,9.2,240.0,0,1,Chemo,PD,0,16.0,1
MEL00539,Melanoma,51,F,0,IV,378.8,9.9,4.3,5.6,312.0,0,0,PD-1,CR,0,0.1,1
MEL00540,Melanoma,68,M,0,IV,118.0,12.0,3.3,5.5,410.0,0,1,Chemo,PR,0,60.0,0
MEL00541,Melanoma,67,M,1,III,167.2,8.5,4.3,7.7,127.0,1,1,PD-1,SD,1,49.2,0
MEL00542,Melanoma,51,F,2,I,100.0,11.9,4.2,9.0,164.0,0,3,Target,SD,0,16.6,1
MEL00543,Melanoma,73,M,3,IV,134.4,13.3,3.6,4.5,223.0,1,0,PD-1,SD,0,42.2,1
MEL00544,Melanoma,64,M,2,III,133.5,12.0,5.1,6.2,226.0,0,2,PD-1,PD,2,3.7,1
MEL00545,Melanoma,68,M,1,IV,165.4,10.6,3.5,4.6,224.0,1,1,PD-1,PD,3,1.2,1
MEL00546,Melanoma,53,F,1,II,105.7,10.7,4.4,7.8,241.0,1,0,Target,PD,0,2.6,1
MEL00547,Melanoma,33,M,0,IV,375.9,14.4,4.1,11.0,412.0,0,1,PD-1,SD,1,0.8,1
MEL00548,Melanoma,67,M,1,III,162.0,12.3,3.8,6.3,149.0,1,0,PD-1,SD,4,13.0,1
MEL00549,Melanoma,27,F,2,IV,131.6,13.7,4.0,8.6,263.0,0,1,PD-1,SD,0,18.2,1
MEL00550,Melanoma,63,M,0,IV,287.7,13.9,4.3,7.2,295.0,1,1,PD-1,PD,2,4.9,1
MEL00551,Melanoma,53,M,1,II,663.4,11.1,5.4,7.7,134.0,1,3,PD-1,SD,0,56.6,0
MEL00552,Melanoma,45,F,2,III,142.2,10.0,3.3,5.8,365.0,0,3,PD-1,CR,0,4.6,1
MEL00553,Melanoma,59,F,0,IV,156.5,13.3,2.6,8.3,237.0,0,0,PD-1,PR,1,3.2,1
MEL00554,Melanoma,77,M,3,IV,116.4,10.3,3.5,6.6,163.0,0,0,PD-1,PR,0,19.6,1
MEL00555,Melanoma,72,M,0,III,269.7,10.8,4.0,10.6,374.0,0,2,PD-1,CR,2,12.8,1
MEL00556,Melanoma,34,F,2,IV,321.6,12.2,4.3,6.0,305.0,0,1,Target,SD,0,3.2,1
MEL00557,Melanoma,47,M,0,II,176.3,11.5,4.0,9.0,207.0,0,2,PD-1,SD,0,23.2,1
MEL00558,Melanoma,63,F,0,III,139.3,7.4,3.9,10.9,308.0,0,0,PD-1,CR,2,2.2,1
MEL00559,Melanoma,49,F,0,IV,249.7,9.5,4.8,9.4,281.0,0,2,Target,PD,0,29.6,1
MEL00560,Melanoma,48,F,1,II,282.5,14.0,3.6,5.2,127.0,0,1,PD-1,PD,0,3.2,1
MEL00561,Melanoma,44,F,2,III,460.6,11.8,4.8,5.0,135.0,0,0,PD-1,PR,1,4.1,1
MEL00562,Melanoma,39,M,1,IV,127.8,13.5,4.3,7.9,277.0,0,0,PD-1,PR,1,21.5,1
MEL00563,Melanoma,45,F,2,IV,302.3,10.4,4.7,7.1,108.0,1,2,PD-1,CR,1,10.7,1
MEL00564,Melanoma,77,F,2,II,193.2,9.8,3.5,8.0,330.0,1,1,PD-1,SD,0,3.0,1
MEL00565,Melanoma,66,F,0,IV,100.0,13.4,3.8,9.4,140.0,0,3,PD-1,SD,1,1.2,1
MEL00566,Melanoma,36,M,1,III,451.8,14.6,3.3,7.2,324.0,1,1,PD-1,SD,0,2.9,1
MEL00567,Melanoma,42,M,0,III,216.7,10.3,4.2,5.7,364.0,1,0,PD-1,SD,1,6.7,1
MEL00568,Melanoma,84,M,1,IV,260.9,14.0,4.2,7.4,289.0,1,1,PD-1,SD,0,7.5,1
MEL00569,Melanoma,47,F,0,II,319.8,10.0,5.0,10.0,100.0,0,0,PD-1,PD,0,0.2,1
MEL00570,Melanoma,79,F,0,IV,259.2,8.7,4.0,7.1,340.0,0,1,PD-1,CR,0,2.2,1
MEL00571,Melanoma,65,F,1,IV,101.5,13.2,3.2,11.3,215.0,0,0,Target,PD,0,10.1,1
MEL00572,Melanoma,53,F,0,IV,271.7,10.1,4.5,8.8,245.0,0,1,Target,PD,0,3.9,1
MEL00573,Melanoma,65,F,1,III,244.2,9.6,3.5,8.6,191.0,0,1,PD-1,PR,0,6.6,1
MEL00574,Melanoma,60,M,2,III,100.0,9.6,3.4,5.9,385.0,0,0,Target,SD,0,42.5,1
MEL00575,Melanoma,29,M,0,III,492.6,11.3,4.4,6.7,264.0,0,0,PD-1,CR,2,23.2,1
MEL00576,Melanoma,63,F,2,IV,144.5,8.6,3.6,8.0,218.0,0,1,PD-1,SD,0,1.9,1
MEL00577,Melanoma,50,F,1,III,329.4,13.2,3.7,6.9,357.0,0,3,PD-1,PR,1,22.6,1
MEL00578,Melanoma,63,F,0,III,148.2,13.0,4.7,9.5,320.0,1,1,PD-1,CR,0,13.0,1
MEL00579,Melanoma,35,M,2,IV,131.6,13.0,4.3,7.4,159.0,1,1,PD-1,PR,3,4.1,1
MEL00580,Melanoma,66,F,0,IV,172.9,14.4,4.3,5.8,277.0,1,0,PD-1,PD,0,14.2,1
MEL00581,Melanoma,35,F,0,I,647.4,13.9,3.3,7.7,268.0,0,0,PD-1,PD,0,0.4,1
MEL00582,Melanoma,80,M,0,IV,606.5,10.2,4.4,6.4,132.0,1,1,PD-1,SD,1,5.7,1
MEL00583,Melanoma,80,F,1,I,131.5,13.3,3.9,8.5,316.0,0,2,PD-1,SD,1,4.5,1
MEL00584,Melanoma,42,M,1,III,383.1,14.2,3.8,6.1,248.0,1,1,PD-1,PD,0,20.8,1
MEL00585,Melanoma,36,M,0,III,183.8,13.6,4.2,10.8,422.0,0,1,PD-1,PR,0,52.9,0
MEL00586,Melanoma,81,F,0,II,608.5,13.8,4.0,4.1,363.0,0,2,PD-1,PR,0,60.0,0
MEL00587,Melanoma,40,M,2,IV,362.0,11.7,3.3,6.5,268.0,1,0,PD-1,SD,0,1.3,1
MEL00588,Melanoma,51,M,2,III,214.3,10.7,4.5,7.5,243.0,1,0,PD-1,SD,1,17.7,1
MEL00589,Melanoma,60,F,1,II,190.3,11.5,4.5,6.2,100.0,1,0,PD-1,PR,0,34.8,1
MEL00590,Melanoma,41,F,0,IV,261.1,10.6,3.7,3.0,317.0,1,0,PD-1,SD,0,1.5,1
MEL00591,Melanoma,73,M,0,IV,242.3,14.0,4.3,11.0,245.0,0,3,PD-1,PR,0,0.0,1
MEL00592,Melanoma,45,F,2,IV,100.0,12.4,4.5,8.7,213.0,0,1,Target,SD,0,27.0,1
MEL00593,Melanoma,79,M,0,III,205.3,13.6,3.1,4.7,252.0,0,1,PD-1,SD,0,5.1,1
MEL00594,Melanoma,61,F,0,II,122.6,9.1,3.7,5.0,374.0,0,3,PD-1,PD,1,4.4,1
MEL00595,Melanoma,55,F,1,I,131.9,11.1,2.9,4.3,359.0,1,3,PD-1,PD,1,5.8,1
MEL00596,Melanoma,69,M,1,IV,353.8,9.9,4.3,6.9,359.0,1,1,PD-1,SD,0,2.1,1
MEL00597,Melanoma,59,M,1,IV,204.8,8.7,4.2,10.1,167.0,0,2,PD-1,PR,0,4.8,1
MEL00598,Melanoma,51,M,0,IV,138.0,12.6,3.7,6.6,376.0,0,0,PD-1,SD,0,7.0,1
MEL00599,Melanoma,47,M,1,IV,100.0,9.9,3.9,6.3,211.0,0,2,PD-1,PR,4,43.8,1
MEL00600,Melanoma,56,F,1,IV,113.8,11.3,3.8,9.1,310.0,1,0,PD-1,PD,0,29.0,1
BRE00001,Breast,66,F,1,III,161.9,10.0,4.4,5.4,329.0,0,1,Chemo,PD,0,7.4,1
BRE00002,Breast,35,F,0,IV,158.1,8.9,4.2,3.8,246.0,0,2,PD-1,CR,0,22.3,1
BRE00003,Breast,26,F,1,II,174.7,10.9,4.7,6.9,193.0,1,2,Target,SD,0,60.0,0
BRE00004,Breast,54,F,1,IV,184.8,9.6,3.2,8.7,286.0,0,1,Target,PD,0,11.7,1
BRE00005,Breast,28,F,0,III,421.3,12.9,2.6,4.9,376.0,1,0,Target,SD,0,60.0,0
BRE00006,Breast,77,F,1,I,240.6,12.7,4.9,6.8,100.0,1,2,Chemo,PD,0,30.1,1
BRE00007,Breast,49,M,1,IV,120.3,12.5,4.5,6.1,299.0,0,0,PD-1,SD,0,15.6,1
BRE00008,Breast,45,M,2,III,126.1,13.2,3.5,8.2,389.0,0,2,Chemo,SD,0,8.6,1
BRE00009,Breast,49,F,1,IV,333.1,13.1,3.6,5.3,374.0,1,0,Target,SD,0,6.4,1
BRE00010,Breast,33,M,1,IV,100.0,10.6,4.0,6.6,230.0,0,1,Chemo,PD,0,4.4,1
BRE00011,Breast,32,M,2,IV,182.6,13.0,3.9,6.8,258.0,0,1,Chemo,PD,0,2.9,1
BRE00012,Breast,29,F,2,IV,100.0,12.6,3.7,7.5,267.0,0,0,Chemo,PD,0,3.5,1
BRE00013,Breast,70,F,0,III,169.0,10.8,3.6,4.8,229.0,0,0,Chemo,SD,0,1.7,1
BRE00014,Breast,52,M,0,III,100.0,11.3,3.8,7.6,324.0,1,1,Chemo,PD,0,16.0,1
BRE00015,Breast,26,F,0,I,122.8,13.7,4.2,5.9,122.0,0,2,Chemo,PD,0,11.6,1
BRE00016,Breast,45,M,0,IV,203.1,9.4,4.0,8.0,296.0,0,1,Chemo,SD,0,0.3,1
BRE00017,Breast,83,M,1,I,260.6,12.7,3.8,6.2,244.0,1,2,Chemo,PD,0,44.7,1
BRE00018,Breast,73,M,1,IV,118.0,11.8,3.7,9.5,331.0,0,0,Chemo,SD,0,24.6,1
BRE00019,Breast,32,M,2,I,355.4,11.9,5.1,3.8,339.0,0,0,Chemo,CR,0,21.5,1
BRE00020,Breast,58,M,0,II,100.0,11.4,3.7,8.1,259.0,1,1,Chemo,SD,0,25.4,1
BRE00021,Breast,47,M,1,II,289.9,12.8,4.3,7.6,200.0,0,0,Chemo,PR,0,13.5,1
BRE00022,Breast,39,F,1,II,141.1,8.8,5.2,7.9,333.0,1,1,PD-1,PR,0,9.3,1
BRE00023,Breast,51,F,2,I,321.6,12.5,4.3,9.1,148.0,0,1,Chemo,PR,0,60.0,0
BRE00024,Breast,26,M,0,III,141.0,9.9,4.2,3.4,166.0,0,3,Target,PR,0,10.7,1
BRE00025,Breast,52,M,0,III,119.4,14.1,4.6,11.3,244.0,0,0,PD-1,PR,2,22.0,1
BRE00026,Breast,35,M,0,III,261.3,9.4,4.7,8.0,208.0,1,0,Chemo,CR,0,5.2,1
BRE00027,Breast,70,F,1,III,236.2,7.2,4.0,10.9,233.0,0,2,Chemo,SD,0,24.9,1
BRE00028,Breast,45,M,0,III,131.0,8.6,3.3,10.7,226.0,0,0,Chemo,PD,0,14.1,1
BRE00029,Breast,66,F,2,IV,250.9,11.9,3.9,7.9,248.0,0,1,Chemo,PD,0,32.0,1
BRE00030,Breast,56,M,0,IV,167.4,8.9,4.3,7.5,369.0,0,2,Chemo,PD,0,3.3,1
BRE00031,Breast,56,F,0,I,198.0,9.4,3.8,8.5,158.0,0,0,Chemo,CR,0,60.0,0
BRE00032,Breast,31,M,0,II,221.9,10.6,3.9,3.0,213.0,0,0,PD-1,CR,0,4.3,1
BRE00033,Breast,46,F,2,III,100.0,13.1,4.8,6.8,316.0,1,0,Chemo,CR,0,29.4,1
BRE00034,Breast,38,F,1,IV,181.6,10.5,4.4,8.9,253.0,1,0,Chemo,SD,0,7.6,1
BRE00035,Breast,37,F,2,I,100.0,11.6,4.3,10.1,172.0,0,1,PD-1,PD,0,50.7,0
BRE00036,Breast,45,F,0,IV,100.0,11.5,3.5,6.4,243.0,0,0,Chemo,PD,0,9.8,1
BRE00037,Breast,46,F,0,I,169.8,9.1,3.9,7.7,129.0,0,0,PD-1,PR,0,1.3,1
BRE00038,Breast,58,F,2,III,325.9,12.8,4.2,8.1,333.0,1,1,Chemo,SD,0,13.5,1
BRE00039,Breast,34,F,0,IV,157.6,16.5,4.3,6.8,259.0,0,3,PD-1,PD,0,7.1,1
BRE00040,Breast,25,M,0,III,146.5,8.5,4.8,5.1,426.0,0,3,Chemo,PD,0,12.6,1
BRE00041,Breast,25,M,0,III,138.2,10.2,4.3,5.7,160.0,0,2,Chemo,PR,0,42.2,1
BRE00042,Breast,48,M,0,IV,229.4,9.5,3.7,4.9,197.0,1,1,Chemo,PR,0,4.4,1
BRE00043,Breast,27,F,0,I,100.0,11.6,4.9,4.0,264.0,0,0,Chemo,SD,0,60.0,0
BRE00044,Breast,55,M,0,III,100.0,9.1,3.9,6.7,355.0,1,1,Chemo,PR,0,56.9,0
BRE00045,Breast,67,F,1,III,408.1,14.5,4.5,11.4,211.0,0,0,Target,PD,0,60.0,0
BRE00046,Breast,75,M,1,IV,232.4,14.8,3.7,7.5,194.0,0,2,Chemo,SD,0,27.7,1
BRE00047,Breast,65,M,1,IV,119.0,13.4,3.6,6.4,256.0,0,0,PD-1,PR,0,10.4,1
BRE00048,Breast,37,M,0,II,123.3,13.9,3.3,7.7,196.0,1,1,Target,PR,0,12.8,1
BRE00049,Breast,78,M,1,IV,129.9,12.2,3.4,5.3,288.0,0,0,PD-1,CR,0,7.2,1
BRE00050,Breast,28,F,0,II,100.0,14.2,3.8,3.7,256.0,0,0,Target,PD,0,60.0,0
BRE00051,Breast,76,M,1,I,150.2,11.4,4.7,5.6,306.0,0,1,Chemo,PR,0,16.8,1
BRE00052,Breast,47,M,1,III,183.7,10.9,4.1,4.7,322.0,0,1,PD-1,PR,0,15.2,1
BRE00053,Breast,30,F,1,IV,408.8,13.3,3.1,3.3,279.0,0,0,Chemo,PD,0,6.2,1
BRE00054,Breast,58,M,1,IV,193.1,11.2,4.4,5.9,342.0,0,3,PD-1,CR,0,57.1,0
BRE00055,Breast,65,M,0,III,282.9,16.3,4.0,8.0,223.0,0,0,PD-1,PR,0,26.7,1
BRE00056,Breast,42,F,1,III,152.2,14.1,4.8,7.8,134.0,0,3,Chemo,PR,0,8.6,1
BRE00057,Breast,80,M,1,IV,137.7,10.9,3.8,7.5,164.0,0,1,Chemo,CR,0,4.7,1
BRE00058,Breast,60,M,1,IV,180.6,11.7,3.5,10.3,243.0,0,1,PD-1,SD,0,3.8,1
BRE00059,Breast,50,M,1,IV,303.0,11.7,4.9,5.9,283.0,0,3,Chemo,PR,0,0.5,1
BRE00060,Breast,57,M,0,II,126.6,10.5,4.5,7.9,297.0,0,2,Chemo,PD,0,37.8,1
BRE00061,Breast,57,M,0,IV,207.1,13.8,3.1,6.2,198.0,0,0,PD-1,SD,0,36.4,1
BRE00062,Breast,49,M,1,IV,203.8,10.3,4.2,9.8,319.0,1,0,Chemo,PD,0,41.3,1
BRE00063,Breast,76,M,0,IV,178.6,11.8,3.1,5.4,100.0,0,0,Target,PD,0,18.8,1
BRE00064,Breast,41,M,0,II,304.2,10.5,4.5,8.5,206.0,0,1,Target,SD,0,22.3,1
BRE00065,Breast,75,M,2,IV,185.9,10.9,3.4,7.5,290.0,1,1,PD-1,SD,0,2.0,1
BRE00066,Breast,27,M,0,IV,166.6,13.5,3.4,9.4,323.0,0,1,Chemo,PD,0,18.3,1
BRE00067,Breast,79,M,1,III,175.6,13.4,4.7,7.0,311.0,1,0,Chemo,PD,0,10.7,1
BRE00068,Breast,46,M,2,IV,100.0,11.3,4.2,6.5,324.0,0,1,Chemo,PD,0,14.2,1
BRE00069,Breast,80,F,0,IV,164.8,14.3,4.4,6.3,264.0,0,1,Chemo,PR,0,22.5,1
BRE00070,Breast,79,F,2,III,100.0,13.1,3.8,6.7,240.0,0,1,Chemo,PR,0,42.4,1
BRE00071,Breast,73,F,0,IV,160.1,12.2,4.0,3.3,100.0,1,1,PD-1,PR,3,2.7,1
BRE00072,Breast,59,F,0,I,178.7,13.8,4.8,6.0,231.0,0,1,Chemo,PD,0,60.0,0
BRE00073,Breast,81,F,0,III,238.7,14.8,4.2,5.8,158.0,1,1,PD-1,SD,0,9.4,1
BRE00074,Breast,28,M,1,II,606.9,12.9,5.2,4.7,299.0,0,3,Chemo,PD,0,60.0,0
BRE00075,Breast,83,M,2,II,406.3,12.5,3.9,5.9,141.0,1,0,PD-1,SD,0,0.6,1
BRE00076,Breast,52,M,2,IV,180.1,8.2,4.5,5.2,238.0,0,2,Chemo,SD,0,40.6,1
BRE00077,Breast,83,M,1,I,253.5,12.5,4.6,6.0,155.0,0,0,PD-1,PR,0,0.3,1
BRE00078,Breast,37,M,0,IV,142.6,12.9,4.1,8.2,249.0,1,0,Chemo,PD,0,28.5,1
BRE00079,Breast,54,F,2,III,203.4,12.6,4.7,8.3,239.0,1,3,Chemo,PD,0,22.9,1
BRE00080,Breast,71,F,2,IV,206.1,10.2,3.7,10.2,110.0,0,1,Chemo,SD,0,2.2,1
BRE00081,Breast,36,M,0,II,100.7,10.6,4.4,7.6,278.0,0,3,Chemo,SD,0,3.2,1
BRE00082,Breast,27,F,2,II,137.5,13.4,3.5,4.0,227.0,0,3,Chemo,SD,0,16.5,1
BRE00083,Breast,45,M,2,II,100.0,11.2,3.4,6.3,252.0,0,0,PD-1,CR,0,41.2,1
BRE00084,Breast,64,F,1,II,163.2,12.4,4.0,5.7,217.0,1,3,PD-1,PR,0,32.6,1
BRE00085,Breast,25,F,0,IV,177.4,7.8,3.9,5.0,193.0,0,0,Chemo,SD,0,2.3,1
BRE00086,Breast,42,M,3,IV,173.5,12.0,3.4,9.1,311.0,0,0,PD-1,SD,0,0.1,1
BRE00087,Breast,37,F,0,IV,100.0,13.6,4.4,7.9,332.0,1,2,PD-1,PR,0,20.7,1
BRE00088,Breast,31,F,1,IV,172.8,12.6,4.8,7.1,328.0,0,0,PD-1,PR,0,24.9,1
BRE00089,Breast,37,M,0,IV,199.8,11.7,3.8,4.0,141.0,0,3,Chemo,PD,0,0.3,1
BRE00090,Breast,41,M,2,III,239.1,9.9,4.5,6.8,361.0,0,1,Chemo,PD,0,0.1,1
BRE00091,Breast,69,F,0,II,213.0,8.4,3.7,11.7,295.0,1,0,PD-1,CR,0,13.8,1
BRE00092,Breast,56,F,1,IV,150.2,10.4,3.9,5.3,350.0,0,0,PD-1,PR,0,6.4,1
BRE00093,Breast,53,F,0,II,166.5,14.1,4.0,6.6,349.0,0,1,Chemo,PD,0,21.6,1
BRE00094,Breast,69,M,1,III,211.3,11.9,4.4,9.8,278.0,1,0,Chemo,PD,0,11.3,1
BRE00095,Breast,54,M,2,II,140.5,13.4,4.0,6.1,186.0,0,0,Chemo,SD,0,7.4,1
BRE00096,Breast,35,F,2,III,108.7,14.9,3.0,6.1,189.0,0,1,Target,PD,0,0.0,1
BRE00097,Breast,38,M,0,II,144.5,12.2,4.6,6.5,196.0,0,3,Chemo,PR,0,3.4,1
BRE00098,Breast,77,M,0,I,228.6,13.7,4.1,7.7,236.0,1,0,Chemo,PD,0,4.4,1
BRE00099,Breast,34,M,0,III,279.5,14.3,2.9,5.1,171.0,1,0,Chemo,PD,0,15.3,1
BRE00100,Breast,32,M,1,II,317.1,9.2,4.7,8.8,113.0,0,0,Chemo,PD,0,57.2,0
BRE00101,Breast,55,M,2,II,109.0,10.5,4.7,6.2,115.0,0,0,PD-1,PD,0,4.5,1
BRE00102,Breast,30,M,1,III,575.4,8.6,3.5,7.4,247.0,0,0,Chemo,CR,0,26.4,1
BRE00103,Breast,43,M,0,III,118.6,8.4,3.3,6.2,228.0,0,0,Chemo,SD,0,26.0,1
BRE00104,Breast,79,F,0,IV,158.2,11.0,4.6,4.3,291.0,1,1,Chemo,SD,0,10.4,1
BRE00105,Breast,43,M,1,III,370.2,11.5,4.6,3.0,236.0,0,0,PD-1,PR,0,2.2,1
BRE00106,Breast,36,M,0,IV,100.0,8.3,4.2,7.5,342.0,0,0,Chemo,PD,0,15.2,1
BRE00107,Breast,77,F,0,II,196.0,12.9,3.8,3.4,203.0,0,3,Chemo,PD,0,16.7,1
BRE00108,Breast,63,M,0,III,152.5,11.0,3.6,8.5,276.0,0,2,Chemo,PD,0,7.7,1
BRE00109,Breast,74,M,0,III,100.0,14.9,4.3,7.3,294.0,0,0,PD-1,PR,0,0.3,1
BRE00110,Breast,82,M,0,II,100.0,12.4,3.7,11.0,254.0,1,1,Chemo,PD,0,1.1,1
BRE00111,Breast,76,F,2,II,355.4,12.4,3.7,5.8,331.0,0,1,Target,PR,0,60.0,0
BRE00112,Breast,42,F,0,IV,247.1,11.6,4.4,10.5,292.0,0,1,Chemo,PR,0,12.5,1
BRE00113,Breast,79,M,2,IV,320.2,11.8,4.5,6.4,314.0,0,2,PD-1,SD,0,12.8,1
BRE00114,Breast,27,F,1,II,100.0,12.7,4.8,8.9,199.0,0,0,Chemo,CR,0,8.3,1
BRE00115,Breast,33,F,1,II,215.4,13.8,3.1,8.1,232.0,1,1,Target,PD,0,7.3,1
BRE00116,Breast,83,M,0,IV,702.4,9.3,3.8,3.3,100.0,0,2,Chemo,SD,0,13.7,1
BRE00117,Breast,30,F,0,II,157.2,10.3,3.8,13.4,245.0,0,1,PD-1,SD,0,0.4,1
BRE00118,Breast,25,M,0,IV,186.8,12.6,4.0,10.2,140.0,0,3,Chemo,PD,0,0.8,1
BRE00119,Breast,66,M,1,IV,182.5,11.9,3.4,7.8,438.0,1,1,Chemo,SD,0,19.8,1
BRE00120,Breast,64,M,1,IV,169.8,13.6,4.3,9.7,274.0,1,2,Chemo,SD,0,4.4,1
BRE00121,Breast,53,F,2,II,113.6,10.7,4.9,7.5,218.0,0,3,Chemo,SD,0,37.0,1
BRE00122,Breast,79,F,0,I,186.1,14.5,3.4,8.8,310.0,1,1,Chemo,SD,0,60.0,0
BRE00123,Breast,73,F,1,IV,481.4,11.0,4.1,7.3,139.0,0,0,PD-1,SD,0,12.5,1
BRE00124,Breast,59,M,1,III,175.9,11.4,4.6,4.9,210.0,0,2,Chemo,PD,0,14.4,1
BRE00125,Breast,59,M,0,III,377.1,14.2,3.9,6.8,222.0,1,2,Chemo,PD,0,4.5,1
BRE00126,Breast,54,F,0,II,1006.0,13.1,3.6,6.0,302.0,0,0,Chemo,SD,0,18.4,1
BRE00127,Breast,59,M,2,II,111.3,16.0,4.1,8.3,172.0,1,0,PD-1,SD,0,40.6,1
BRE00128,Breast,63,M,0,IV,250.7,13.9,4.4,4.9,194.0,0,3,Chemo,PD,0,5.8,1
BRE00129,Breast,46,M,2,IV,100.0,14.6,3.4,7.3,259.0,0,1,PD-1,SD,0,5.4,1
BRE00130,Breast,67,M,0,IV,166.6,11.4,4.5,4.2,301.0,0,1,Chemo,PD,0,60.0,0
BRE00131,Breast,52,M,0,IV,810.0,14.6,3.9,8.5,267.0,1,3,Chemo,PD,0,35.9,1
BRE00132,Breast,42,F,1,II,267.2,12.1,3.7,4.6,178.0,0,1,PD-1,PD,0,19.4,1
BRE00133,Breast,56,M,0,III,217.9,7.6,3.2,8.2,259.0,0,2,Chemo,PD,0,18.3,1
BRE00134,Breast,29,F,2,II,100.0,12.9,3.7,7.2,195.0,1,1,Target,PD,0,4.7,1
BRE00135,Breast,78,M,2,II,126.1,13.1,3.7,9.1,175.0,0,3,Target,SD,0,3.4,1
BRE00136,Breast,84,F,1,II,109.8,9.8,3.4,6.7,283.0,0,1,Chemo,SD,0,60.0,0
BRE00137,Breast,58,M,3,IV,100.0,12.7,4.2,8.6,294.0,0,3,Chemo,PD,0,1.3,1
BRE00138,Breast,55,F,0,I,298.1,12.2,4.1,7.3,249.0,0,1,PD-1,CR,0,53.6,0
BRE00139,Breast,70,M,1,IV,274.2,14.4,4.5,7.9,291.0,1,1,PD-1,PR,0,0.6,1
BRE00140,Breast,57,F,2,IV,164.2,12.9,4.4,3.4,312.0,1,0,Chemo,PD,0,2.5,1
BRE00141,Breast,28,M,1,II,130.6,12.0,3.7,5.7,100.0,0,1,Chemo,SD,0,60.0,0
BRE00142,Breast,38,F,0,III,280.3,9.3,3.8,6.7,283.0,1,1,Chemo,SD,0,23.8,1
BRE00143,Breast,39,M,0,IV,498.1,8.1,3.6,9.7,374.0,0,2,Target,SD,0,31.5,1
BRE00144,Breast,84,M,1,IV,328.6,14.5,3.2,7.7,227.0,0,1,Target,SD,0,4.0,1
BRE00145,Breast,44,M,1,IV,193.6,12.8,4.2,3.6,373.0,0,2,PD-1,PD,0,5.3,1
BRE00146,Breast,44,F,0,II,315.2,11.5,4.1,7.9,275.0,1,2,Target,PD,0,5.6,1
BRE00147,Breast,73,M,1,I,324.0,13.1,3.7,5.2,256.0,0,0,Chemo,PD,0,37.2,1
BRE00148,Breast,59,F,0,II,198.7,11.5,4.4,5.4,271.0,0,0,Chemo,PR,0,13.5,1
BRE00149,Breast,79,F,1,III,198.6,8.0,3.8,6.9,128.0,1,0,Chemo,SD,0,12.4,1
BRE00150,Breast,28,M,2,III,132.1,14.0,4.6,7.6,384.0,0,0,Chemo,SD,0,12.5,1
BRE00151,Breast,42,F,1,IV,298.0,14.3,3.9,5.4,210.0,1,0,PD-1,CR,0,1.6,1
BRE00152,Breast,48,M,1,II,163.8,11.3,3.4,3.5,154.0,1,1,PD-1,PD,0,24.5,1
BRE00153,Breast,51,F,0,IV,100.7,11.9,4.8,6.6,207.0,0,1,Chemo,SD,0,0.1,1
BRE00154,Breast,57,F,0,II,102.8,10.8,4.2,6.6,252.0,1,1,Target,SD,0,60.0,0
BRE00155,Breast,49,F,0,III,176.9,15.7,3.5,9.9,340.0,1,0,PD-1,PR,0,6.4,1
BRE00156,Breast,29,M,1,III,102.8,14.4,3.8,7.1,244.0,0,0,PD-1,PR,1,5.3,1
BRE00157,Breast,42,F,0,II,926.9,10.4,3.6,9.4,224.0,1,0,PD-1,PD,0,2.5,1
BRE00158,Breast,69,M,0,IV,242.9,13.2,4.5,11.2,226.0,0,1,PD-1,PR,4,11.1,1
BRE00159,Breast,70,M,1,III,134.8,10.2,3.0,4.8,142.0,0,0,Chemo,SD,0,1.0,1
BRE00160,Breast,44,M,1,IV,202.4,10.4,4.1,9.9,208.0,0,0,PD-1,CR,0,5.7,1
BRE00161,Breast,59,M,1,IV,281.9,11.1,3.1,8.9,203.0,1,0,PD-1,SD,1,20.8,1
BRE00162,Breast,79,F,1,IV,206.6,10.8,3.1,3.0,270.0,0,1,Target,SD,0,9.6,1
BRE00163,Breast,30,M,0,III,101.9,8.9,4.2,6.6,112.0,0,1,Chemo,PD,0,14.7,1
BRE00164,Breast,51,F,0,III,169.7,14.7,3.4,8.4,215.0,1,0,Chemo,PD,0,11.0,1
BRE00165,Breast,52,F,1,II,157.0,12.4,4.3,7.7,355.0,0,0,Target,CR,0,37.6,1
BRE00166,Breast,35,F,0,III,138.0,15.1,4.5,10.3,284.0,0,0,Chemo,PR,0,18.7,1
BRE00167,Breast,33,F,0,IV,110.3,11.7,3.8,8.2,325.0,0,1,Chemo,PD,0,20.3,1
BRE00168,Breast,76,F,2,I,306.5,9.1,4.2,4.1,219.0,0,3,Chemo,PD,0,36.7,1
BRE00169,Breast,52,M,1,IV,240.5,14.1,4.7,8.6,383.0,0,0,PD-1,SD,1,4.1,1
BRE00170,Breast,43,M,0,IV,239.3,12.5,3.5,4.7,314.0,0,0,Chemo,PR,0,1.5,1
BRE00171,Breast,63,M,0,IV,100.0,11.5,4.4,5.9,255.0,0,0,Target,SD,0,1.4,1
BRE00172,Breast,78,M,1,III,142.7,14.4,3.6,9.2,302.0,0,1,PD-1,SD,0,6.7,1
BRE00173,Breast,45,M,0,III,383.7,9.3,4.0,9.0,151.0,0,3,PD-1,PD,0,14.4,1
BRE00174,Breast,55,F,0,II,229.5,14.0,3.7,7.1,149.0,0,0,Target,PD,0,14.9,1
BRE00175,Breast,66,M,1,IV,100.0,13.4,3.7,5.6,315.0,0,1,PD-1,CR,0,6.4,1
BRE00176,Breast,31,M,0,II,492.8,12.5,3.8,6.6,341.0,1,1,Chemo,PD,0,4.2,1
BRE00177,Breast,61,M,0,II,100.0,9.0,3.7,6.8,176.0,0,2,Target,PD,0,30.0,1
BRE00178,Breast,49,M,1,II,195.7,13.9,3.9,5.9,318.0,0,1,Target,SD,0,4.5,1
BRE00179,Breast,52,F,2,III,507.5,13.5,4.6,9.3,293.0,0,0,Target,PD,0,41.0,1
BRE00180,Breast,60,F,2,III,100.0,12.5,3.3,6.2,186.0,0,1,Chemo,PD,0,14.1,1
BRE00181,Breast,41,F,2,III,136.2,11.9,4.2,6.5,171.0,1,2,PD-1,PR,0,60.0,0
BRE00182,Breast,50,M,1,IV,100.0,9.7,3.5,6.5,192.0,0,3,Chemo,PR,0,60.0,0
BRE00183,Breast,52,M,2,II,422.8,9.8,3.5,8.4,211.0,0,1,Chemo,PR,0,5.9,1
BRE00184,Breast,61,M,2,IV,110.9,10.4,3.1,7.5,218.0,0,0,Chemo,PD,0,22.2,1
BRE00185,Breast,41,F,1,IV,329.2,8.8,4.5,7.4,123.0,0,0,Chemo,PD,0,4.6,1
BRE00186,Breast,84,M,0,II,417.1,8.9,3.9,5.1,211.0,0,2,Target,SD,0,39.7,1
BRE00187,Breast,73,M,1,IV,100.0,11.1,3.6,7.5,275.0,0,1,Chemo,SD,0,3.7,1
BRE00188,Breast,41,M,2,I,100.0,9.3,4.1,8.5,303.0,0,1,PD-1,PD,0,60.0,0
BRE00189,Breast,57,M,3,IV,241.7,11.5,3.8,6.3,203.0,0,0,PD-1,PR,0,7.8,1
BRE00190,Breast,80,M,0,IV,288.7,12.1,4.6,7.3,370.0,0,0,Chemo,SD,0,2.6,1
BRE00191,Breast,58,F,3,IV,173.8,9.1,3.5,8.8,252.0,0,1,Chemo,PR,0,34.8,1
BRE00192,Breast,81,F,1,II,184.1,13.7,3.9,5.4,453.0,1,0,PD-1,PR,0,21.7,1
BRE00193,Breast,47,M,0,III,440.5,14.0,4.4,5.4,190.0,0,0,Chemo,PD,0,27.3,1
BRE00194,Breast,54,M,3,IV,157.0,7.6,3.5,6.8,279.0,0,1,Chemo,PR,0,4.4,1
BRE00195,Breast,51,M,2,IV,414.0,14.7,3.8,8.6,243.0,0,0,Chemo,SD,0,25.7,1
BRE00196,Breast,75,F,1,IV,128.3,13.1,3.4,3.0,197.0,1,2,PD-1,SD,0,11.2,1
BRE00197,Breast,33,F,2,IV,764.0,12.2,3.6,6.6,319.0,1,0,Chemo,PD,0,0.3,1
BRE00198,Breast,44,F,1,II,106.6,14.9,3.2,5.6,311.0,0,1,PD-1,PR,0,36.0,1
BRE00199,Breast,47,M,1,II,368.9,12.2,3.5,7.7,229.0,0,0,Chemo,PR,0,10.6,1
BRE00200,Breast,71,F,2,IV,101.5,10.4,3.3,6.8,275.0,1,0,Chemo,PR,0,25.2,1
BRE00201,Breast,43,F,3,IV,290.6,9.0,3.7,9.3,271.0,0,2,Chemo,PD,0,11.0,1
BRE00202,Breast,61,F,0,II,180.4,11.8,4.5,8.3,229.0,1,1,Chemo,PD,0,59.4,0
BRE00203,Breast,69,M,0,II,214.2,11.8,4.1,6.5,190.0,0,0,PD-1,PD,0,19.4,1
BRE00204,Breast,28,F,0,I,270.3,8.6,4.6,5.0,250.0,0,0,Chemo,PR,0,33.4,1
BRE00205,Breast,37,F,2,III,210.1,11.3,3.8,7.7,235.0,1,3,PD-1,SD,0,0.4,1
BRE00206,Breast,62,M,2,III,199.3,15.1,3.6,6.4,165.0,1,1,Chemo,PD,0,3.9,1
BRE00207,Breast,36,M,3,III,100.0,13.0,3.9,6.6,303.0,0,0,PD-1,PR,0,9.6,1
BRE00208,Breast,33,F,1,III,414.5,9.3,3.7,4.7,254.0,1,0,PD-1,SD,1,6.2,1
BRE00209,Breast,39,F,1,III,453.7,12.6,4.2,7.3,239.0,1,2,Chemo,SD,0,13.9,1
BRE00210,Breast,45,F,2,IV,170.0,13.4,3.2,6.0,131.0,0,0,Chemo,SD,0,14.0,1
BRE00211,Breast,39,M,0,II,253.2,14.1,4.0,6.2,275.0,0,0,PD-1,SD,0,42.3,1
BRE00212,Breast,73,F,1,II,411.4,13.2,4.8,3.0,131.0,0,1,Target,SD,0,48.3,0
BRE00213,Breast,29,M,1,IV,260.0,14.3,3.5,7.1,261.0,1,2,Chemo,PD,0,13.1,1
BRE00214,Breast,29,F,1,IV,131.8,13.5,3.8,5.1,318.0,0,0,Chemo,PD,0,13.3,1
BRE00215,Breast,49,M,1,III,100.0,11.5,3.1,8.0,383.0,0,1,Chemo,PD,0,35.8,1
BRE00216,Breast,48,M,2,IV,265.3,12.7,4.6,7.1,255.0,0,1,Target,SD,0,48.4,0
BRE00217,Breast,61,M,0,I,197.1,11.5,4.0,4.1,391.0,0,0,Chemo,PD,0,4.3,1
BRE00218,Breast,77,F,0,II,180.7,12.8,3.7,6.8,309.0,0,3,Chemo,PR,0,17.4,1
BRE00219,Breast,55,M,2,III,114.8,13.5,4.0,7.4,288.0,0,2,Chemo,PR,0,5.3,1
BRE00220,Breast,70,F,0,IV,147.7,11.8,4.0,11.2,339.0,1,0,PD-1,SD,0,12.5,1
BRE00221,Breast,58,M,0,III,221.9,12.6,3.6,8.2,357.0,0,1,Chemo,PD,0,12.4,1
BRE00222,Breast,65,M,0,III,151.9,11.0,3.3,4.4,316.0,0,2,Target,PD,0,35.3,1
BRE00223,Breast,38,M,0,I,184.9,11.4,4.1,10.9,239.0,0,1,Chemo,PD,0,32.0,1
BRE00224,Breast,51,M,2,III,177.9,11.9,4.0,6.5,207.0,0,1,Chemo,PD,0,11.2,1
BRE00225,Breast,71,M,1,II,268.9,10.9,3.8,6.4,147.0,0,0,Chemo,PD,0,2.0,1
BRE00226,Breast,28,F,1,III,100.0,14.7,3.8,10.9,263.0,0,0,Chemo,SD,0,9.2,1
BRE00227,Breast,47,M,1,III,146.4,13.2,4.5,5.7,345.0,0,0,Chemo,SD,0,22.8,1
BRE00228,Breast,82,M,0,IV,100.0,13.5,4.1,6.7,173.0,0,1,Chemo,SD,0,2.6,1
BRE00229,Breast,62,M,0,III,199.0,13.1,3.3,3.7,164.0,0,3,Chemo,PD,0,21.1,1
BRE00230,Breast,70,M,2,IV,111.5,12.3,4.6,6.9,394.0,0,2,PD-1,SD,0,0.6,1
BRE00231,Breast,29,M,1,III,318.5,9.6,4.3,6.7,230.0,1,0,PD-1,SD,0,4.1,1
BRE00232,Breast,51,F,0,IV,141.6,14.2,4.3,6.2,112.0,0,1,Target,PD,0,13.0,1
BRE00233,Breast,67,M,1,IV,128.3,16.2,3.6,7.3,133.0,1,2,Target,PR,0,18.5,1
BRE00234,Breast,77,F,0,IV,109.9,13.3,4.4,5.4,285.0,1,1,Chemo,PR,0,9.8,1
BRE00235,Breast,38,F,0,IV,210.7,10.4,4.1,9.9,212.0,0,0,Chemo,SD,0,3.2,1
BRE00236,Breast,31,M,0,III,100.0,13.2,3.4,7.0,288.0,1,1,Chemo,PD,0,17.3,1
BRE00237,Breast,70,F,3,III,171.4,10.4,4.1,5.5,232.0,0,1,Chemo,PR,0,6.9,1
BRE00238,Breast,69,M,1,IV,169.0,11.0,4.5,4.2,267.0,0,0,PD-1,PD,0,7.6,1
BRE00239,Breast,42,M,0,II,132.5,7.2,4.3,7.1,391.0,1,0,Chemo,PD,0,2.6,1
BRE00240,Breast,56,F,2,I,206.7,14.7,3.1,8.8,235.0,0,1,Chemo,SD,0,42.5,1
BRE00241,Breast,81,F,2,IV,137.3,12.6,4.2,7.7,344.0,0,1,Target,PD,0,14.0,1
BRE00242,Breast,26,F,1,II,215.0,13.1,3.8,11.0,259.0,1,1,Chemo,CR,0,44.3,1
BRE00243,Breast,65,F,0,IV,130.7,13.6,3.1,11.0,158.0,0,2,PD-1,SD,0,4.1,1
BRE00244,Breast,67,M,0,IV,116.0,13.0,4.3,4.4,408.0,0,0,Target,SD,0,3.6,1
BRE00245,Breast,44,F,0,IV,211.3,14.0,4.3,4.0,420.0,0,0,Target,PD,0,0.3,1
BRE00246,Breast,53,F,1,III,294.2,14.7,4.0,5.5,238.0,0,1,Chemo,SD,0,48.0,0
BRE00247,Breast,82,F,1,IV,1006.3,11.9,3.5,8.4,262.0,0,1,Chemo,SD,0,2.5,1
BRE00248,Breast,67,F,0,III,147.8,8.7,4.7,7.8,349.0,1,3,Chemo,PD,0,22.5,1
BRE00249,Breast,50,F,1,II,288.1,10.3,4.3,9.0,235.0,1,1,Chemo,SD,0,3.2,1
BRE00250,Breast,62,M,1,IV,138.8,13.2,4.3,4.9,327.0,0,1,Chemo,SD,0,7.9,1
BRE00251,Breast,25,M,2,II,285.4,9.9,4.5,3.5,185.0,0,1,Chemo,PD,0,19.3,1
BRE00252,Breast,29,F,1,IV,395.9,11.9,4.6,5.8,397.0,1,0,Target,SD,0,14.2,1
BRE00253,Breast,78,F,1,IV,195.8,17.0,4.2,8.2,279.0,0,2,Chemo,SD,0,6.4,1
BRE00254,Breast,81,F,2,IV,277.8,14.1,3.4,7.3,310.0,0,0,PD-1,CR,0,14.1,1
BRE00255,Breast,38,M,0,III,236.7,8.0,3.7,9.5,359.0,0,1,PD-1,PD,0,1.7,1
BRE00256,Breast,49,M,0,III,182.5,16.7,3.7,5.6,315.0,0,0,PD-1,CR,0,41.1,1
BRE00257,Breast,72,M,2,IV,140.3,14.7,4.6,9.0,246.0,0,2,Chemo,PR,0,4.4,1
BRE00258,Breast,33,F,1,IV,146.9,13.3,4.1,5.8,388.0,0,3,Chemo,PD,0,39.1,1
BRE00259,Breast,54,M,1,IV,100.0,12.3,3.7,8.6,317.0,0,0,Chemo,SD,0,1.5,1
BRE00260,Breast,43,F,2,IV,337.8,9.2,3.9,8.5,237.0,0,1,Chemo,PD,0,2.9,1
BRE00261,Breast,76,F,1,III,557.1,11.3,4.7,10.2,130.0,0,3,Chemo,PD,0,11.2,1
BRE00262,Breast,64,M,2,I,100.0,8.0,4.3,4.3,249.0,0,1,Chemo,SD,0,45.7,1
BRE00263,Breast,32,M,2,II,337.9,13.9,4.5,9.8,208.0,0,2,Chemo,SD,0,25.3,1
BRE00264,Breast,40,M,0,IV,176.5,12.4,3.4,7.9,252.0,0,0,Chemo,PR,0,24.4,1
BRE00265,Breast,74,M,1,III,123.5,10.5,3.9,7.1,199.0,1,0,Chemo,PD,0,18.4,1
BRE00266,Breast,32,M,3,IV,197.5,14.0,3.7,6.7,281.0,0,0,PD-1,PR,0,9.0,1
BRE00267,Breast,47,M,1,III,112.0,12.7,4.8,6.9,214.0,0,3,Target,PD,0,0.7,1
BRE00268,Breast,33,M,1,III,208.6,15.3,3.9,7.1,364.0,0,2,Chemo,SD,0,23.6,1
BRE00269,Breast,56,M,1,II,152.0,11.1,3.7,3.8,299.0,0,2,PD-1,PR,0,2.2,1
BRE00270,Breast,61,F,0,IV,147.5,14.8,3.0,7.5,213.0,0,1,PD-1,PR,0,10.4,1
BRE00271,Breast,58,F,0,IV,367.2,12.4,4.7,7.3,251.0,0,1,Chemo,SD,0,26.2,1
BRE00272,Breast,77,M,1,IV,100.0,10.5,4.7,5.7,291.0,1,1,PD-1,PR,1,4.9,1
BRE00273,Breast,70,F,1,II,128.9,13.2,3.0,7.1,130.0,0,1,Chemo,SD,0,20.9,1
BRE00274,Breast,42,M,1,III,100.0,12.1,4.1,9.2,287.0,1,2,Chemo,PD,0,6.7,1
BRE00275,Breast,69,M,3,IV,196.1,12.9,4.5,5.8,113.0,0,0,Target,SD,0,17.6,1
BRE00276,Breast,68,F,0,III,134.7,10.0,4.2,4.7,373.0,1,0,Target,PD,0,7.8,1
BRE00277,Breast,39,M,0,III,117.6,7.4,3.8,5.6,220.0,0,0,Chemo,SD,0,27.6,1
BRE00278,Breast,77,M,1,II,214.8,11.0,3.5,3.0,334.0,1,0,Chemo,PR,0,0.8,1
BRE00279,Breast,39,M,3,III,261.6,13.1,4.6,10.6,158.0,0,0,Target,PD,0,5.8,1
BRE00280,Breast,53,F,1,II,368.6,13.1,4.4,5.3,296.0,0,1,Chemo,SD,0,60.0,0
BRE00281,Breast,81,M,2,II,1052.0,11.1,4.3,9.5,156.0,1,0,Chemo,PD,0,6.7,1
BRE00282,Breast,47,F,1,III,128.8,12.5,4.6,4.5,226.0,0,2,Chemo,PR,0,6.0,1
BRE00283,Breast,47,F,1,III,120.9,11.2,5.1,5.8,327.0,1,1,Chemo,SD,0,35.7,1
BRE00284,Breast,25,M,0,IV,181.8,11.7,3.8,7.1,299.0,0,0,PD-1,SD,0,3.0,1
BRE00285,Breast,81,M,0,III,191.0,14.5,3.8,8.3,295.0,0,0,Target,PR,0,11.8,1
BRE00286,Breast,46,M,0,III,512.9,9.3,3.8,6.9,222.0,0,1,Chemo,PD,0,24.9,1
BRE00287,Breast,31,M,0,IV,247.9,15.8,3.5,3.9,166.0,0,1,Chemo,PD,0,16.6,1
BRE00288,Breast,69,M,0,IV,102.9,12.3,4.6,6.9,312.0,0,0,Chemo,CR,0,1.8,1
BRE00289,Breast,56,M,1,III,100.0,16.0,4.7,9.5,176.0,0,1,PD-1,PD,0,15.8,1
BRE00290,Breast,52,M,0,II,272.8,15.7,4.5,7.7,200.0,0,1,Chemo,PR,0,12.1,1
BRE00291,Breast,74,M,0,III,160.0,7.5,4.8,11.4,364.0,0,0,PD-1,PR,1,1.6,1
BRE00292,Breast,56,M,1,IV,423.9,12.4,4.1,7.3,296.0,1,0,PD-1,PD,1,60.0,0
BRE00293,Breast,57,M,0,IV,247.0,10.0,4.2,9.0,141.0,0,1,PD-1,CR,0,19.1,1
BRE00294,Breast,67,F,0,III,100.0,11.7,4.3,8.1,249.0,0,2,Chemo,PD,0,11.2,1
BRE00295,Breast,37,M,3,IV,100.0,12.9,3.8,5.7,237.0,0,1,Target,PD,0,1.4,1
BRE00296,Breast,76,F,0,III,223.0,14.9,3.5,6.9,220.0,1,2,Chemo,PD,0,0.0,1
BRE00297,Breast,52,F,0,I,147.7,9.8,4.1,9.2,222.0,0,1,PD-1,SD,2,31.2,1
BRE00298,Breast,33,M,0,IV,359.1,17.1,3.8,6.3,355.0,0,2,Chemo,PR,0,45.3,1
BRE00299,Breast,81,M,2,II,222.2,10.8,5.1,7.8,410.0,0,3,Chemo,PD,0,56.1,0
BRE00300,Breast,72,M,1,II,219.6,9.3,3.3,5.8,247.0,1,0,Chemo,PD,0,60.0,0
BRE00301,Breast,67,F,0,IV,100.0,14.2,4.0,8.9,263.0,0,0,PD-1,CR,3,1.3,1
BRE00302,Breast,27,F,1,III,136.1,12.3,4.1,7.2,141.0,0,0,Chemo,SD,0,35.8,1
BRE00303,Breast,41,M,0,II,176.2,16.4,3.6,8.7,386.0,0,0,Chemo,SD,0,16.9,1
BRE00304,Breast,58,F,1,III,100.0,10.0,3.8,9.5,197.0,0,1,Chemo,SD,0,20.2,1
BRE00305,Breast,56,F,1,III,263.5,12.4,4.0,8.3,216.0,0,2,PD-1,PD,0,22.4,1
BRE00306,Breast,33,M,0,I,302.5,14.5,3.4,6.6,313.0,0,3,Chemo,PD,0,60.0,0
BRE00307,Breast,65,F,1,III,131.9,10.3,4.2,6.7,272.0,0,1,PD-1,CR,0,5.0,1
BRE00308,Breast,72,F,1,IV,388.0,14.6,4.8,3.0,294.0,0,1,Chemo,PD,0,8.0,1
BRE00309,Breast,84,M,2,IV,378.0,12.8,3.8,7.9,304.0,1,1,Target,SD,0,1.4,1
BRE00310,Breast,25,F,3,III,248.2,10.0,4.4,9.1,249.0,0,0,Chemo,SD,0,15.5,1
BRE00311,Breast,81,M,1,III,174.8,14.5,4.9,4.5,321.0,0,1,Chemo,PD,0,60.0,0
BRE00312,Breast,73,F,2,IV,329.5,11.6,4.5,6.7,113.0,0,1,Chemo,PR,0,1.1,1
BRE00313,Breast,66,M,1,I,100.0,14.4,3.6,6.6,381.0,1,2,PD-1,SD,0,4.1,1
BRE00314,Breast,44,F,2,III,189.6,10.6,3.2,7.9,235.0,0,0,PD-1,SD,4,4.0,1
BRE00315,Breast,29,F,1,IV,109.2,9.1,3.8,7.3,320.0,1,0,Chemo,PD,0,2.7,1
BRE00316,Breast,64,F,1,IV,121.8,11.1,4.0,5.2,289.0,0,1,PD-1,PR,0,19.5,1
BRE00317,Breast,69,F,2,III,237.5,11.8,3.0,10.2,100.0,0,0,Chemo,PD,0,54.5,0
BRE00318,Breast,45,M,2,I,111.9,12.4,4.0,3.7,267.0,0,2,PD-1,PD,0,2.9,1
BRE00319,Breast,29,M,0,I,100.0,13.1,3.6,5.8,100.0,1,0,Chemo,SD,0,60.0,0
BRE00320,Breast,28,M,0,III,686.9,15.9,3.9,4.3,290.0,1,0,Chemo,SD,0,47.6,1
BRE00321,Breast,81,M,2,III,126.1,11.8,3.8,7.7,267.0,1,0,Chemo,PD,0,37.3,1
BRE00322,Breast,32,M,1,III,109.3,15.6,3.9,7.9,148.0,1,0,Chemo,PD,0,38.3,1
BRE00323,Breast,49,F,3,IV,371.2,14.0,4.4,6.8,265.0,0,0,Target,PD,0,48.6,0
BRE00324,Breast,79,F,2,IV,126.3,11.8,3.5,4.6,212.0,0,3,Chemo,SD,0,0.8,1
BRE00325,Breast,31,M,2,IV,100.0,12.6,3.1,5.1,237.0,0,0,Chemo,SD,0,25.4,1
BRE00326,Breast,61,F,0,IV,104.7,12.8,4.4,8.8,100.0,1,0,PD-1,PR,1,10.8,1
BRE00327,Breast,66,F,0,III,140.0,14.1,4.3,6.8,151.0,0,1,PD-1,PR,4,3.3,1
BRE00328,Breast,56,F,1,II,100.0,14.4,4.3,6.1,187.0,0,0,PD-1,PR,0,11.0,1
BRE00329,Breast,41,F,2,III,110.0,9.2,3.6,5.6,159.0,0,0,Chemo,PD,0,8.0,1
BRE00330,Breast,52,M,1,III,138.6,14.0,4.3,6.8,208.0,1,1,Chemo,PD,0,24.0,1
BRE00331,Breast,30,F,1,IV,324.7,12.8,3.4,8.1,196.0,1,0,PD-1,PR,0,23.0,1
BRE00332,Breast,66,M,2,II,628.5,12.8,3.8,6.5,274.0,0,0,Chemo,SD,0,34.8,1
BRE00333,Breast,72,F,1,IV,352.6,11.7,4.8,7.9,100.0,1,1,PD-1,PR,0,7.1,1
BRE00334,Breast,78,F,2,IV,158.1,13.4,4.3,3.9,409.0,0,0,Chemo,PD,0,14.4,1
BRE00335,Breast,66,M,0,IV,100.0,13.8,4.0,9.3,201.0,0,3,Chemo,SD,0,19.4,1
BRE00336,Breast,60,F,0,IV,276.1,12.2,3.9,6.9,225.0,1,0,Chemo,PR,0,17.1,1
BRE00337,Breast,26,F,1,II,100.0,14.0,3.4,5.0,298.0,0,2,Chemo,SD,0,60.0,0
BRE00338,Breast,55,F,0,I,145.2,10.7,4.8,7.9,389.0,0,1,Chemo,PD,0,0.5,1
BRE00339,Breast,25,M,3,II,478.0,12.0,4.5,7.4,203.0,0,0,Chemo,SD,0,60.0,0
BRE00340,Breast,27,F,0,IV,504.0,12.7,4.4,4.8,305.0,0,0,PD-1,SD,3,7.7,1
BRE00341,Breast,83,F,2,II,201.7,11.4,4.0,6.8,196.0,0,2,Chemo,PD,0,7.8,1
BRE00342,Breast,37,F,3,II,378.5,11.3,3.8,6.0,325.0,0,1,Chemo,PD,0,2.1,1
BRE00343,Breast,55,F,0,III,370.5,10.1,3.6,4.5,306.0,1,0,Target,SD,0,40.9,1
BRE00344,Breast,53,F,2,III,268.9,12.9,4.7,6.2,165.0,1,0,Target,PD,0,8.8,1
BRE00345,Breast,81,F,1,III,154.0,15.9,3.1,4.9,296.0,0,3,Chemo,SD,0,9.5,1
BRE00346,Breast,68,M,2,IV,129.9,13.2,4.3,4.6,136.0,0,1,Target,SD,0,50.7,0
BRE00347,Breast,57,F,0,I,186.2,11.7,3.2,8.0,191.0,1,0,Chemo,PD,0,46.2,1
BRE00348,Breast,77,F,3,III,100.0,14.6,3.9,7.6,143.0,0,3,PD-1,PD,1,58.7,0
BRE00349,Breast,34,F,1,III,136.1,11.9,4.0,6.5,250.0,0,0,PD-1,PR,0,17.3,1
BRE00350,Breast,62,M,2,II,259.6,13.5,3.4,3.0,330.0,0,1,Chemo,PD,0,24.6,1
BRE00351,Breast,33,M,1,III,124.2,13.1,3.6,6.9,151.0,1,1,PD-1,CR,2,21.6,1
BRE00352,Breast,25,M,1,IV,458.0,9.0,4.4,8.5,282.0,0,2,PD-1,PD,0,7.8,1
BRE00353,Breast,68,F,0,IV,210.1,12.2,4.7,9.4,231.0,1,0,Chemo,SD,0,17.8,1
BRE00354,Breast,61,M,0,I,289.9,16.3,4.2,9.0,168.0,0,2,Chemo,PR,0,18.8,1
BRE00355,Breast,56,M,1,IV,159.5,10.9,3.7,4.6,216.0,0,3,Chemo,SD,0,13.6,1
BRE00356,Breast,57,F,2,IV,264.8,15.2,3.5,5.4,296.0,0,0,Chemo,PD,0,52.8,0
BRE00357,Breast,26,M,0,II,100.0,14.0,3.6,6.7,325.0,0,1,Chemo,PD,0,48.8,0
BRE00358,Breast,70,F,3,III,233.7,11.1,4.0,6.8,275.0,0,2,Chemo,PD,0,33.8,1
BRE00359,Breast,26,M,2,III,247.2,12.2,4.1,7.1,247.0,0,1,Chemo,SD,0,6.5,1
BRE00360,Breast,83,F,0,II,391.5,10.1,4.6,9.2,252.0,0,1,PD-1,SD,0,10.6,1
BRE00361,Breast,29,M,0,III,100.0,13.9,4.0,7.4,191.0,1,1,Target,CR,0,3.8,1
BRE00362,Breast,34,M,2,II,121.2,10.1,3.7,9.4,258.0,0,2,Chemo,PR,0,14.3,1
BRE00363,Breast,76,M,0,IV,100.0,13.0,3.4,5.5,132.0,0,1,Chemo,SD,0,13.9,1
BRE00364,Breast,62,F,0,III,109.5,15.9,3.9,6.2,241.0,0,1,Chemo,PD,0,12.7,1
BRE00365,Breast,61,M,0,IV,170.0,10.9,3.2,6.2,386.0,0,0,Chemo,PD,0,42.2,1
BRE00366,Breast,26,M,3,I,258.3,12.9,3.7,6.9,215.0,1,1,Chemo,SD,0,60.0,0
BRE00367,Breast,65,F,1,II,697.9,9.2,3.4,4.3,340.0,0,0,Chemo,PD,0,60.0,0
BRE00368,Breast,66,M,0,III,407.6,12.3,3.9,10.8,304.0,0,1,PD-1,PD,0,14.4,1
BRE00369,Breast,64,F,0,IV,135.3,10.2,4.2,7.2,365.0,1,0,PD-1,SD,0,2.6,1
BRE00370,Breast,49,F,1,III,279.3,12.7,4.2,4.7,100.0,0,1,Target,PD,0,14.2,1
BRE00371,Breast,83,M,0,IV,378.1,11.1,4.3,4.8,264.0,0,0,Chemo,SD,0,4.2,1
BRE00372,Breast,62,F,2,III,170.7,10.2,3.5,7.2,297.0,1,1,PD-1,PD,0,1.7,1
BRE00373,Breast,61,F,1,I,174.5,11.9,4.7,8.2,314.0,0,2,Chemo,CR,0,17.3,1
BRE00374,Breast,77,M,1,IV,157.9,6.9,4.3,8.9,346.0,0,1,PD-1,SD,0,1.5,1
BRE00375,Breast,42,M,0,IV,242.2,10.1,4.3,7.1,306.0,0,0,Chemo,SD,0,17.5,1
BRE00376,Breast,51,F,1,I,232.3,16.9,4.6,8.2,269.0,0,0,Chemo,PD,0,60.0,0
BRE00377,Breast,44,M,0,II,197.4,11.7,4.1,7.7,173.0,1,3,Chemo,SD,0,17.2,1
BRE00378,Breast,74,M,2,III,514.1,11.2,3.9,6.8,100.0,1,2,Chemo,SD,0,19.7,1
BRE00379,Breast,58,F,2,III,331.0,12.9,4.7,6.3,357.0,1,0,Target,PD,0,23.1,1
BRE00380,Breast,68,M,0,IV,100.0,14.3,3.6,7.1,201.0,0,3,Target,SD,0,0.9,1
BRE00381,Breast,32,F,0,III,100.0,15.5,3.9,6.8,222.0,1,0,Chemo,SD,0,0.4,1
BRE00382,Breast,28,M,2,IV,232.9,12.1,4.6,7.0,322.0,0,1,Target,CR,0,7.6,1
BRE00383,Breast,84,M,0,IV,170.6,11.8,3.9,7.9,248.0,0,1,Chemo,CR,0,2.7,1
BRE00384,Breast,54,F,1,IV,100.0,13.0,3.7,10.2,157.0,1,0,PD-1,PD,1,4.0,1
BRE00385,Breast,76,M,1,III,100.0,12.4,3.5,5.0,113.0,0,0,Chemo,PD,0,60.0,0
BRE00386,Breast,79,F,0,IV,156.1,11.9,4.1,7.2,221.0,0,2,PD-1,PD,0,18.2,1
BRE00387,Breast,60,F,1,IV,211.5,13.4,3.8,7.7,258.0,0,0,Chemo,SD,0,55.6,0
BRE00388,Breast,33,M,1,IV,216.2,13.4,4.2,6.3,314.0,1,1,Chemo,SD,0,6.4,1
BRE00389,Breast,65,M,1,IV,126.0,12.4,4.8,9.2,240.0,0,1,Chemo,SD,0,12.3,1
BRE00390,Breast,36,M,0,II,129.8,17.1,4.5,6.0,252.0,0,0,PD-1,CR,3,39.5,1
BRE00391,Breast,38,F,2,III,134.1,16.0,2.8,8.3,144.0,1,2,Chemo,PD,0,25.0,1
BRE00392,Breast,59,M,0,III,243.7,13.3,4.4,9.5,333.0,0,0,Chemo,PD,0,45.5,1
BRE00393,Breast,30,M,1,I,100.0,14.6,4.4,7.8,491.0,0,0,Chemo,SD,0,60.0,0
BRE00394,Breast,71,F,0,IV,183.4,10.9,3.9,6.6,354.0,1,2,Chemo,PD,0,8.4,1
BRE00395,Breast,47,M,2,III,334.1,12.3,4.6,8.0,347.0,0,3,Chemo,SD,0,13.7,1
BRE00396,Breast,75,M,0,III,146.8,13.7,4.1,6.2,278.0,0,2,Target,PD,0,2.9,1
BRE00397,Breast,28,F,2,III,199.6,15.0,3.0,5.6,166.0,0,0,PD-1,CR,0,2.0,1
BRE00398,Breast,25,M,1,III,232.6,10.2,4.1,7.7,181.0,0,3,Chemo,PD,0,12.0,1
BRE00399,Breast,83,M,2,I,122.1,10.9,3.9,8.5,303.0,1,1,Chemo,PD,0,60.0,0
BRE00400,Breast,33,M,1,I,170.6,12.4,3.7,7.2,321.0,0,0,Chemo,SD,0,60.0,0
BRE00401,Breast,79,F,1,IV,100.0,15.3,4.2,8.1,175.0,1,2,Chemo,PD,0,4.4,1
BRE00402,Breast,82,M,2,II,242.7,12.4,4.3,11.6,286.0,0,0,Target,PD,0,7.4,1
BRE00403,Breast,72,M,1,II,199.9,14.5,4.3,9.4,259.0,0,1,PD-1,SD,0,16.4,1
BRE00404,Breast,79,M,2,III,364.9,11.9,4.3,5.9,290.0,0,3,Chemo,PR,0,39.6,1
BRE00405,Breast,33,F,0,II,307.0,13.7,3.4,7.4,279.0,0,0,PD-1,PD,0,5.0,1
BRE00406,Breast,68,M,1,I,368.3,10.1,3.5,7.6,283.0,0,1,Chemo,SD,0,60.0,0
BRE00407,Breast,70,M,2,III,378.9,10.7,4.1,5.3,100.0,0,0,Chemo,SD,0,11.7,1
BRE00408,Breast,39,F,2,I,117.4,11.7,4.5,8.2,396.0,1,2,PD-1,CR,2,22.1,1
BRE00409,Breast,78,M,2,I,241.7,9.8,4.2,5.5,363.0,0,1,Chemo,PR,0,17.4,1
BRE00410,Breast,48,F,1,IV,271.7,9.7,2.9,8.3,249.0,0,0,Chemo,PD,0,4.3,1
BRE00411,Breast,77,F,3,III,124.7,11.3,4.3,10.9,156.0,0,0,Chemo,SD,0,12.4,1
BRE00412,Breast,72,M,0,III,379.9,9.2,3.2,6.7,295.0,0,1,Chemo,PD,0,14.8,1
BRE00413,Breast,32,F,0,II,169.8,11.9,4.3,7.9,133.0,0,1,Chemo,PD,0,46.4,1
BRE00414,Breast,52,M,0,IV,266.1,12.7,3.7,7.6,384.0,0,1,PD-1,PD,0,7.2,1
BRE00415,Breast,66,M,3,IV,351.4,10.4,4.2,5.1,237.0,0,0,PD-1,PR,1,0.7,1
BRE00416,Breast,70,F,0,III,234.3,11.4,5.1,5.5,202.0,1,1,Chemo,PR,0,5.7,1
BRE00417,Breast,41,M,2,II,538.3,11.3,3.8,7.7,297.0,0,0,Target,SD,0,18.0,1
BRE00418,Breast,59,M,0,II,773.5,15.2,3.6,7.3,212.0,0,2,Chemo,SD,0,45.5,1
BRE00419,Breast,55,M,0,IV,183.2,12.3,3.8,6.7,228.0,0,0,Chemo,PD,0,9.8,1
BRE00420,Breast,28,F,1,III,321.9,16.5,3.2,8.9,187.0,0,1,Chemo,PD,0,16.8,1
BRE00421,Breast,72,F,1,II,750.8,11.2,3.5,7.9,300.0,1,0,Chemo,SD,0,6.4,1
BRE00422,Breast,38,M,0,IV,125.1,11.2,4.5,11.4,275.0,0,1,Chemo,PR,0,9.2,1
BRE00423,Breast,83,M,1,III,100.0,14.3,3.0,5.1,334.0,1,2,Chemo,CR,0,52.4,0
BRE00424,Breast,49,F,0,III,323.2,7.0,3.7,6.2,120.0,0,1,PD-1,PR,0,10.0,1
BRE00425,Breast,80,M,1,IV,143.8,13.6,4.1,9.9,153.0,0,1,Chemo,PD,0,13.5,1
BRE00426,Breast,70,M,0,IV,100.0,11.8,3.8,10.4,209.0,1,2,Chemo,SD,0,21.1,1
BRE00427,Breast,72,F,1,IV,118.2,12.2,4.7,5.3,339.0,1,1,Chemo,PD,0,5.6,1
BRE00428,Breast,64,M,0,IV,100.0,11.3,3.9,6.2,136.0,0,0,Chemo,PD,0,3.4,1
BRE00429,Breast,74,F,1,IV,502.3,13.2,3.8,6.6,182.0,1,2,Chemo,PD,0,4.3,1
BRE00430,Breast,31,F,0,IV,433.7,8.3,4.1,9.8,364.0,0,1,Chemo,SD,0,0.1,1
BRE00431,Breast,55,M,1,III,157.9,10.5,4.1,6.7,292.0,0,0,Chemo,PD,0,41.1,1
BRE00432,Breast,84,F,0,III,166.2,15.9,4.0,6.7,336.0,0,0,PD-1,SD,0,23.0,1
BRE00433,Breast,59,F,2,II,203.8,12.1,4.0,6.5,243.0,1,1,Chemo,SD,0,60.0,0
BRE00434,Breast,62,F,1,IV,494.5,9.6,3.0,7.2,391.0,0,0,Chemo,SD,0,6.6,1
BRE00435,Breast,44,M,2,II,100.0,12.1,3.4,7.7,134.0,1,2,Chemo,PD,0,18.0,1
BRE00436,Breast,40,F,2,III,164.1,13.5,4.3,10.8,233.0,0,2,PD-1,PR,1,51.8,0
BRE00437,Breast,46,M,1,I,383.3,12.2,4.5,9.9,226.0,0,0,Chemo,CR,0,60.0,0
BRE00438,Breast,60,M,2,III,148.3,11.8,4.6,4.8,227.0,0,0,PD-1,PR,0,8.1,1
BRE00439,Breast,43,M,1,IV,109.8,10.8,3.3,6.6,150.0,0,0,Chemo,PR,0,22.5,1
BRE00440,Breast,26,F,1,II,200.3,9.5,3.6,7.0,294.0,0,0,Chemo,SD,0,52.3,0
BRE00441,Breast,28,M,1,IV,100.0,8.3,4.7,6.1,152.0,0,0,Chemo,PD,0,12.8,1
BRE00442,Breast,82,F,0,III,226.5,10.3,3.8,9.0,143.0,1,2,Chemo,SD,0,51.4,0
BRE00443,Breast,58,M,0,III,155.8,14.6,4.3,9.7,100.0,1,1,Chemo,PD,0,2.7,1
BRE00444,Breast,31,F,1,IV,265.5,11.2,5.5,6.0,191.0,0,0,Target,SD,0,8.2,1
BRE00445,Breast,71,M,1,III,119.5,11.7,4.5,7.0,262.0,0,0,PD-1,CR,0,6.7,1
BRE00446,Breast,73,M,1,II,237.8,9.0,3.9,8.8,273.0,0,2,Chemo,PR,0,60.0,0
BRE00447,Breast,38,F,0,IV,205.7,12.0,3.9,9.1,232.0,0,2,Chemo,PD,0,7.0,1
BRE00448,Breast,67,M,1,III,100.0,11.2,4.3,6.0,196.0,0,0,Chemo,PR,0,27.5,1
BRE00449,Breast,56,M,3,IV,102.9,11.3,3.0,8.0,218.0,0,0,Chemo,PD,0,12.5,1
BRE00450,Breast,41,F,0,IV,379.1,10.8,4.2,5.6,196.0,1,3,Chemo,SD,0,11.4,1
BRE00451,Breast,61,M,1,III,322.0,10.8,3.9,9.1,414.0,0,0,Chemo,PD,0,60.0,0
BRE00452,Breast,79,F,3,III,100.0,11.5,4.0,5.5,152.0,1,2,Chemo,PD,0,58.8,0
BRE00453,Breast,38,M,0,II,139.6,11.9,4.1,7.2,188.0,1,1,Chemo,PR,0,5.0,1
BRE00454,Breast,41,M,2,III,219.1,7.5,4.8,6.0,250.0,0,2,Target,PD,0,11.5,1
BRE00455,Breast,56,F,2,III,249.6,8.6,4.1,5.0,162.0,1,1,Chemo,SD,0,7.1,1
BRE00456,Breast,84,M,0,III,213.8,10.9,4.1,5.9,254.0,0,3,Target,PD,0,15.1,1
BRE00457,Breast,84,F,0,IV,227.6,13.8,4.4,6.3,119.0,1,2,Chemo,PD,0,16.1,1
BRE00458,Breast,76,M,0,IV,146.1,9.2,4.0,9.5,260.0,0,0,Chemo,CR,0,2.1,1
BRE00459,Breast,77,M,0,IV,201.2,13.2,4.3,6.1,214.0,0,1,Chemo,PD,0,0.6,1
BRE00460,Breast,26,M,3,I,100.7,15.3,3.9,7.1,190.0,0,0,Chemo,PR,0,44.7,1
BRE00461,Breast,63,M,0,I,145.4,11.5,4.6,5.7,227.0,0,3,Target,SD,0,2.1,1
BRE00462,Breast,28,M,2,II,100.0,11.1,4.6,8.8,207.0,0,0,PD-1,CR,0,9.8,1
BRE00463,Breast,64,M,0,IV,100.0,13.1,4.3,9.1,218.0,0,0,Chemo,SD,0,0.3,1
BRE00464,Breast,54,M,3,IV,106.9,12.2,2.9,8.6,311.0,0,1,Chemo,PR,0,3.9,1
BRE00465,Breast,54,M,0,IV,110.2,10.8,4.1,6.3,394.0,0,1,PD-1,SD,0,4.3,1
BRE00466,Breast,57,F,1,II,280.7,12.5,3.0,5.7,100.0,0,0,Chemo,SD,0,40.9,1
BRE00467,Breast,66,M,0,III,100.0,10.6,4.2,5.2,231.0,0,1,PD-1,PD,0,36.6,1
BRE00468,Breast,25,F,0,III,123.6,14.8,4.8,8.5,147.0,0,2,Chemo,PD,0,30.8,1
BRE00469,Breast,57,M,0,III,266.8,11.6,4.6,6.1,223.0,0,1,PD-1,SD,0,10.1,1
BRE00470,Breast,60,F,0,IV,100.0,12.8,3.9,8.7,282.0,1,1,Chemo,PR,0,0.9,1
BRE00471,Breast,73,M,0,III,388.1,15.3,3.9,5.3,441.0,0,0,Chemo,CR,0,23.7,1
BRE00472,Breast,55,M,1,IV,201.8,11.6,3.1,6.6,224.0,0,0,Chemo,PD,0,4.4,1
BRE00473,Breast,61,M,0,IV,274.1,10.5,4.0,6.1,260.0,0,1,Chemo,SD,0,15.4,1
BRE00474,Breast,38,M,1,II,102.9,10.9,3.9,5.6,177.0,1,1,PD-1,SD,3,4.1,1
BRE00475,Breast,30,F,1,IV,114.9,12.0,3.4,3.5,173.0,1,1,Chemo,CR,0,9.0,1
BRE00476,Breast,31,M,2,III,166.4,11.7,3.5,4.4,169.0,0,1,Chemo,PR,0,47.1,1
BRE00477,Breast,64,F,2,IV,295.0,11.6,3.4,9.3,193.0,0,0,Chemo,PD,0,0.4,1
BRE00478,Breast,48,F,2,IV,289.7,12.7,5.1,5.3,212.0,0,1,Chemo,PD,0,3.4,1
BRE00479,Breast,74,M,1,III,230.1,12.2,4.1,8.3,364.0,0,0,PD-1,SD,0,4.6,1
BRE00480,Breast,84,M,0,III,159.0,11.1,4.4,7.0,222.0,0,2,Chemo,PD,0,60.0,0
BRE00481,Breast,28,F,1,IV,114.2,12.0,4.5,6.3,294.0,1,0,Target,PD,0,1.2,1
BRE00482,Breast,79,M,1,I,340.6,10.6,4.8,6.2,274.0,0,1,Chemo,PD,0,27.0,1
BRE00483,Breast,81,F,0,IV,146.6,11.0,4.8,6.8,326.0,0,0,Chemo,SD,0,54.0,0
BRE00484,Breast,49,F,1,II,100.0,7.3,4.5,8.3,100.0,1,1,Chemo,SD,0,55.4,0
BRE00485,Breast,83,F,0,II,101.8,10.3,3.2,4.5,277.0,0,1,Chemo,PR,0,37.5,1
BRE00486,Breast,27,F,0,IV,118.8,13.6,4.5,6.9,268.0,1,0,Chemo,PD,0,9.3,1
BRE00487,Breast,52,F,1,II,147.6,13.3,3.8,7.8,242.0,1,1,Target,PR,0,9.6,1
BRE00488,Breast,47,F,0,II,173.5,13.5,3.4,8.5,336.0,0,1,Chemo,PD,0,35.6,1
BRE00489,Breast,60,M,0,IV,100.0,12.9,3.8,9.0,240.0,0,2,PD-1,PR,0,9.2,1
BRE00490,Breast,81,M,0,II,135.5,11.0,4.1,6.6,320.0,1,0,PD-1,PR,0,14.7,1
BRE00491,Breast,79,F,0,I,146.3,9.5,2.7,4.2,264.0,1,2,Chemo,PD,0,27.2,1
BRE00492,Breast,72,F,0,II,160.6,11.4,4.2,7.8,270.0,0,1,Chemo,SD,0,60.0,0
BRE00493,Breast,37,M,0,IV,113.6,6.0,4.6,6.8,275.0,0,0,PD-1,PR,0,12.1,1
BRE00494,Breast,46,M,0,II,799.0,14.3,4.0,9.4,234.0,1,3,PD-1,PD,0,2.8,1
BRE00495,Breast,49,M,0,IV,146.4,12.4,3.5,7.4,375.0,1,0,Target,SD,0,5.9,1
BRE00496,Breast,79,F,0,III,126.8,13.7,4.3,9.4,336.0,0,0,Chemo,PR,0,60.0,0
BRE00497,Breast,67,M,1,II,100.0,11.0,4.0,5.9,245.0,0,0,Chemo,SD,0,25.6,1
BRE00498,Breast,48,F,0,II,286.5,8.8,4.9,9.4,264.0,0,1,PD-1,SD,0,40.7,1
BRE00499,Breast,67,F,2,IV,100.0,12.4,2.9,7.3,288.0,0,3,Chemo,SD,0,9.3,1
BRE00500,Breast,61,M,1,III,100.0,12.3,2.7,7.8,315.0,0,1,Chemo,PD,0,39.8,1
BRE00501,Breast,76,F,1,II,177.7,11.7,4.0,3.6,379.0,0,2,Target,SD,0,60.0,0
BRE00502,Breast,57,F,1,II,239.6,12.6,3.8,9.2,323.0,0,3,Chemo,PR,0,7.1,1
BRE00503,Breast,38,F,0,III,171.9,11.0,4.1,6.6,236.0,0,1,PD-1,PR,0,29.3,1
BRE00504,Breast,48,M,3,III,612.5,12.4,4.2,8.0,185.0,0,1,Chemo,PR,0,6.5,1
BRE00505,Breast,46,M,0,II,132.7,12.9,4.8,6.3,329.0,0,0,Chemo,SD,0,23.7,1
BRE00506,Breast,76,F,0,II,151.1,15.4,3.9,9.3,273.0,0,1,Chemo,PD,0,5.8,1
BRE00507,Breast,75,M,0,IV,176.9,13.5,4.2,7.5,171.0,1,0,Chemo,SD,0,5.3,1
BRE00508,Breast,61,M,2,III,185.9,9.5,3.3,7.3,318.0,0,1,Target,SD,0,9.5,1
BRE00509,Breast,76,F,2,I,168.3,11.2,5.2,10.8,371.0,0,2,Chemo,PD,0,60.0,0
BRE00510,Breast,83,F,2,I,163.3,10.3,4.6,3.0,251.0,1,2,Chemo,SD,0,32.2,1
BRE00511,Breast,83,M,1,III,100.0,14.7,4.4,6.2,375.0,0,1,Chemo,SD,0,1.5,1
BRE00512,Breast,47,M,2,I,274.0,11.0,3.6,6.7,311.0,0,2,Chemo,CR,0,4.7,1
BRE00513,Breast,30,F,0,II,326.2,11.5,4.7,5.3,157.0,0,1,Chemo,SD,0,14.0,1
BRE00514,Breast,43,F,1,IV,136.6,11.8,4.5,7.7,284.0,0,1,Chemo,PR,0,5.0,1
BRE00515,Breast,36,M,2,III,176.5,12.8,4.3,4.3,108.0,0,1,Chemo,PR,0,60.0,0
BRE00516,Breast,50,M,2,III,460.9,9.6,3.9,4.4,278.0,0,0,PD-1,SD,0,9.5,1
BRE00517,Breast,53,F,0,III,115.4,12.0,3.5,7.9,168.0,0,1,Target,SD,0,11.2,1
BRE00518,Breast,83,M,1,IV,205.1,13.9,4.0,5.2,265.0,0,1,PD-1,PR,0,24.7,1
BRE00519,Breast,84,M,0,II,192.4,11.3,3.6,8.0,304.0,0,1,Chemo,SD,0,16.1,1
BRE00520,Breast,38,M,0,II,474.6,15.7,4.2,5.8,203.0,0,2,Target,PD,0,36.9,1
BRE00521,Breast,41,M,1,II,552.6,10.2,3.4,5.3,385.0,0,0,Chemo,PD,0,12.1,1
BRE00522,Breast,54,M,0,IV,292.3,11.0,3.6,5.0,176.0,1,2,Chemo,SD,0,19.3,1
BRE00523,Breast,31,F,0,III,1518.6,13.5,3.0,5.1,100.0,0,1,Target,SD,0,50.0,0
BRE00524,Breast,45,M,1,I,184.4,12.1,4.3,6.1,248.0,1,3,Chemo,PD,0,10.0,1
BRE00525,Breast,25,F,1,II,100.0,11.5,4.2,5.4,359.0,1,0,Chemo,PD,0,2.8,1
BRE00526,Breast,73,F,0,IV,133.4,9.8,3.7,6.8,248.0,0,0,Chemo,PD,0,8.6,1
BRE00527,Breast,62,F,0,I,138.3,10.8,2.8,3.3,203.0,1,2,Chemo,CR,0,9.2,1
BRE00528,Breast,28,M,2,IV,459.5,15.7,3.2,5.3,118.0,1,1,Chemo,PR,0,0.8,1
BRE00529,Breast,70,F,0,IV,162.1,12.6,4.1,9.5,204.0,1,1,Chemo,PD,0,6.7,1
BRE00530,Breast,32,F,1,I,401.7,13.2,4.5,4.5,159.0,0,3,PD-1,PD,1,31.1,1
BRE00531,Breast,42,M,3,II,293.7,10.8,3.5,5.7,269.0,1,0,PD-1,PR,0,6.7,1
BRE00532,Breast,76,M,1,I,216.3,12.4,4.6,9.5,276.0,0,1,Chemo,PD,0,11.6,1
BRE00533,Breast,84,M,0,II,230.9,11.4,4.8,6.9,174.0,1,0,Chemo,SD,0,39.1,1
BRE00534,Breast,69,M,0,IV,215.0,9.5,4.2,3.6,224.0,0,2,Target,PD,0,4.2,1
BRE00535,Breast,32,M,1,I,358.7,10.5,4.5,8.2,366.0,1,0,Chemo,SD,0,60.0,0
BRE00536,Breast,55,M,2,III,156.0,11.0,3.4,9.4,216.0,0,0,Chemo,PD,0,34.9,1
BRE00537,Breast,55,M,1,III,144.2,16.2,3.1,7.0,214.0,1,0,Chemo,PD,0,40.4,1
BRE00538,Breast,52,M,0,IV,231.9,15.7,4.9,5.9,265.0,1,2,Chemo,PR,0,1.9,1
BRE00539,Breast,80,F,0,III,203.8,8.7,3.5,3.5,137.0,0,1,Target,CR,0,46.8,1
BRE00540,Breast,72,F,0,II,160.0,10.3,4.6,6.0,326.0,0,0,Chemo,SD,0,60.0,0
BRE00541,Breast,61,F,1,II,672.6,11.6,4.2,4.5,217.0,0,0,Chemo,PR,0,17.1,1
BRE00542,Breast,27,M,1,IV,278.3,12.1,4.9,7.0,157.0,1,0,Chemo,SD,0,1.6,1
BRE00543,Breast,69,F,0,II,129.6,11.7,4.4,8.7,293.0,1,1,PD-1,SD,0,26.9,1
BRE00544,Breast,39,F,2,II,259.7,15.7,3.4,5.0,211.0,0,0,Chemo,PR,0,38.6,1
BRE00545,Breast,28,F,1,IV,103.0,11.1,3.8,8.4,180.0,1,1,Chemo,PD,0,35.0,1
BRE00546,Breast,59,M,2,I,100.0,15.6,4.4,3.5,256.0,0,1,Chemo,CR,0,38.2,1
BRE00547,Breast,83,M,1,II,293.2,13.9,3.7,6.5,334.0,0,3,PD-1,PR,0,6.4,1
BRE00548,Breast,58,F,1,IV,108.3,11.9,4.5,3.0,217.0,0,0,Chemo,PD,0,5.3,1
BRE00549,Breast,60,M,1,II,185.8,10.7,4.0,7.4,173.0,0,1,Chemo,SD,0,32.9,1
BRE00550,Breast,81,M,1,I,100.0,10.7,4.5,9.3,100.0,0,0,Chemo,SD,0,60.0,0
BRE00551,Breast,30,M,2,II,152.3,15.9,4.6,6.1,134.0,1,1,PD-1,PR,0,60.0,0
BRE00552,Breast,28,F,1,IV,139.9,13.4,4.2,7.3,211.0,0,1,Chemo,PD,0,10.5,1
BRE00553,Breast,73,M,0,IV,171.3,12.6,3.9,6.0,145.0,1,1,PD-1,PR,0,2.9,1
BRE00554,Breast,54,F,1,III,723.7,7.6,3.7,7.7,194.0,0,2,Chemo,PD,0,10.6,1
BRE00555,Breast,63,M,0,II,391.2,11.0,3.4,8.6,404.0,1,1,Chemo,PD,0,14.3,1
BRE00556,Breast,42,M,2,II,169.4,11.3,4.9,7.0,348.0,1,0,Chemo,PR,0,60.0,0
BRE00557,Breast,84,M,0,III,160.2,12.4,4.0,5.9,185.0,0,2,Chemo,PD,0,8.6,1
BRE00558,Breast,46,M,0,IV,118.7,11.7,3.9,7.6,261.0,0,1,Chemo,SD,0,5.2,1
BRE00559,Breast,34,F,0,IV,100.0,11.2,3.9,10.6,164.0,1,1,Chemo,SD,0,6.3,1
BRE00560,Breast,73,F,0,III,165.8,12.6,4.0,7.6,375.0,0,3,Chemo,PR,0,8.0,1
BRE00561,Breast,53,M,0,IV,403.3,13.8,3.8,4.5,256.0,0,2,Chemo,PR,0,1.7,1
BRE00562,Breast,47,M,0,II,100.0,10.8,3.7,10.8,334.0,0,2,Chemo,PD,0,1.4,1
BRE00563,Breast,28,M,0,II,334.6,10.0,3.3,5.4,187.0,1,1,Chemo,PD,0,17.2,1
BRE00564,Breast,83,F,0,IV,360.9,10.9,4.0,5.4,378.0,1,0,Chemo,SD,0,7.7,1
BRE00565,Breast,43,M,2,II,100.0,10.1,4.7,9.0,215.0,1,3,Chemo,CR,0,60.0,0
BRE00566,Breast,50,M,0,III,185.3,11.5,3.6,6.2,109.0,1,0,Chemo,PD,0,11.9,1
BRE00567,Breast,31,M,2,III,139.5,16.0,4.3,8.0,236.0,0,2,Chemo,SD,0,42.0,1
BRE00568,Breast,37,M,2,III,164.0,11.3,4.3,7.9,195.0,1,3,Chemo,SD,0,2.2,1
BRE00569,Breast,27,M,0,II,206.2,9.8,4.2,7.9,330.0,0,2,PD-1,PR,0,13.0,1
BRE00570,Breast,64,F,0,IV,219.4,11.1,4.9,9.9,200.0,0,0,Chemo,PD,0,15.9,1
BRE00571,Breast,35,M,0,II,100.0,15.1,4.3,6.5,293.0,0,2,Chemo,SD,0,18.8,1
BRE00572,Breast,40,F,1,III,481.1,11.4,4.0,7.1,195.0,0,1,Chemo,PR,0,12.3,1
BRE00573,Breast,44,F,1,I,136.3,10.4,4.2,5.2,182.0,1,1,Chemo,SD,0,50.5,0
BRE00574,Breast,75,M,0,IV,878.5,8.5,4.4,8.5,250.0,0,2,PD-1,PD,0,14.6,1
BRE00575,Breast,47,M,0,II,103.0,11.3,4.9,7.4,293.0,0,1,Chemo,SD,0,21.7,1
BRE00576,Breast,47,F,1,IV,100.0,9.1,3.9,9.5,125.0,0,0,PD-1,SD,0,41.7,1
BRE00577,Breast,56,F,0,II,220.1,12.4,4.1,7.7,324.0,0,1,Chemo,SD,0,3.0,1
BRE00578,Breast,65,M,2,III,310.8,11.2,5.5,10.5,325.0,0,0,PD-1,SD,1,15.2,1
BRE00579,Breast,66,M,0,IV,389.2,7.8,4.0,6.7,226.0,1,1,PD-1,SD,0,40.9,1
BRE00580,Breast,79,F,0,II,100.2,15.3,4.0,7.5,235.0,0,1,Chemo,PD,0,35.6,1
BRE00581,Breast,62,M,0,III,148.4,16.3,3.6,7.1,100.0,1,1,PD-1,SD,0,9.8,1
BRE00582,Breast,27,F,1,IV,555.3,12.5,4.0,5.6,394.0,0,0,Chemo,PR,0,21.0,1
BRE00583,Breast,76,F,0,II,145.3,15.1,4.0,3.1,224.0,0,0,Chemo,PD,0,12.2,1
BRE00584,Breast,32,M,0,IV,309.3,12.5,4.2,7.4,337.0,0,1,Chemo,PD,0,8.1,1
BRE00585,Breast,62,F,0,II,100.0,8.1,4.1,3.8,202.0,0,1,Chemo,SD,0,60.0,0
BRE00586,Breast,81,F,0,IV,100.0,11.5,3.0,7.9,250.0,0,1,Chemo,PR,0,29.5,1
BRE00587,Breast,64,M,1,IV,323.7,10.7,3.3,9.3,292.0,0,2,PD-1,PD,0,10.2,1
BRE00588,Breast,38,F,0,III,165.8,9.0,3.9,6.9,213.0,0,1,Chemo,SD,0,11.1,1
BRE00589,Breast,32,M,1,II,285.3,12.0,3.8,7.8,125.0,0,2,Chemo,PR,0,60.0,0
BRE00590,Breast,35,F,0,II,124.4,10.5,3.5,7.8,240.0,0,0,Chemo,PD,0,47.7,1
BRE00591,Breast,66,F,1,IV,100.0,12.4,3.1,8.9,137.0,0,0,Chemo,PR,0,1.6,1
BRE00592,Breast,82,F,1,IV,191.6,13.5,4.8,6.8,181.0,1,0,PD-1,SD,0,19.1,1
BRE00593,Breast,79,M,1,III,100.0,15.4,4.8,4.6,200.0,0,0,PD-1,SD,0,23.0,1
BRE00594,Breast,66,M,1,II,195.4,11.9,4.4,3.5,256.0,0,3,Chemo,PD,0,60.0,0
BRE00595,Breast,67,F,0,I,101.6,9.8,3.7,6.3,199.0,1,3,Chemo,PR,0,20.5,1
BRE00596,Breast,57,M,3,IV,268.1,10.9,4.7,3.7,152.0,1,2,Target,PD,0,4.7,1
BRE00597,Breast,39,F,1,IV,154.2,11.2,3.6,7.1,265.0,0,1,Target,SD,0,15.1,1
BRE00598,Breast,61,F,0,II,151.2,16.6,4.2,7.5,302.0,0,0,Chemo,SD,0,60.0,0
BRE00599,Breast,38,M,0,IV,222.5,11.8,3.6,5.9,139.0,0,2,Target,PD,0,15.6,1
BRE00600,Breast,79,M,0,II,316.5,13.0,4.0,8.5,252.0,0,1,PD-1,PD,0,2.6,1
BRE00601,Breast,50,F,1,IV,202.2,14.2,4.2,7.3,310.0,0,3,PD-1,PD,0,21.4,1
BRE00602,Breast,81,F,0,III,528.2,14.8,3.3,5.7,258.0,0,0,PD-1,PD,0,6.4,1
BRE00603,Breast,84,M,3,IV,515.2,12.4,3.8,6.1,153.0,0,0,PD-1,PD,0,20.8,1
BRE00604,Breast,76,F,0,IV,119.0,11.3,4.1,9.7,269.0,0,3,Chemo,SD,0,2.1,1
BRE00605,Breast,32,F,1,IV,100.0,11.0,3.4,3.6,250.0,0,3,Chemo,SD,0,0.2,1
BRE00606,Breast,73,M,1,IV,100.0,9.4,3.5,6.5,262.0,0,2,PD-1,SD,1,18.1,1
BRE00607,Breast,28,M,2,II,534.6,13.8,4.1,7.4,253.0,0,1,Chemo,PD,0,26.2,1
BRE00608,Breast,60,M,0,IV,100.0,17.5,3.7,5.8,100.0,0,2,Chemo,SD,0,29.4,1
BRE00609,Breast,42,M,3,IV,143.6,14.7,3.4,5.6,236.0,0,0,PD-1,SD,2,9.1,1
BRE00610,Breast,51,F,2,II,182.5,12.0,4.0,9.2,326.0,0,0,Chemo,PD,0,5.5,1
BRE00611,Breast,83,F,3,III,524.6,9.4,4.2,11.1,365.0,1,1,Chemo,PD,0,0.3,1
BRE00612,Breast,43,M,2,IV,100.0,10.9,5.1,6.3,330.0,1,2,Chemo,PD,0,6.6,1
BRE00613,Breast,27,F,2,I,348.0,12.8,4.0,7.1,252.0,0,0,Target,PR,0,40.7,1
BRE00614,Breast,33,M,1,III,182.8,11.3,4.0,8.2,305.0,0,1,Chemo,SD,0,0.3,1
BRE00615,Breast,63,M,2,IV,167.9,11.7,3.9,5.0,293.0,0,1,Chemo,PD,0,11.8,1
BRE00616,Breast,26,M,1,I,178.4,12.8,4.6,7.1,231.0,0,1,PD-1,PR,0,29.3,1
BRE00617,Breast,33,F,1,IV,118.8,12.4,4.2,10.1,342.0,1,0,Chemo,PD,0,29.9,1
BRE00618,Breast,80,M,1,III,141.3,16.6,4.4,11.8,198.0,0,0,Chemo,PR,0,15.7,1
BRE00619,Breast,30,M,3,II,117.4,16.6,4.1,4.5,241.0,1,2,Chemo,PD,0,57.9,0
BRE00620,Breast,62,F,0,III,100.0,11.4,4.5,5.2,322.0,0,1,Chemo,PD,0,34.9,1
BRE00621,Breast,52,F,2,III,100.0,14.1,4.2,6.1,177.0,0,2,Chemo,PD,0,30.8,1
BRE00622,Breast,72,M,0,IV,368.6,9.2,3.3,6.3,143.0,0,0,Chemo,PD,0,13.4,1
BRE00623,Breast,58,M,0,IV,146.9,13.9,3.9,9.2,172.0,0,0,PD-1,PD,0,8.7,1
BRE00624,Breast,53,F,0,III,271.2,13.0,3.9,7.1,286.0,1,0,Chemo,PD,0,0.3,1
BRE00625,Breast,72,F,0,IV,163.0,10.2,4.2,9.0,429.0,1,0,Chemo,PD,0,1.9,1
BRE00626,Breast,27,F,3,IV,161.3,14.3,4.1,7.5,346.0,0,0,Chemo,PD,0,3.8,1
BRE00627,Breast,78,M,0,IV,173.2,9.9,4.7,6.8,313.0,0,0,PD-1,SD,0,1.5,1
BRE00628,Breast,40,M,1,IV,281.0,11.7,4.2,7.9,375.0,0,1,Target,PD,0,35.0,1
BRE00629,Breast,68,F,0,III,120.1,12.3,4.2,3.0,273.0,0,2,Target,PR,0,11.3,1
BRE00630,Breast,59,F,2,III,165.3,8.6,3.5,6.3,201.0,0,2,Chemo,PD,0,16.6,1
BRE00631,Breast,35,F,2,IV,311.8,12.3,4.1,6.4,245.0,0,3,PD-1,PD,1,18.5,1
BRE00632,Breast,67,F,0,IV,347.3,10.2,3.9,4.2,229.0,1,1,Chemo,PD,0,13.3,1
BRE00633,Breast,47,F,0,I,441.9,11.2,3.0,9.7,173.0,1,0,Chemo,CR,0,3.4,1
BRE00634,Breast,54,M,1,IV,101.8,11.8,3.3,6.5,233.0,0,0,Chemo,PR,0,5.6,1
BRE00635,Breast,72,F,1,III,123.5,8.6,4.4,7.7,125.0,0,0,PD-1,PR,1,10.9,1
BRE00636,Breast,29,M,0,II,160.9,11.0,4.3,8.7,224.0,1,2,Chemo,SD,0,19.1,1
BRE00637,Breast,76,M,3,III,100.0,11.7,3.7,5.3,242.0,1,0,Chemo,SD,0,2.4,1
BRE00638,Breast,32,F,2,II,306.0,11.3,3.7,7.6,236.0,0,0,Target,PD,0,60.0,0
BRE00639,Breast,67,F,0,IV,215.5,10.1,3.4,3.7,385.0,1,0,Chemo,PD,0,6.5,1
BRE00640,Breast,67,M,3,II,165.2,9.3,4.5,8.1,266.0,1,3,Target,SD,0,8.3,1
BRE00641,Breast,74,M,0,II,336.2,10.0,3.6,5.9,391.0,0,2,Target,PD,0,16.2,1
BRE00642,Breast,75,M,1,I,115.2,8.1,3.7,6.4,140.0,1,0,Chemo,PD,0,3.7,1
BRE00643,Breast,34,M,1,III,356.8,10.3,4.5,9.2,320.0,0,0,Chemo,SD,0,4.4,1
BRE00644,Breast,52,F,0,II,515.5,14.5,4.5,10.6,267.0,1,0,PD-1,PD,0,1.0,1
BRE00645,Breast,60,F,0,IV,218.0,8.9,3.9,5.6,242.0,0,0,Chemo,SD,0,15.1,1
BRE00646,Breast,84,M,0,I,180.5,13.8,4.0,5.3,144.0,0,0,PD-1,PD,0,23.1,1
BRE00647,Breast,34,M,1,IV,200.5,9.3,4.2,8.4,277.0,0,0,PD-1,SD,1,7.1,1
BRE00648,Breast,38,M,2,III,100.0,13.0,3.8,8.3,432.0,0,1,Chemo,PD,0,2.9,1
BRE00649,Breast,62,M,1,IV,161.1,17.3,4.0,4.6,285.0,1,0,Chemo,PD,0,1.0,1
BRE00650,Breast,61,M,1,II,623.2,13.2,3.9,7.0,246.0,0,3,Chemo,SD,0,60.0,0
BRE00651,Breast,71,F,1,II,648.7,11.6,4.3,7.0,262.0,0,0,Chemo,PD,0,59.0,0
BRE00652,Breast,29,F,0,IV,191.5,11.7,4.7,6.9,297.0,1,3,Chemo,PD,0,0.3,1
BRE00653,Breast,79,F,2,IV,130.7,13.8,4.6,8.3,375.0,0,1,Chemo,PD,0,45.4,1
BRE00654,Breast,80,F,1,III,336.1,12.8,4.5,10.0,220.0,1,2,PD-1,SD,0,8.5,1
BRE00655,Breast,30,F,0,I,177.4,12.5,3.5,6.5,265.0,1,1,Chemo,SD,0,60.0,0
BRE00656,Breast,54,M,0,III,319.8,11.1,4.6,10.6,250.0,0,1,Chemo,PD,0,36.6,1
BRE00657,Breast,43,M,3,II,116.1,12.7,3.7,6.8,214.0,0,1,PD-1,SD,0,15.0,1
BRE00658,Breast,76,F,0,III,217.8,8.4,3.1,10.3,266.0,0,0,Chemo,PD,0,29.0,1
BRE00659,Breast,73,M,2,III,146.0,10.8,3.6,7.8,372.0,0,0,Chemo,PD,0,30.9,1
BRE00660,Breast,38,F,0,IV,180.7,15.6,4.0,9.2,198.0,0,0,Target,PD,0,3.0,1
BRE00661,Breast,35,M,1,IV,128.7,13.7,3.0,8.9,279.0,0,0,Chemo,PD,0,3.3,1
BRE00662,Breast,70,F,0,II,166.7,11.7,4.4,5.4,282.0,0,0,PD-1,SD,0,25.9,1
BRE00663,Breast,29,M,2,IV,217.4,9.8,4.4,7.7,249.0,0,0,Chemo,PR,0,21.9,1
BRE00664,Breast,69,M,1,II,275.2,16.0,3.8,5.2,284.0,1,2,Target,PD,0,10.4,1
BRE00665,Breast,55,F,0,II,164.6,10.8,3.4,6.8,281.0,0,2,Chemo,PD,0,39.2,1
BRE00666,Breast,68,M,0,IV,432.7,10.1,4.5,4.7,177.0,0,1,Target,PR,0,1.9,1
BRE00667,Breast,82,F,0,IV,100.0,12.3,3.5,6.6,245.0,1,0,PD-1,PD,1,2.0,1
BRE00668,Breast,56,M,2,IV,100.0,10.9,3.2,7.1,249.0,0,0,Chemo,PD,0,2.8,1
BRE00669,Breast,48,F,2,IV,127.0,8.0,4.0,5.3,166.0,1,0,PD-1,CR,0,0.9,1
BRE00670,Breast,75,M,2,II,182.4,9.1,4.0,7.0,255.0,0,1,Chemo,SD,0,3.1,1
BRE00671,Breast,34,M,0,II,480.2,11.6,4.2,8.6,248.0,0,3,PD-1,CR,2,1.4,1
BRE00672,Breast,37,F,1,IV,162.1,9.7,4.4,5.0,412.0,1,0,Chemo,SD,0,12.8,1
BRE00673,Breast,71,M,3,III,102.8,8.9,4.4,8.8,184.0,1,1,Chemo,PD,0,17.1,1
BRE00674,Breast,76,M,2,II,123.3,9.1,3.4,8.8,330.0,0,1,Chemo,PR,0,42.5,1
BRE00675,Breast,37,F,0,III,190.3,11.6,3.0,5.1,288.0,0,0,Chemo,SD,0,4.3,1
BRE00676,Breast,60,F,1,IV,100.0,11.7,4.2,3.0,333.0,1,3,Chemo,PD,0,16.3,1
BRE00677,Breast,46,M,1,IV,577.1,13.7,4.0,9.2,186.0,1,0,Target,PD,0,37.2,1
BRE00678,Breast,33,M,1,III,100.0,9.6,3.8,6.5,100.0,0,3,PD-1,PD,0,0.8,1
BRE00679,Breast,82,F,0,IV,114.7,11.6,3.9,7.0,241.0,0,1,Chemo,PR,0,30.5,1
BRE00680,Breast,43,F,0,IV,129.4,10.7,3.6,11.0,312.0,1,0,Target,PD,0,13.7,1
BRE00681,Breast,76,F,2,I,101.0,13.1,4.9,7.8,224.0,0,0,Chemo,SD,0,36.6,1
BRE00682,Breast,78,M,0,II,271.5,12.0,3.0,7.9,238.0,1,0,Target,SD,0,8.2,1
BRE00683,Breast,78,F,0,III,122.3,12.7,4.2,7.0,408.0,0,0,Chemo,PR,0,0.3,1
BRE00684,Breast,31,M,2,III,263.0,14.5,3.4,6.6,192.0,0,3,Chemo,PD,0,9.9,1
BRE00685,Breast,39,M,1,IV,467.7,12.4,3.7,6.9,324.0,0,2,Chemo,PD,0,41.3,1
BRE00686,Breast,41,M,3,IV,380.8,14.2,3.8,6.7,172.0,0,1,Chemo,PD,0,4.9,1
BRE00687,Breast,70,M,0,II,199.5,9.4,3.5,3.6,342.0,1,1,Target,PR,0,12.4,1
BRE00688,Breast,38,M,1,IV,181.5,9.1,3.9,5.0,244.0,0,0,Chemo,SD,0,13.8,1
BRE00689,Breast,65,M,0,III,308.1,14.6,2.7,6.9,289.0,1,0,Chemo,PR,0,6.9,1
BRE00690,Breast,72,F,0,III,152.7,12.6,3.2,11.1,199.0,1,0,PD-1,SD,0,6.8,1
BRE00691,Breast,26,F,0,IV,135.3,13.2,3.1,4.2,258.0,0,0,Chemo,PD,0,3.1,1
BRE00692,Breast,38,M,1,III,100.0,14.3,3.4,6.0,264.0,0,0,Chemo,PR,0,7.7,1
BRE00693,Breast,28,F,1,IV,218.1,10.5,3.6,5.9,137.0,0,1,Chemo,SD,0,3.0,1
BRE00694,Breast,27,F,1,I,100.0,10.8,4.0,8.4,211.0,0,0,Chemo,PD,0,21.0,1
BRE00695,Breast,27,M,0,III,118.6,13.6,3.7,7.2,271.0,0,3,Chemo,PR,0,1.4,1
BRE00696,Breast,35,M,1,III,640.6,11.3,3.6,5.7,190.0,0,0,Chemo,SD,0,1.4,1
BRE00697,Breast,29,M,0,III,271.6,10.9,3.7,9.3,264.0,0,0,PD-1,PR,0,41.4,1
BRE00698,Breast,72,M,0,II,230.9,9.5,3.7,5.0,235.0,0,1,Chemo,PD,0,41.9,1
BRE00699,Breast,79,M,1,IV,117.6,13.8,3.8,6.0,298.0,1,2,Chemo,CR,0,21.5,1
BRE00700,Breast,53,M,0,II,288.0,10.9,3.8,4.8,237.0,0,3,Chemo,PD,0,52.3,0
CRC00001,CRC,28,F,1,I,120.3,10.6,4.7,6.0,267.0,1,2,PD-1,PD,0,14.6,1
CRC00002,CRC,52,M,0,III,354.7,12.1,4.0,10.5,163.0,1,0,Chemo,PD,0,10.6,1
CRC00003,CRC,28,F,1,II,201.4,11.2,3.9,4.1,107.0,1,2,PD-1,PD,0,13.5,1
CRC00004,CRC,37,F,3,III,267.2,12.5,4.1,9.0,287.0,1,0,Chemo,PD,0,25.1,1
CRC00005,CRC,36,M,1,IV,553.0,13.8,3.9,8.8,150.0,1,0,PD-1,PD,3,3.6,1
CRC00006,CRC,39,F,1,II,100.0,10.6,3.5,8.1,415.0,0,0,Chemo,PD,0,50.0,0
CRC00007,CRC,53,M,1,IV,310.4,12.3,4.1,4.8,271.0,1,0,Chemo,PD,0,10.8,1
CRC00008,CRC,47,F,2,I,171.3,11.2,3.2,8.1,358.0,1,2,PD-1,PD,0,28.0,1
CRC00009,CRC,37,F,0,II,102.6,12.4,4.1,7.3,252.0,0,1,PD-1,PR,0,31.6,1
CRC00010,CRC,62,F,1,II,170.7,13.4,3.5,3.3,310.0,0,1,PD-1,SD,0,57.6,0
CRC00011,CRC,82,M,1,IV,500.0,13.8,4.0,10.1,254.0,0,3,PD-1,PR,0,0.2,1
CRC00012,CRC,70,M,2,IV,403.8,13.3,4.1,6.3,330.0,0,0,PD-1,PD,0,7.4,1
CRC00013,CRC,59,M,0,II,100.0,12.8,3.8,10.0,100.0,1,0,Chemo,PR,0,20.1,1
CRC00014,CRC,64,F,2,I,114.2,9.2,3.2,6.9,321.0,0,1,Chemo,PD,0,60.0,0
CRC00015,CRC,36,F,1,IV,319.2,9.8,3.4,9.0,304.0,1,2,Chemo,SD,0,21.3,1
CRC00016,CRC,54,M,0,IV,178.9,10.4,4.2,5.3,238.0,0,3,PD-1,PR,1,10.4,1
CRC00017,CRC,70,M,1,II,179.3,12.7,3.7,7.4,217.0,0,0,PD-1,PD,1,6.8,1
CRC00018,CRC,29,F,0,III,100.0,9.4,4.3,7.3,226.0,1,2,Chemo,CR,0,4.0,1
CRC00019,CRC,26,M,0,IV,115.9,12.7,4.0,6.4,273.0,0,2,Chemo,SD,0,19.4,1
CRC00020,CRC,66,M,0,I,100.0,12.5,3.9,5.3,347.0,1,0,PD-1,PD,0,8.0,1
CRC00021,CRC,54,M,0,I,100.0,8.1,4.2,3.0,207.0,0,1,Chemo,SD,0,44.6,1
CRC00022,CRC,59,M,1,II,100.0,9.8,3.7,5.3,114.0,1,0,PD-1,SD,0,0.5,1
CRC00023,CRC,79,F,0,IV,103.9,14.1,4.2,8.4,449.0,0,1,PD-1,SD,0,3.6,1
CRC00024,CRC,34,F,0,II,114.8,13.4,3.8,4.2,304.0,0,2,Chemo,PD,0,32.7,1
CRC00025,CRC,33,M,1,IV,109.4,10.3,5.3,4.6,219.0,1,2,PD-1,CR,0,0.3,1
CRC00026,CRC,41,F,0,IV,334.4,9.9,3.4,4.1,345.0,0,1,Target,PR,0,26.4,1
CRC00027,CRC,84,M,0,III,105.2,7.1,3.8,7.4,325.0,1,2,Chemo,SD,0,60.0,0
CRC00028,CRC,62,F,0,II,426.5,14.9,3.8,5.2,289.0,1,0,Chemo,SD,0,23.1,1
CRC00029,CRC,83,M,1,IV,135.6,12.1,3.3,9.4,212.0,0,0,PD-1,SD,0,8.0,1
CRC00030,CRC,54,F,0,III,235.9,15.8,4.4,8.5,303.0,0,0,PD-1,PR,0,14.9,1
CRC00031,CRC,65,M,0,III,240.5,11.6,3.8,7.4,337.0,0,2,Chemo,PD,0,1.5,1
CRC00032,CRC,79,M,1,IV,105.8,12.6,2.8,7.6,112.0,0,2,Chemo,PD,0,16.8,1
CRC00033,CRC,59,F,0,IV,148.9,13.8,4.3,5.5,268.0,0,1,Target,PR,0,45.4,1
CRC00034,CRC,31,M,1,III,134.1,15.3,3.7,5.5,274.0,0,3,PD-1,PR,0,42.0,1
CRC00035,CRC,36,F,0,III,226.7,13.0,3.9,8.4,271.0,1,1,Chemo,PD,0,30.1,1
CRC00036,CRC,74,M,2,I,167.8,12.0,4.3,8.8,254.0,0,1,Chemo,PR,0,60.0,0
CRC00037,CRC,66,M,2,IV,115.7,12.1,3.8,8.4,345.0,0,1,Chemo,PD,0,13.4,1
CRC00038,CRC,58,F,3,IV,194.7,9.9,3.8,6.1,233.0,0,2,Chemo,SD,0,11.8,1
CRC00039,CRC,73,F,1,III,222.2,11.2,5.2,6.2,250.0,0,0,Chemo,SD,0,5.3,1
CRC00040,CRC,27,M,1,IV,550.1,12.1,2.9,5.1,275.0,1,0,Target,SD,0,12.0,1
CRC00041,CRC,57,M,2,IV,188.8,14.8,3.4,8.5,236.0,0,0,PD-1,PR,0,5.3,1
CRC00042,CRC,64,F,0,II,182.4,11.1,3.5,3.1,139.0,1,2,PD-1,PD,1,21.6,1
CRC00043,CRC,37,M,1,IV,234.4,14.1,4.9,3.0,267.0,0,3,Chemo,PD,0,13.8,1
CRC00044,CRC,35,M,0,II,102.6,11.8,3.7,3.0,268.0,0,0,Chemo,SD,0,60.0,0
CRC00045,CRC,64,F,1,IV,100.0,14.5,4.1,3.0,221.0,1,3,PD-1,SD,0,1.7,1
CRC00046,CRC,44,F,0,II,150.3,13.4,3.8,9.7,239.0,1,1,PD-1,CR,0,47.3,1
CRC00047,CRC,55,F,2,IV,344.9,13.2,4.3,8.6,100.0,1,1,PD-1,SD,0,32.4,1
CRC00048,CRC,57,F,3,III,380.0,14.0,4.0,4.6,347.0,0,2,Chemo,PD,0,32.1,1
CRC00049,CRC,58,M,0,I,100.0,13.7,4.1,6.8,322.0,0,1,Chemo,PR,0,28.7,1
CRC00050,CRC,74,M,2,II,270.3,14.1,4.6,9.9,143.0,0,1,Chemo,PR,0,60.0,0
CRC00051,CRC,74,M,0,IV,100.0,16.3,4.2,8.0,196.0,0,0,Chemo,SD,0,3.5,1
CRC00052,CRC,33,M,0,II,238.8,15.2,3.6,11.2,366.0,0,0,Chemo,PR,0,21.6,1
CRC00053,CRC,31,M,1,IV,230.4,12.9,4.2,6.8,158.0,1,1,Chemo,PD,0,10.5,1
CRC00054,CRC,33,F,0,III,100.0,11.1,5.2,5.7,288.0,0,0,Chemo,PD,0,16.5,1
CRC00055,CRC,66,F,1,IV,330.3,12.7,4.3,4.8,211.0,0,1,Chemo,PD,0,8.7,1
CRC00056,CRC,50,F,0,III,516.1,8.1,4.1,7.0,283.0,0,1,PD-1,SD,0,3.8,1
CRC00057,CRC,26,F,1,III,174.6,13.7,3.3,8.9,254.0,0,1,Target,SD,0,4.7,1
CRC00058,CRC,29,M,1,II,197.3,9.9,4.4,7.2,227.0,0,1,Chemo,SD,0,7.9,1
CRC00059,CRC,73,F,2,III,440.3,14.2,4.4,6.3,281.0,1,3,PD-1,SD,0,2.7,1
CRC00060,CRC,26,F,1,IV,100.0,16.0,4.2,9.5,211.0,1,0,Target,SD,0,1.6,1
CRC00061,CRC,76,F,0,IV,100.0,9.1,4.1,8.1,107.0,0,1,PD-1,PR,0,34.5,1
CRC00062,CRC,34,M,0,II,109.5,11.9,5.4,6.8,176.0,0,2,Chemo,PD,0,14.7,1
CRC00063,CRC,55,F,2,IV,185.4,9.9,4.4,5.5,166.0,1,0,Chemo,SD,0,11.4,1
CRC00064,CRC,57,F,1,II,185.1,8.5,4.6,6.5,122.0,0,0,PD-1,CR,0,11.7,1
CRC00065,CRC,68,M,1,II,130.1,11.8,4.0,7.9,280.0,0,1,PD-1,CR,0,35.4,1
CRC00066,CRC,80,M,1,III,151.4,13.3,3.9,5.4,236.0,0,1,Chemo,SD,0,36.5,1
CRC00067,CRC,71,F,0,II,131.1,13.5,4.3,4.5,278.0,0,0,Chemo,SD,0,24.6,1
CRC00068,CRC,30,F,1,IV,135.0,12.3,3.9,6.0,292.0,1,1,PD-1,PR,0,10.3,1
CRC00069,CRC,38,F,2,IV,114.3,8.7,4.0,6.9,311.0,1,1,PD-1,CR,0,7.5,1
CRC00070,CRC,38,M,0,II,114.9,12.2,4.2,9.7,283.0,0,1,Target,SD,0,51.0,0
CRC00071,CRC,39,M,3,III,100.0,9.0,3.7,4.7,172.0,0,1,Chemo,PR,0,1.2,1
CRC00072,CRC,57,M,0,IV,158.5,9.1,4.1,7.5,296.0,0,2,PD-1,PD,0,13.8,1
CRC00073,CRC,81,M,1,II,100.0,10.0,4.0,6.4,268.0,0,1,Chemo,SD,0,15.1,1
CRC00074,CRC,55,M,0,III,284.4,14.1,4.5,6.5,425.0,1,1,PD-1,CR,0,12.0,1
CRC00075,CRC,41,F,1,II,129.5,13.1,3.7,10.1,251.0,0,1,PD-1,SD,0,20.7,1
CRC00076,CRC,67,F,0,IV,168.7,12.6,3.0,7.2,281.0,0,1,Target,SD,0,35.9,1
CRC00077,CRC,39,F,0,IV,144.9,10.3,3.8,5.2,242.0,0,2,Target,PD,0,7.0,1
CRC00078,CRC,44,M,3,IV,156.6,11.2,4.2,8.8,254.0,0,1,PD-1,PR,0,1.1,1
CRC00079,CRC,72,M,1,III,386.8,9.3,4.5,8.6,249.0,0,1,Chemo,PD,0,40.5,1
CRC00080,CRC,45,M,1,IV,100.0,14.7,3.7,5.0,215.0,0,0,Chemo,PD,0,23.1,1
CRC00081,CRC,53,M,1,I,100.0,16.4,4.3,4.6,264.0,1,2,Chemo,PD,0,60.0,0
CRC00082,CRC,83,M,0,IV,194.7,13.1,4.6,7.8,300.0,0,1,Chemo,PD,0,3.5,1
CRC00083,CRC,33,F,0,II,134.6,13.5,4.4,6.9,216.0,0,1,PD-1,SD,0,41.3,1
CRC00084,CRC,53,M,0,II,224.9,11.7,3.6,6.1,317.0,1,1,PD-1,PD,0,60.0,0
CRC00085,CRC,68,M,1,IV,278.6,8.8,3.7,9.1,307.0,1,0,Chemo,SD,0,8.9,1
CRC00086,CRC,58,M,2,IV,100.0,10.3,4.2,5.8,180.0,0,1,Chemo,SD,0,0.2,1
CRC00087,CRC,71,M,0,IV,260.4,11.1,4.8,7.8,173.0,0,0,Chemo,PR,0,13.1,1
CRC00088,CRC,84,F,1,II,100.0,11.2,4.0,9.3,286.0,1,0,PD-1,PR,0,21.5,1
CRC00089,CRC,33,F,0,IV,189.6,10.8,3.9,6.3,203.0,0,0,PD-1,SD,0,4.1,1
CRC00090,CRC,84,M,0,IV,100.0,12.1,3.3,3.3,166.0,1,0,Chemo,SD,0,14.1,1
CRC00091,CRC,72,F,1,IV,196.2,10.3,3.8,6.2,387.0,0,0,Chemo,PD,0,44.3,1
CRC00092,CRC,54,F,0,IV,179.0,16.3,3.6,7.4,173.0,1,1,PD-1,SD,0,0.7,1
CRC00093,CRC,41,M,1,II,100.0,9.3,4.0,9.0,128.0,0,2,Chemo,PD,0,60.0,0
CRC00094,CRC,76,M,0,III,100.0,13.8,3.2,6.0,187.0,1,0,Chemo,PD,0,16.2,1
CRC00095,CRC,83,F,3,IV,284.4,11.5,3.8,10.4,269.0,0,1,PD-1,SD,0,1.4,1
CRC00096,CRC,79,M,1,III,138.1,12.9,3.5,4.4,256.0,0,1,PD-1,SD,0,2.8,1
CRC00097,CRC,28,M,0,I,332.7,13.0,4.5,7.3,401.0,0,0,PD-1,PD,0,60.0,0
CRC00098,CRC,64,M,0,II,130.8,12.3,3.6,6.5,189.0,0,0,Target,PR,0,45.9,1
CRC00099,CRC,56,M,0,IV,396.0,9.7,3.7,9.7,269.0,1,0,Chemo,PR,0,37.6,1
CRC00100,CRC,56,F,0,II,102.6,11.3,4.1,4.1,340.0,0,2,Chemo,PD,0,1.5,1
CRC00101,CRC,31,F,1,II,438.6,12.3,3.8,7.9,197.0,0,2,Chemo,PD,0,11.8,1
CRC00102,CRC,62,F,2,III,201.3,12.2,5.2,6.5,306.0,0,1,Chemo,SD,0,60.0,0
CRC00103,CRC,56,F,0,II,230.4,10.0,4.5,10.1,103.0,0,1,PD-1,PR,0,60.0,0
CRC00104,CRC,29,F,1,I,100.0,14.6,4.0,5.3,391.0,0,1,Chemo,SD,0,2.1,1
CRC00105,CRC,66,M,0,II,280.8,7.0,4.2,7.8,330.0,0,0,Chemo,SD,0,55.1,0
CRC00106,CRC,27,M,1,IV,286.7,11.5,2.8,5.3,196.0,0,2,PD-1,PD,0,8.8,1
CRC00107,CRC,80,M,0,I,149.2,10.2,4.6,7.4,316.0,1,0,PD-1,PR,0,31.9,1
CRC00108,CRC,44,F,3,IV,100.0,12.4,4.3,6.3,355.0,1,1,Chemo,PD,0,0.6,1
CRC00109,CRC,80,F,1,IV,100.0,14.0,4.0,6.2,147.0,1,1,Chemo,PD,0,5.8,1
CRC00110,CRC,41,F,3,III,100.0,9.2,4.3,3.0,202.0,0,1,PD-1,CR,0,26.3,1
CRC00111,CRC,40,M,0,II,237.4,16.7,4.3,7.8,358.0,1,1,Chemo,CR,0,16.2,1
CRC00112,CRC,35,F,1,IV,137.1,12.4,3.8,4.8,255.0,0,1,Target,SD,0,41.6,1
CRC00113,CRC,37,M,1,III,138.7,12.8,4.2,4.8,285.0,0,0,PD-1,SD,0,23.4,1
CRC00114,CRC,42,M,1,II,129.1,9.1,4.5,3.9,256.0,0,0,Chemo,SD,0,55.8,0
CRC00115,CRC,38,M,0,III,437.7,11.9,4.2,4.9,321.0,0,2,Chemo,CR,0,60.0,0
CRC00116,CRC,58,F,3,II,186.3,13.9,3.9,8.0,291.0,1,1,PD-1,PR,0,60.0,0
CRC00117,CRC,36,M,2,III,204.1,12.4,4.1,7.9,258.0,0,2,Chemo,PR,0,16.1,1
CRC00118,CRC,46,M,0,III,125.0,12.3,4.7,8.3,100.0,1,1,Chemo,SD,0,5.3,1
CRC00119,CRC,45,M,1,III,178.1,11.9,4.4,4.9,301.0,0,1,Chemo,SD,0,26.0,1
CRC00120,CRC,50,M,0,IV,100.9,9.2,3.4,7.4,308.0,0,1,PD-1,PR,0,0.1,1
CRC00121,CRC,66,F,2,IV,222.8,9.2,4.3,5.8,151.0,0,0,Chemo,PD,0,8.7,1
CRC00122,CRC,63,M,1,III,100.0,14.3,4.2,8.9,156.0,0,1,Chemo,SD,0,14.1,1
CRC00123,CRC,26,F,0,III,283.3,13.8,4.6,7.9,291.0,1,2,PD-1,SD,0,6.9,1
CRC00124,CRC,81,M,0,IV,116.6,14.1,4.0,5.7,266.0,0,3,PD-1,SD,1,22.9,1
CRC00125,CRC,74,M,0,III,320.2,10.4,3.8,9.1,100.0,0,1,Target,PD,0,1.9,1
CRC00126,CRC,73,F,0,III,569.3,11.7,3.3,8.0,184.0,0,1,Chemo,PR,0,51.4,0
CRC00127,CRC,40,F,0,IV,181.4,14.5,3.7,4.2,275.0,0,2,Chemo,SD,0,13.2,1
CRC00128,CRC,58,F,1,IV,398.2,9.5,4.6,3.7,304.0,0,2,PD-1,PD,2,12.6,1
CRC00129,CRC,35,M,1,III,284.5,14.3,4.1,4.3,203.0,1,2,Chemo,PD,0,19.5,1
CRC00130,CRC,43,M,1,II,100.0,10.8,4.0,10.3,238.0,0,1,PD-1,PR,0,8.5,1
CRC00131,CRC,54,F,1,III,193.7,10.3,4.6,5.0,180.0,0,2,PD-1,CR,0,9.0,1
CRC00132,CRC,78,M,0,III,244.9,11.9,4.5,10.8,356.0,0,0,Target,PD,0,0.6,1
CRC00133,CRC,31,F,0,III,259.5,9.8,3.6,4.9,264.0,0,1,PD-1,PR,0,33.2,1
CRC00134,CRC,51,M,1,II,201.7,8.2,4.6,4.7,197.0,0,0,Chemo,PD,0,32.1,1
CRC00135,CRC,46,M,0,III,200.2,12.2,3.2,8.8,157.0,1,1,Chemo,PD,0,15.2,1
CRC00136,CRC,41,M,0,III,181.8,13.1,4.2,8.9,149.0,0,1,Chemo,SD,0,23.6,1
CRC00137,CRC,39,F,0,II,196.4,14.4,4.2,8.1,395.0,0,0,Chemo,PD,0,20.0,1
CRC00138,CRC,33,M,1,IV,100.0,13.2,4.6,8.4,236.0,1,1,Chemo,SD,0,0.9,1
CRC00139,CRC,36,F,2,IV,157.3,15.9,4.2,5.4,218.0,0,0,Chemo,PD,0,0.2,1
CRC00140,CRC,32,M,1,IV,100.0,14.7,3.9,8.7,233.0,0,0,PD-1,SD,0,5.6,1
CRC00141,CRC,84,F,0,III,134.5,13.5,3.9,7.5,200.0,0,0,PD-1,CR,0,12.4,1
CRC00142,CRC,26,M,2,III,127.2,12.9,5.3,6.3,241.0,1,1,PD-1,SD,0,3.5,1
CRC00143,CRC,73,F,0,IV,122.4,14.5,4.0,7.2,253.0,0,0,Chemo,PR,0,2.2,1
CRC00144,CRC,72,M,1,IV,100.0,7.6,4.3,9.1,251.0,0,0,PD-1,PD,1,14.9,1
CRC00145,CRC,79,F,0,IV,213.1,11.0,3.0,7.8,149.0,0,0,PD-1,SD,0,14.0,1
CRC00146,CRC,40,M,2,II,149.8,8.3,3.6,3.0,321.0,0,0,Chemo,PR,0,11.8,1
CRC00147,CRC,27,M,1,IV,140.9,13.3,4.3,8.8,206.0,0,0,Chemo,SD,0,19.6,1
CRC00148,CRC,75,M,1,IV,100.0,10.5,3.2,8.6,197.0,0,1,Chemo,PD,0,31.2,1
CRC00149,CRC,72,F,1,I,151.6,18.0,4.3,6.2,194.0,0,1,PD-1,PR,0,9.0,1
CRC00150,CRC,55,M,1,III,360.4,11.0,3.6,7.2,166.0,1,3,Chemo,PD,0,1.3,1
CRC00151,CRC,67,M,0,III,363.8,12.2,3.5,7.2,271.0,1,0,Chemo,PR,0,49.2,0
CRC00152,CRC,50,M,1,IV,226.8,11.2,3.6,3.0,322.0,0,2,PD-1,SD,0,5.2,1
CRC00153,CRC,65,M,1,I,151.9,11.0,4.8,6.2,192.0,1,0,PD-1,PD,0,7.6,1
CRC00154,CRC,70,F,1,IV,253.5,9.5,4.2,6.3,103.0,0,0,Chemo,CR,0,34.2,1
CRC00155,CRC,26,M,0,I,121.5,9.4,3.5,6.7,168.0,0,0,Target,SD,0,25.8,1
CRC00156,CRC,54,M,0,IV,151.5,7.6,4.4,5.9,214.0,0,0,PD-1,PD,0,17.9,1
CRC00157,CRC,37,M,1,I,116.1,13.1,4.4,8.3,151.0,0,1,PD-1,SD,0,60.0,0
CRC00158,CRC,61,M,1,II,312.6,11.2,3.8,5.4,202.0,0,2,PD-1,SD,0,17.5,1
CRC00159,CRC,76,M,0,IV,289.5,15.9,4.5,8.8,206.0,0,2,Chemo,PD,0,0.2,1
CRC00160,CRC,38,M,0,IV,177.5,9.5,4.5,8.2,249.0,1,3,Target,SD,0,21.0,1
CRC00161,CRC,25,M,1,IV,512.2,15.0,4.4,9.7,134.0,0,2,Chemo,PD,0,13.9,1
CRC00162,CRC,56,M,0,II,232.2,15.1,3.7,10.5,296.0,0,1,Chemo,PD,0,25.9,1
CRC00163,CRC,30,F,1,III,224.5,14.6,3.4,10.5,383.0,1,1,Chemo,PD,0,55.2,0
CRC00164,CRC,46,M,1,I,210.5,12.5,3.2,4.6,364.0,0,2,PD-1,PR,0,37.1,1
CRC00165,CRC,35,F,0,II,100.0,11.3,3.7,7.7,203.0,0,1,Chemo,PD,0,60.0,0
CRC00166,CRC,73,M,2,II,106.0,14.6,3.8,5.6,303.0,0,0,PD-1,PD,0,33.4,1
CRC00167,CRC,47,F,0,I,175.4,10.4,3.9,13.6,294.0,1,1,PD-1,PR,0,60.0,0
CRC00168,CRC,78,M,2,IV,176.3,12.5,4.0,8.2,247.0,0,1,PD-1,SD,1,2.4,1
CRC00169,CRC,38,M,1,II,258.2,11.9,4.9,9.8,264.0,0,1,Chemo,SD,0,60.0,0
CRC00170,CRC,38,F,1,IV,121.4,10.2,3.8,7.9,305.0,0,2,Chemo,PD,0,9.2,1
CRC00171,CRC,44,F,2,IV,189.1,12.6,4.0,3.0,321.0,0,1,Chemo,PD,0,1.2,1
CRC00172,CRC,31,M,1,II,191.2,13.5,3.1,5.4,185.0,1,3,PD-1,CR,0,22.8,1
CRC00173,CRC,43,M,2,IV,195.8,10.1,5.1,5.6,310.0,0,2,PD-1,PD,0,0.4,1
CRC00174,CRC,50,M,1,III,183.1,12.9,3.3,6.2,383.0,1,0,PD-1,CR,0,43.8,1
CRC00175,CRC,83,F,1,IV,100.0,7.5,3.6,7.7,321.0,0,0,PD-1,SD,0,5.0,1
CRC00176,CRC,46,F,1,IV,100.0,9.9,4.3,8.0,373.0,0,0,Chemo,SD,0,9.8,1
CRC00177,CRC,30,M,0,IV,103.0,11.1,4.1,3.0,100.0,1,2,PD-1,PR,0,5.8,1
CRC00178,CRC,37,F,2,IV,131.8,12.7,4.8,6.5,298.0,0,0,Chemo,PD,0,4.7,1
CRC00179,CRC,34,M,1,II,100.0,13.7,4.4,6.0,271.0,1,1,Chemo,PD,0,60.0,0
CRC00180,CRC,78,F,1,II,175.3,12.2,4.0,9.8,332.0,0,1,PD-1,PR,0,20.7,1
CRC00181,CRC,43,M,2,III,348.6,13.1,4.5,8.2,160.0,1,1,Chemo,PR,0,48.3,0
CRC00182,CRC,55,M,3,III,280.2,11.7,4.6,6.6,210.0,1,0,PD-1,SD,0,38.7,1
CRC00183,CRC,34,M,0,IV,239.8,12.8,3.7,7.4,322.0,1,0,Chemo,PD,0,16.9,1
CRC00184,CRC,61,F,1,IV,327.4,12.7,4.5,3.6,165.0,1,0,Chemo,PD,0,2.0,1
CRC00185,CRC,37,F,1,II,104.1,11.0,3.9,8.3,269.0,0,1,Chemo,PR,0,2.2,1
CRC00186,CRC,41,F,1,I,137.8,11.3,3.9,6.2,249.0,0,0,PD-1,PD,0,27.9,1
CRC00187,CRC,78,M,3,II,262.1,13.2,4.1,5.4,234.0,1,2,Chemo,SD,0,21.7,1
CRC00188,CRC,79,M,2,III,136.4,15.6,3.8,9.6,296.0,0,0,Chemo,SD,0,13.9,1
CRC00189,CRC,29,F,1,I,140.9,14.4,3.8,7.5,161.0,0,1,Chemo,PD,0,31.6,1
CRC00190,CRC,45,F,0,IV,554.2,9.7,4.5,5.7,188.0,0,3,Chemo,SD,0,5.3,1
CRC00191,CRC,78,F,1,IV,192.0,9.7,3.2,5.8,239.0,0,1,PD-1,PD,0,2.1,1
CRC00192,CRC,63,M,1,II,522.3,10.9,3.5,7.7,154.0,0,0,Chemo,PD,0,60.0,0
CRC00193,CRC,44,F,0,III,100.0,12.2,4.3,7.6,348.0,1,2,Chemo,SD,0,8.7,1
CRC00194,CRC,31,F,1,IV,124.1,12.1,4.0,7.1,186.0,0,0,Target,PD,0,12.9,1
CRC00195,CRC,39,M,0,III,231.7,14.5,4.5,4.6,313.0,0,0,PD-1,SD,0,4.3,1
CRC00196,CRC,39,M,1,IV,191.8,14.6,4.2,4.9,180.0,0,0,Chemo,PR,0,4.0,1
CRC00197,CRC,77,M,1,II,100.0,12.0,3.3,5.5,306.0,1,0,Target,PD,0,60.0,0
CRC00198,CRC,47,F,0,III,157.9,11.5,4.0,6.6,121.0,0,1,PD-1,PD,0,1.4,1
CRC00199,CRC,57,F,2,IV,799.4,13.0,4.3,6.9,363.0,1,1,Chemo,SD,0,6.6,1
CRC00200,CRC,82,F,0,III,210.2,14.1,4.1,6.7,341.0,0,1,PD-1,PD,0,5.2,1
CRC00201,CRC,68,F,1,III,260.5,13.1,3.8,6.8,206.0,1,0,PD-1,SD,0,18.6,1
CRC00202,CRC,26,M,1,IV,123.2,11.1,3.9,10.8,184.0,1,1,PD-1,SD,0,28.6,1
CRC00203,CRC,74,F,2,IV,209.8,10.8,3.7,8.7,287.0,1,0,Chemo,PD,0,3.1,1
CRC00204,CRC,56,F,2,I,179.9,9.8,3.3,9.4,128.0,1,0,PD-1,PR,0,6.5,1
CRC00205,CRC,39,F,1,III,354.7,12.4,3.3,7.9,253.0,0,0,Chemo,PD,0,1.3,1
CRC00206,CRC,31,M,0,III,348.0,13.2,4.2,7.1,185.0,1,1,PD-1,PD,0,7.5,1
CRC00207,CRC,33,F,1,IV,231.5,13.5,3.6,7.8,230.0,0,1,PD-1,PD,0,3.5,1
CRC00208,CRC,79,F,1,III,189.2,14.3,4.3,7.5,198.0,0,0,Chemo,PD,0,29.7,1
CRC00209,CRC,52,F,0,IV,100.0,15.0,3.7,8.6,186.0,0,3,PD-1,PD,2,8.3,1
CRC00210,CRC,46,F,0,IV,100.0,9.3,3.3,5.0,386.0,0,0,PD-1,SD,1,2.8,1
CRC00211,CRC,27,M,0,II,190.4,12.8,3.8,8.4,312.0,1,1,Chemo,SD,0,60.0,0
CRC00212,CRC,77,F,0,II,306.4,12.9,5.0,7.3,132.0,0,0,Chemo,PD,0,17.9,1
CRC00213,CRC,66,F,1,III,403.0,11.9,4.0,3.4,180.0,0,1,PD-1,SD,0,14.0,1
CRC00214,CRC,26,M,1,II,106.3,10.3,4.3,7.2,319.0,0,1,Chemo,SD,0,1.2,1
CRC00215,CRC,81,F,1,IV,100.0,14.9,4.1,4.4,327.0,0,1,PD-1,PR,0,10.6,1
CRC00216,CRC,46,M,0,IV,317.3,10.8,3.3,5.9,139.0,0,0,Chemo,PD,0,13.0,1
CRC00217,CRC,49,M,2,II,111.2,7.6,4.7,6.7,306.0,0,1,Chemo,SD,0,33.9,1
CRC00218,CRC,49,F,1,IV,100.0,12.0,3.9,4.0,271.0,1,2,Target,SD,0,1.6,1
CRC00219,CRC,56,M,1,III,134.8,11.5,3.3,6.9,100.0,1,2,PD-1,CR,0,3.1,1
CRC00220,CRC,68,F,0,II,133.4,15.7,3.7,7.1,218.0,0,0,Chemo,SD,0,26.5,1
CRC00221,CRC,31,M,1,II,400.3,13.0,3.9,8.5,239.0,0,0,Chemo,SD,0,42.6,1
CRC00222,CRC,55,M,1,III,304.7,11.4,4.4,6.1,254.0,0,0,Chemo,PD,0,60.0,0
CRC00223,CRC,61,M,1,III,116.5,11.6,3.7,7.5,144.0,0,0,Chemo,SD,0,7.7,1
CRC00224,CRC,28,F,2,IV,419.4,11.6,5.3,6.8,189.0,1,0,Chemo,PD,0,23.0,1
CRC00225,CRC,57,M,2,III,195.4,16.4,3.5,6.2,200.0,0,0,Target,PR,0,27.6,1
CRC00226,CRC,39,F,2,IV,342.6,13.4,4.3,3.7,207.0,0,2,Target,SD,0,38.4,1
CRC00227,CRC,33,F,0,II,401.9,9.2,3.0,6.8,208.0,0,1,Chemo,PD,0,26.8,1
CRC00228,CRC,30,F,0,IV,154.8,11.5,3.9,8.5,239.0,0,2,Chemo,SD,0,30.3,1
CRC00229,CRC,70,M,0,IV,255.4,12.0,4.2,5.1,275.0,0,2,Chemo,PR,0,6.8,1
CRC00230,CRC,55,M,1,II,142.0,9.8,3.4,6.6,392.0,0,1,Chemo,PD,0,23.8,1
CRC00231,CRC,58,F,1,II,316.7,8.4,4.7,6.9,320.0,0,1,Chemo,PR,0,8.0,1
CRC00232,CRC,68,M,2,III,191.4,13.2,4.2,9.2,355.0,0,3,Chemo,PR,0,43.4,1
CRC00233,CRC,79,M,0,IV,322.5,10.4,3.8,7.1,212.0,1,1,PD-1,PR,0,9.9,1
CRC00234,CRC,84,M,0,IV,452.5,14.5,4.2,7.6,170.0,1,1,Chemo,PR,0,3.5,1
CRC00235,CRC,62,F,0,IV,251.7,12.0,3.7,7.0,314.0,1,2,Target,PR,0,49.9,0
CRC00236,CRC,37,M,0,IV,171.4,11.1,4.6,6.0,249.0,1,0,PD-1,PD,0,2.4,1
CRC00237,CRC,60,M,0,I,173.1,7.2,4.5,4.7,308.0,1,1,Chemo,PR,0,60.0,0
CRC00238,CRC,56,F,0,III,100.0,14.4,4.2,6.4,179.0,0,0,Chemo,PR,0,7.0,1
CRC00239,CRC,46,F,0,I,118.2,12.6,4.3,7.8,302.0,0,2,Chemo,PD,0,49.7,0
CRC00240,CRC,72,M,1,III,317.2,11.1,3.3,7.2,236.0,0,2,Chemo,SD,0,1.3,1
CRC00241,CRC,53,M,0,IV,324.4,10.2,4.7,10.0,213.0,0,1,Chemo,PR,0,12.6,1
CRC00242,CRC,35,M,0,IV,116.7,15.2,4.0,8.9,221.0,0,1,Chemo,PD,0,0.1,1
CRC00243,CRC,30,M,0,IV,200.1,9.9,4.5,9.5,289.0,0,2,Chemo,CR,0,7.2,1
CRC00244,CRC,29,M,2,II,161.8,11.3,4.4,3.0,312.0,0,1,Chemo,SD,0,40.1,1
CRC00245,CRC,25,M,1,III,274.2,13.1,4.5,10.2,221.0,0,3,Chemo,PD,0,18.9,1
CRC00246,CRC,75,M,3,IV,682.1,14.9,3.5,7.5,278.0,0,1,Chemo,PD,0,0.1,1
CRC00247,CRC,63,M,1,II,277.3,11.6,3.5,7.8,277.0,1,2,Target,SD,0,60.0,0
CRC00248,CRC,74,M,3,II,121.3,10.5,5.1,8.8,309.0,1,1,PD-1,PD,0,21.3,1
CRC00249,CRC,34,F,0,III,172.9,11.8,3.2,7.0,329.0,1,1,Chemo,PR,0,6.3,1
CRC00250,CRC,34,M,0,III,420.4,13.8,3.5,4.9,395.0,1,0,Chemo,SD,0,42.4,1
CRC00251,CRC,73,M,1,IV,100.0,14.3,4.0,9.9,213.0,0,0,Chemo,SD,0,4.5,1
CRC00252,CRC,48,M,3,III,125.3,9.2,4.0,5.5,367.0,0,2,Target,SD,0,4.2,1
CRC00253,CRC,31,M,2,IV,277.5,12.2,3.7,5.0,259.0,1,1,PD-1,SD,0,1.5,1
CRC00254,CRC,46,F,1,IV,394.1,9.1,4.3,6.5,162.0,0,1,Chemo,PD,0,5.5,1
CRC00255,CRC,82,F,0,II,261.2,13.8,4.5,6.2,198.0,0,1,Chemo,PD,0,4.6,1
CRC00256,CRC,45,M,0,IV,126.0,12.8,4.0,7.0,287.0,1,0,Chemo,PD,0,35.5,1
CRC00257,CRC,46,F,0,II,250.1,10.2,3.9,6.8,308.0,1,1,Chemo,PR,0,14.4,1
CRC00258,CRC,57,F,0,I,232.4,15.1,4.0,9.7,169.0,0,0,PD-1,SD,0,10.3,1
CRC00259,CRC,68,M,0,IV,223.7,12.7,3.8,7.9,189.0,1,3,Chemo,PD,0,10.8,1
CRC00260,CRC,49,M,0,II,171.0,12.5,3.2,5.3,207.0,0,1,Chemo,CR,0,60.0,0
CRC00261,CRC,55,F,2,III,187.1,11.6,4.2,5.6,181.0,0,2,Chemo,SD,0,4.3,1
CRC00262,CRC,73,F,0,III,105.2,12.0,4.4,6.2,100.0,0,1,Chemo,CR,0,42.1,1
CRC00263,CRC,40,M,0,II,802.8,11.2,3.9,6.2,100.0,1,0,Chemo,SD,0,34.6,1
CRC00264,CRC,76,M,0,III,199.2,10.5,2.9,6.0,219.0,0,2,PD-1,CR,0,18.4,1
CRC00265,CRC,39,F,0,III,251.9,14.5,3.7,4.8,270.0,1,0,Chemo,PD,0,7.1,1
CRC00266,CRC,53,M,0,III,159.1,11.0,4.5,7.6,302.0,0,1,PD-1,PR,0,9.8,1
CRC00267,CRC,43,F,0,IV,301.0,10.9,3.3,6.1,141.0,0,0,PD-1,PR,1,1.3,1
CRC00268,CRC,76,M,2,III,100.0,11.7,4.3,5.1,142.0,0,1,Chemo,PD,0,1.4,1
CRC00269,CRC,41,M,1,I,100.0,14.8,3.8,8.0,208.0,0,0,Chemo,SD,0,8.7,1
CRC00270,CRC,50,M,0,II,178.0,14.3,4.0,8.7,250.0,0,1,Chemo,PD,0,60.0,0
CRC00271,CRC,60,F,1,IV,621.7,11.2,3.7,6.5,331.0,0,3,Chemo,SD,0,1.5,1
CRC00272,CRC,60,M,0,III,374.3,14.5,3.4,10.6,307.0,1,1,Chemo,SD,0,58.7,0
CRC00273,CRC,59,F,0,IV,111.6,12.2,4.7,11.4,221.0,1,0,PD-1,CR,3,7.8,1
CRC00274,CRC,64,M,0,IV,247.1,10.3,4.4,8.0,279.0,0,1,Target,SD,0,60.0,0
CRC00275,CRC,47,M,0,II,123.8,11.0,4.3,6.1,183.0,0,2,Target,PD,0,1.8,1
CRC00276,CRC,33,M,1,II,234.1,14.7,4.5,7.5,256.0,0,0,Chemo,SD,0,14.3,1
CRC00277,CRC,58,F,2,III,245.3,16.2,4.3,4.6,245.0,0,0,PD-1,SD,1,1.8,1
CRC00278,CRC,82,F,0,IV,316.0,12.6,4.5,5.3,362.0,0,0,Chemo,PD,0,7.2,1
CRC00279,CRC,75,M,1,II,100.0,10.9,3.7,3.6,289.0,0,1,PD-1,SD,0,56.9,0
CRC00280,CRC,78,M,0,IV,100.0,11.8,4.7,5.7,188.0,1,1,Chemo,PD,0,24.3,1
CRC00281,CRC,42,F,0,IV,173.2,10.5,4.6,4.5,189.0,1,1,PD-1,PR,0,6.0,1
CRC00282,CRC,40,M,0,IV,100.0,10.8,4.2,8.2,223.0,0,1,Chemo,PD,0,13.0,1
CRC00283,CRC,56,M,1,IV,100.0,10.6,3.9,5.5,125.0,1,1,PD-1,PR,0,3.3,1
CRC00284,CRC,52,M,0,IV,213.4,11.8,3.4,7.6,232.0,0,1,PD-1,SD,0,10.0,1
CRC00285,CRC,84,F,1,II,104.6,12.2,4.1,8.5,239.0,0,1,PD-1,PR,1,43.2,1
CRC00286,CRC,56,F,1,II,702.5,11.7,4.8,9.3,287.0,1,0,PD-1,PD,2,20.1,1
CRC00287,CRC,74,M,2,I,131.6,11.6,3.4,6.3,299.0,0,0,Chemo,PD,0,18.3,1
CRC00288,CRC,82,F,0,II,154.1,13.5,4.5,7.6,258.0,0,0,PD-1,PR,0,9.1,1
CRC00289,CRC,42,F,0,IV,216.7,11.5,3.8,7.7,120.0,0,2,Chemo,PD,0,44.6,1
CRC00290,CRC,68,M,0,II,100.0,11.7,3.8,9.5,152.0,1,2,Chemo,PR,0,53.7,0
CRC00291,CRC,58,M,2,IV,245.9,11.6,3.4,8.6,202.0,1,0,PD-1,CR,0,30.3,1
CRC00292,CRC,53,M,2,IV,222.5,15.1,3.6,9.6,302.0,0,0,PD-1,PD,2,3.0,1
CRC00293,CRC,45,M,2,IV,147.0,11.0,4.3,3.7,299.0,1,2,Chemo,PR,0,14.1,1
CRC00294,CRC,84,F,1,III,213.7,13.2,4.4,5.7,230.0,1,1,Target,PR,0,53.3,0
CRC00295,CRC,25,M,1,III,234.4,10.5,4.1,9.1,439.0,0,0,Chemo,PD,0,5.2,1
CRC00296,CRC,79,M,0,III,428.9,12.7,3.7,8.2,375.0,0,0,Chemo,PD,0,23.6,1
CRC00297,CRC,40,M,2,IV,812.5,13.1,3.4,6.7,349.0,0,0,Chemo,PR,0,6.8,1
CRC00298,CRC,73,F,2,I,100.0,14.2,4.0,6.1,306.0,0,1,Chemo,PR,0,41.8,1
CRC00299,CRC,57,F,0,I,100.0,11.2,3.8,8.6,287.0,0,0,Target,PR,0,52.0,0
CRC00300,CRC,45,F,0,III,192.8,9.8,4.1,3.0,281.0,1,1,Chemo,CR,0,5.0,1
CRC00301,CRC,79,F,1,III,100.0,10.4,3.8,8.6,106.0,1,3,PD-1,CR,2,5.0,1
CRC00302,CRC,59,M,0,III,267.6,13.9,3.9,7.2,166.0,0,0,Chemo,PD,0,4.8,1
CRC00303,CRC,79,F,2,IV,194.0,16.2,4.1,6.0,232.0,1,0,PD-1,CR,0,16.8,1
CRC00304,CRC,81,F,1,IV,226.0,13.7,4.2,8.0,260.0,1,0,Chemo,PD,0,41.9,1
CRC00305,CRC,51,M,1,IV,151.1,9.5,4.6,6.2,240.0,0,1,Chemo,PD,0,0.2,1
CRC00306,CRC,44,M,1,III,211.2,13.6,3.8,7.1,272.0,0,1,Chemo,PD,0,21.2,1
CRC00307,CRC,55,M,1,II,240.7,10.1,4.3,6.9,100.0,0,0,Chemo,CR,0,60.0,0
CRC00308,CRC,40,F,0,IV,204.4,11.3,4.9,8.5,290.0,0,0,PD-1,SD,0,1.5,1
CRC00309,CRC,77,F,2,IV,100.0,12.4,4.3,7.3,255.0,0,1,Target,PD,0,8.5,1
CRC00310,CRC,38,F,3,III,201.0,12.7,4.6,3.2,235.0,0,2,PD-1,PR,0,31.4,1
CRC00311,CRC,72,M,1,IV,551.4,12.1,3.7,4.2,324.0,1,0,PD-1,PR,0,12.7,1
CRC00312,CRC,56,F,1,IV,209.5,10.8,3.6,4.8,166.0,0,0,Chemo,SD,0,24.8,1
CRC00313,CRC,80,M,1,III,196.8,14.1,3.9,7.9,231.0,0,1,Target,SD,0,43.9,1
CRC00314,CRC,65,F,1,II,462.2,10.9,4.0,8.1,273.0,1,0,Chemo,SD,0,23.9,1
CRC00315,CRC,56,F,2,III,115.9,14.5,4.5,10.3,182.0,1,0,Chemo,PD,0,28.7,1
CRC00316,CRC,77,M,0,IV,309.1,9.3,3.6,5.0,100.0,1,2,Chemo,PD,0,16.0,1
CRC00317,CRC,84,F,0,II,131.9,12.4,4.0,9.6,158.0,0,0,PD-1,SD,0,3.5,1
CRC00318,CRC,77,M,2,IV,347.9,9.5,4.5,3.1,245.0,0,2,Chemo,PD,0,30.2,1
CRC00319,CRC,26,M,0,IV,292.6,10.3,4.1,7.0,230.0,0,1,Chemo,PR,0,10.2,1
CRC00320,CRC,81,F,1,II,141.5,11.0,4.0,7.5,249.0,0,0,Target,PD,0,60.0,0
CRC00321,CRC,69,M,0,III,154.5,15.0,4.1,7.5,197.0,0,1,PD-1,SD,0,0.4,1
CRC00322,CRC,46,M,3,III,325.9,14.6,3.4,6.4,145.0,0,1,PD-1,SD,0,33.4,1
CRC00323,CRC,61,M,2,IV,100.0,13.7,3.4,7.2,261.0,1,0,Chemo,PR,0,0.2,1
CRC00324,CRC,77,M,2,IV,139.1,12.1,3.2,4.5,237.0,0,0,Chemo,PD,0,9.7,1
CRC00325,CRC,76,M,3,IV,263.0,12.4,4.1,8.7,301.0,0,1,Chemo,SD,0,21.7,1
CRC00326,CRC,41,F,0,II,150.7,14.5,4.5,7.5,190.0,0,1,PD-1,SD,0,20.5,1
CRC00327,CRC,56,M,1,I,196.6,13.4,4.4,7.7,100.0,0,1,PD-1,PR,0,59.4,0
CRC00328,CRC,62,F,1,IV,100.0,12.0,4.6,6.4,100.0,0,0,Chemo,CR,0,56.9,0
CRC00329,CRC,41,F,2,III,108.6,15.0,4.7,6.3,218.0,1,3,Chemo,SD,0,5.3,1
CRC00330,CRC,82,M,0,II,272.5,13.6,4.1,8.0,260.0,0,1,Chemo,SD,0,9.8,1
CRC00331,CRC,58,F,2,I,115.5,12.5,4.0,10.2,231.0,0,1,Chemo,SD,0,58.5,0
CRC00332,CRC,31,M,0,III,100.0,11.1,4.7,4.2,205.0,0,1,Chemo,PD,0,6.9,1
CRC00333,CRC,53,M,2,II,342.7,10.9,3.6,4.1,123.0,1,0,Chemo,SD,0,5.4,1
CRC00334,CRC,41,M,1,III,247.0,11.3,3.4,7.5,100.0,1,3,Chemo,SD,0,13.2,1
CRC00335,CRC,48,M,1,IV,100.0,12.9,3.8,6.3,279.0,0,0,PD-1,SD,0,24.1,1
CRC00336,CRC,32,F,0,III,197.0,13.7,3.8,7.2,232.0,0,1,Chemo,PD,0,31.9,1
CRC00337,CRC,47,M,0,IV,100.0,9.1,4.0,7.0,221.0,0,1,PD-1,SD,0,3.0,1
CRC00338,CRC,79,F,0,II,165.4,8.1,3.6,8.2,127.0,1,2,Chemo,PD,0,28.5,1
CRC00339,CRC,57,F,1,III,201.5,10.1,4.2,6.4,173.0,0,1,Chemo,PD,0,21.3,1
CRC00340,CRC,53,M,1,II,111.6,11.2,3.7,4.6,254.0,1,1,PD-1,CR,1,1.5,1
CRC00341,CRC,43,F,1,IV,283.0,14.4,4.6,5.4,273.0,1,3,Chemo,PD,0,29.8,1
CRC00342,CRC,81,F,0,IV,310.6,11.4,3.4,6.7,237.0,0,3,PD-1,SD,0,13.9,1
CRC00343,CRC,29,F,1,III,212.3,12.5,3.9,4.5,360.0,0,0,Target,SD,0,18.2,1
CRC00344,CRC,61,M,2,III,232.4,12.8,3.8,6.9,204.0,0,0,PD-1,PD,0,2.8,1
CRC00345,CRC,47,M,2,II,100.0,10.0,4.1,7.1,353.0,0,1,Target,SD,0,50.9,0
CRC00346,CRC,83,M,0,IV,410.5,14.9,4.5,6.3,267.0,1,3,Chemo,PD,0,1.6,1
CRC00347,CRC,50,F,2,IV,171.6,10.7,4.1,7.4,259.0,0,1,PD-1,PD,0,9.2,1
CRC00348,CRC,48,M,3,IV,103.4,15.1,3.9,3.8,325.0,0,0,PD-1,PR,0,11.7,1
CRC00349,CRC,78,F,2,II,197.8,11.7,4.3,5.1,200.0,0,1,PD-1,CR,0,0.4,1
CRC00350,CRC,45,F,2,III,283.5,11.3,4.4,4.7,224.0,0,0,PD-1,PR,0,44.5,1
CRC00351,CRC,57,M,1,IV,246.5,9.8,4.1,8.8,152.0,0,1,PD-1,CR,0,13.2,1
CRC00352,CRC,50,M,0,IV,100.0,12.4,4.2,11.6,325.0,0,0,PD-1,CR,0,6.0,1
CRC00353,CRC,34,F,1,III,285.6,16.5,4.3,5.2,277.0,0,1,PD-1,PD,1,0.2,1
CRC00354,CRC,66,M,1,III,174.8,12.8,3.2,6.5,338.0,0,3,Chemo,PD,0,18.4,1
CRC00355,CRC,53,M,0,IV,244.9,12.5,3.8,5.6,266.0,0,1,Chemo,PD,0,0.6,1
CRC00356,CRC,81,M,0,I,112.1,10.7,4.2,7.4,338.0,1,0,Chemo,PD,0,0.1,1
CRC00357,CRC,78,M,0,III,339.5,13.2,3.9,5.8,190.0,1,1,PD-1,PR,0,37.8,1
CRC00358,CRC,59,M,1,III,202.3,12.3,3.9,7.6,329.0,0,0,Target,PD,0,14.4,1
CRC00359,CRC,52,M,0,II,369.9,11.9,4.2,8.3,218.0,1,2,Chemo,PR,0,52.4,0
CRC00360,CRC,36,M,1,III,100.0,13.0,4.2,4.6,250.0,0,1,Chemo,SD,0,6.2,1
CRC00361,CRC,82,F,2,IV,100.0,8.4,4.2,7.5,308.0,0,1,PD-1,PR,0,20.4,1
CRC00362,CRC,68,M,0,III,157.0,11.8,3.6,3.4,436.0,0,3,Chemo,PD,0,0.0,1
CRC00363,CRC,31,M,3,III,437.3,9.6,3.3,6.5,316.0,0,0,Chemo,PR,0,60.0,0
CRC00364,CRC,40,F,1,IV,588.6,12.1,4.4,6.4,323.0,1,3,Target,PR,0,28.6,1
CRC00365,CRC,44,F,0,IV,106.4,10.6,3.6,6.5,206.0,0,0,Chemo,PD,0,22.1,1
CRC00366,CRC,53,M,0,IV,187.1,10.7,3.6,6.4,263.0,0,1,Chemo,PD,0,1.6,1
CRC00367,CRC,59,F,0,IV,199.0,9.3,3.5,6.0,242.0,0,0,Chemo,SD,0,18.4,1
CRC00368,CRC,52,M,0,IV,278.9,14.2,4.6,6.5,363.0,1,0,Chemo,PR,0,4.7,1
CRC00369,CRC,31,M,2,IV,308.3,10.6,4.1,7.5,238.0,0,1,PD-1,PD,2,23.7,1
CRC00370,CRC,46,F,1,IV,100.0,10.8,4.2,7.5,356.0,0,0,Chemo,PR,0,19.0,1
CRC00371,CRC,38,M,2,IV,188.4,15.1,4.3,7.2,146.0,1,0,PD-1,SD,0,7.8,1
CRC00372,CRC,83,F,1,IV,100.0,13.1,4.0,5.9,362.0,0,0,Chemo,PR,0,4.5,1
CRC00373,CRC,60,F,1,IV,294.9,7.9,4.5,9.2,181.0,1,1,PD-1,SD,0,2.1,1
CRC00374,CRC,34,M,0,IV,147.9,14.8,3.4,10.1,318.0,1,0,PD-1,SD,0,3.5,1
CRC00375,CRC,80,M,1,IV,100.0,15.3,3.5,4.4,181.0,0,1,Chemo,PD,0,28.0,1
CRC00376,CRC,26,M,1,IV,221.3,15.1,3.4,7.3,299.0,0,1,PD-1,SD,0,2.7,1
CRC00377,CRC,46,M,0,II,145.2,13.3,4.2,6.1,173.0,1,1,Chemo,CR,0,13.4,1
CRC00378,CRC,40,F,2,IV,386.4,9.8,4.3,8.9,333.0,0,0,Chemo,PD,0,42.4,1
CRC00379,CRC,59,M,1,III,106.1,11.9,3.8,7.0,318.0,0,1,Target,SD,0,2.4,1
CRC00380,CRC,71,M,2,II,688.0,9.1,3.9,7.1,202.0,1,1,Chemo,PD,0,59.7,0
CRC00381,CRC,64,F,1,IV,302.7,10.3,4.6,8.0,296.0,0,1,Chemo,PD,0,4.8,1
CRC00382,CRC,72,M,0,III,392.5,9.8,3.7,6.4,326.0,0,1,Chemo,SD,0,14.5,1
CRC00383,CRC,35,M,1,II,100.0,10.7,4.1,10.4,176.0,1,0,PD-1,PD,0,60.0,0
CRC00384,CRC,80,M,0,II,530.1,12.3,3.7,8.0,167.0,0,1,Chemo,SD,0,11.1,1
CRC00385,CRC,67,F,1,I,100.0,11.1,4.5,8.9,164.0,1,0,Chemo,PD,0,39.9,1
CRC00386,CRC,67,M,1,I,159.8,11.0,4.3,6.6,153.0,0,0,PD-1,SD,0,2.7,1
CRC00387,CRC,57,M,0,III,396.5,11.4,3.3,6.8,164.0,1,0,PD-1,SD,0,60.0,0
CRC00388,CRC,58,M,1,IV,245.7,15.0,3.9,8.6,324.0,0,2,Chemo,PD,0,15.1,1
CRC00389,CRC,76,F,0,III,100.0,16.3,3.0,8.4,295.0,0,1,PD-1,PD,3,5.6,1
CRC00390,CRC,57,M,0,IV,358.3,11.1,4.5,4.5,114.0,0,3,PD-1,SD,0,0.6,1
CRC00391,CRC,43,M,2,IV,222.3,12.7,5.0,7.3,209.0,0,3,Chemo,SD,0,23.6,1
CRC00392,CRC,44,M,1,III,141.2,10.3,2.9,7.9,157.0,0,3,PD-1,SD,0,10.1,1
CRC00393,CRC,34,F,0,IV,100.0,13.5,3.3,6.7,319.0,0,0,Chemo,CR,0,18.3,1
CRC00394,CRC,43,M,1,III,235.3,11.0,4.1,7.8,214.0,1,1,PD-1,CR,0,0.9,1
CRC00395,CRC,77,F,2,IV,164.3,10.6,4.0,6.8,126.0,0,1,PD-1,PR,0,1.4,1
CRC00396,CRC,67,M,0,II,199.1,16.0,3.8,3.0,264.0,0,1,Chemo,SD,0,2.6,1
CRC00397,CRC,36,F,1,IV,100.0,9.3,3.1,4.4,299.0,0,0,Chemo,PD,0,30.4,1
CRC00398,CRC,34,F,1,I,141.0,7.1,4.2,8.9,174.0,1,0,Chemo,PD,0,30.2,1
CRC00399,CRC,31,F,2,III,241.8,13.5,4.4,6.5,229.0,0,1,Chemo,PD,0,60.0,0
CRC00400,CRC,80,M,1,II,558.8,11.3,5.4,7.4,178.0,1,3,Target,CR,0,33.0,1
CRC00401,CRC,64,M,0,IV,160.3,10.7,4.7,7.0,350.0,0,1,PD-1,PD,0,6.1,1
CRC00402,CRC,35,F,0,III,430.9,17.5,3.4,5.3,215.0,0,0,Chemo,SD,0,3.3,1
CRC00403,CRC,74,F,1,III,290.7,13.5,4.0,6.1,192.0,0,3,Chemo,CR,0,1.4,1
CRC00404,CRC,40,F,0,II,208.6,11.9,4.3,7.7,246.0,0,0,Chemo,PD,0,42.2,1
CRC00405,CRC,57,M,2,II,100.0,10.6,3.7,7.9,233.0,0,3,Target,PR,0,18.7,1
CRC00406,CRC,62,F,0,IV,101.3,12.9,4.4,11.4,305.0,1,2,Chemo,SD,0,2.4,1
CRC00407,CRC,41,M,0,II,262.6,8.5,4.4,6.0,347.0,0,1,Chemo,SD,0,13.1,1
CRC00408,CRC,78,F,0,IV,132.2,11.0,4.6,10.3,348.0,0,1,Chemo,PD,0,24.7,1
CRC00409,CRC,69,F,1,III,125.3,11.9,4.4,5.3,219.0,0,1,PD-1,SD,0,38.7,1
CRC00410,CRC,79,M,1,I,162.7,12.4,4.1,8.0,274.0,0,1,PD-1,PR,0,38.0,1
CRC00411,CRC,49,F,0,II,164.3,11.7,3.7,7.4,369.0,0,0,Chemo,PR,0,19.6,1
CRC00412,CRC,66,M,2,IV,311.2,10.6,3.4,6.7,372.0,0,1,PD-1,CR,0,13.5,1
CRC00413,CRC,55,M,0,IV,133.8,13.8,4.1,7.0,180.0,0,0,Chemo,PR,0,12.1,1
CRC00414,CRC,66,M,0,II,293.2,8.7,3.8,5.8,297.0,0,1,Target,PD,0,14.4,1
CRC00415,CRC,25,M,0,IV,236.0,11.4,3.8,8.8,284.0,0,1,PD-1,PD,0,2.6,1
CRC00416,CRC,63,M,2,IV,100.0,11.0,4.6,5.3,324.0,0,0,Chemo,PD,0,5.0,1
CRC00417,CRC,44,M,2,III,216.3,14.0,4.7,7.6,349.0,0,2,PD-1,PD,0,2.7,1
CRC00418,CRC,33,M,1,III,100.0,11.1,3.4,8.5,167.0,0,1,PD-1,PD,0,12.0,1
CRC00419,CRC,67,M,0,II,105.9,12.9,3.9,9.8,195.0,0,1,PD-1,PD,0,18.3,1
CRC00420,CRC,76,F,1,I,239.3,12.7,3.8,8.9,323.0,0,0,Chemo,PD,0,30.5,1
CRC00421,CRC,26,M,1,III,180.1,8.3,4.2,8.1,262.0,0,1,PD-1,PD,0,12.9,1
CRC00422,CRC,25,M,0,IV,100.0,11.9,2.9,5.7,100.0,0,0,Chemo,SD,0,11.6,1
CRC00423,CRC,79,M,0,III,100.0,8.5,3.3,5.4,117.0,1,0,Chemo,SD,0,37.0,1
CRC00424,CRC,68,F,2,III,100.0,12.7,3.9,4.7,303.0,0,0,Chemo,PD,0,7.5,1
CRC00425,CRC,63,M,0,III,100.0,10.5,4.4,4.5,317.0,0,0,PD-1,SD,0,3.9,1
CRC00426,CRC,75,F,1,III,256.6,14.4,4.0,7.0,142.0,0,1,PD-1,SD,0,8.3,1
CRC00427,CRC,29,M,0,III,129.7,11.6,4.3,5.5,338.0,0,1,Chemo,PD,0,31.9,1
CRC00428,CRC,82,M,1,IV,200.7,10.5,4.1,9.4,234.0,0,1,Chemo,PD,0,40.6,1
CRC00429,CRC,36,M,0,I,182.8,14.4,4.6,5.8,168.0,0,1,Chemo,PR,0,44.7,1
CRC00430,CRC,38,M,0,IV,184.9,10.3,4.7,7.2,205.0,0,2,Chemo,SD,0,16.3,1
CRC00431,CRC,84,M,1,II,334.9,13.8,3.6,6.5,152.0,1,0,Chemo,PD,0,60.0,0
CRC00432,CRC,63,M,3,IV,160.5,12.9,4.4,4.2,201.0,0,1,PD-1,SD,0,0.1,1
CRC00433,CRC,56,F,3,III,313.1,11.3,4.3,9.2,100.0,0,2,Chemo,SD,0,53.4,0
CRC00434,CRC,64,M,0,IV,100.0,9.3,5.3,8.4,244.0,0,0,Chemo,PD,0,11.0,1
CRC00435,CRC,70,F,0,IV,353.1,14.5,3.6,8.6,297.0,0,1,PD-1,PR,0,1.5,1
CRC00436,CRC,68,F,1,II,100.0,13.0,3.9,8.2,142.0,1,1,Target,SD,0,19.7,1
CRC00437,CRC,33,F,1,IV,100.0,10.5,3.5,5.5,251.0,0,0,Chemo,SD,0,43.3,1
CRC00438,CRC,66,M,2,II,118.8,12.5,3.5,5.5,186.0,0,0,PD-1,PD,0,19.2,1
CRC00439,CRC,66,M,1,II,347.3,14.0,4.2,7.9,304.0,1,2,PD-1,PD,0,27.9,1
CRC00440,CRC,57,M,1,IV,106.3,12.2,4.1,10.1,100.0,0,1,Chemo,SD,0,10.5,1
CRC00441,CRC,49,F,1,II,122.3,12.5,4.3,7.8,307.0,1,0,Chemo,PD,0,60.0,0
CRC00442,CRC,78,F,0,II,101.8,14.1,4.3,9.0,105.0,0,2,Target,PD,0,60.0,0
CRC00443,CRC,62,M,1,II,211.3,15.1,3.9,5.9,233.0,0,1,Chemo,PD,0,21.0,1
CRC00444,CRC,38,M,1,III,283.2,11.8,3.9,9.2,193.0,0,0,Chemo,PD,0,7.9,1
CRC00445,CRC,79,M,2,IV,504.0,9.3,3.5,6.2,221.0,0,1,PD-1,SD,0,10.3,1
CRC00446,CRC,33,F,0,II,765.0,9.4,3.6,7.5,128.0,0,1,PD-1,SD,3,12.0,1
CRC00447,CRC,79,M,0,III,267.8,10.6,4.0,6.3,383.0,1,0,Chemo,SD,0,4.1,1
CRC00448,CRC,79,F,3,III,225.7,10.1,4.1,8.8,147.0,0,1,Chemo,SD,0,18.9,1
CRC00449,CRC,51,F,1,III,100.0,8.6,4.4,8.8,153.0,0,0,Chemo,PR,0,21.1,1
CRC00450,CRC,68,F,2,III,570.0,15.7,4.3,4.0,394.0,0,0,Chemo,PD,0,5.1,1
CRC00451,CRC,43,M,1,III,206.3,13.1,4.8,9.7,276.0,0,0,Chemo,PR,0,0.8,1
CRC00452,CRC,82,M,2,III,152.4,11.0,3.5,11.8,150.0,0,3,Chemo,SD,0,27.0,1
CRC00453,CRC,49,M,0,IV,228.7,11.9,3.9,6.3,240.0,0,2,PD-1,PR,0,0.4,1
CRC00454,CRC,76,F,0,I,123.7,8.4,3.6,6.7,231.0,0,1,Chemo,SD,0,22.1,1
CRC00455,CRC,56,M,2,I,100.0,14.3,4.6,9.5,115.0,1,1,Chemo,SD,0,6.8,1
CRC00456,CRC,46,F,2,IV,255.5,8.1,3.7,7.1,189.0,0,0,Chemo,PD,0,52.3,0
CRC00457,CRC,53,F,1,IV,405.6,13.0,4.6,7.0,248.0,1,1,Chemo,PD,0,18.9,1
CRC00458,CRC,79,F,1,IV,253.2,8.3,4.7,10.8,351.0,0,0,PD-1,PD,0,4.5,1
CRC00459,CRC,52,F,2,IV,180.5,11.2,4.2,4.3,235.0,0,1,Chemo,PD,0,5.3,1
CRC00460,CRC,68,M,0,III,182.7,14.5,4.1,5.4,241.0,0,2,Chemo,PD,0,24.0,1
CRC00461,CRC,81,M,1,IV,201.0,8.7,4.0,7.8,185.0,1,0,PD-1,SD,0,5.1,1
CRC00462,CRC,37,M,0,I,197.4,11.7,3.8,3.8,338.0,0,1,Chemo,SD,0,60.0,0
CRC00463,CRC,82,F,0,IV,174.8,13.3,3.8,6.3,322.0,0,1,Chemo,SD,0,16.5,1
CRC00464,CRC,52,F,1,III,184.0,12.9,3.9,6.2,313.0,0,0,Chemo,PD,0,42.9,1
CRC00465,CRC,27,M,2,IV,460.8,12.1,4.9,8.9,259.0,0,1,Chemo,PR,0,16.6,1
CRC00466,CRC,54,M,1,IV,240.7,13.0,3.5,8.4,122.0,1,1,Chemo,PD,0,25.4,1
CRC00467,CRC,35,F,3,II,193.1,10.8,4.1,3.6,337.0,0,2,PD-1,PD,0,54.7,0
CRC00468,CRC,26,M,0,III,269.2,15.9,4.4,5.6,255.0,0,0,Chemo,PD,0,36.4,1
CRC00469,CRC,74,M,0,I,269.2,8.8,3.9,5.6,225.0,0,1,Chemo,PR,0,4.3,1
CRC00470,CRC,74,M,0,IV,319.8,14.3,4.2,6.6,286.0,0,3,Chemo,PD,0,0.8,1
CRC00471,CRC,81,F,0,III,115.1,12.4,3.2,4.8,268.0,1,1,PD-1,PD,0,18.9,1
CRC00472,CRC,80,F,0,III,135.9,13.2,4.7,7.9,164.0,1,1,Chemo,PR,0,0.0,1
CRC00473,CRC,81,F,0,IV,111.3,13.6,4.6,5.6,224.0,0,0,Chemo,PD,0,1.2,1
CRC00474,CRC,33,F,1,IV,287.2,13.1,4.0,8.2,100.0,0,0,PD-1,PD,0,19.0,1
CRC00475,CRC,57,M,0,IV,278.9,10.4,3.6,7.0,257.0,0,3,Target,PD,0,0.3,1
CRC00476,CRC,82,F,1,II,100.0,11.4,4.4,5.1,356.0,0,0,Chemo,SD,0,59.7,0
CRC00477,CRC,50,M,2,IV,229.2,9.1,3.4,9.8,106.0,0,3,Chemo,CR,0,19.6,1
CRC00478,CRC,40,M,1,IV,413.0,11.4,3.5,9.8,260.0,0,0,Chemo,SD,0,9.2,1
CRC00479,CRC,49,M,2,III,157.4,12.6,4.0,7.6,303.0,0,0,PD-1,SD,0,5.1,1
CRC00480,CRC,25,M,2,II,218.8,13.2,4.8,6.5,315.0,1,0,Chemo,PD,0,9.8,1
CRC00481,CRC,45,F,0,IV,281.0,12.8,4.3,4.9,190.0,0,1,PD-1,PD,1,6.4,1
CRC00482,CRC,44,F,1,IV,100.0,8.5,3.7,9.1,162.0,0,2,Chemo,PD,0,17.6,1
CRC00483,CRC,80,F,2,IV,198.6,10.9,3.2,8.6,203.0,1,3,Chemo,PD,0,1.8,1
CRC00484,CRC,29,F,0,II,388.9,10.7,4.0,5.4,345.0,0,0,PD-1,SD,0,2.7,1
CRC00485,CRC,84,M,2,II,127.0,9.4,4.1,5.6,113.0,1,0,Chemo,CR,0,14.9,1
CRC00486,CRC,81,M,1,IV,298.7,10.3,4.0,7.9,153.0,0,1,Chemo,SD,0,0.7,1
CRC00487,CRC,41,F,0,III,184.3,12.0,4.9,4.6,213.0,1,1,Chemo,PD,0,8.4,1
CRC00488,CRC,64,M,1,IV,120.9,14.8,3.9,5.7,172.0,1,0,Chemo,PD,0,27.0,1
CRC00489,CRC,62,M,1,II,171.1,10.1,2.9,4.9,247.0,0,0,PD-1,SD,0,9.4,1
CRC00490,CRC,25,F,1,II,132.2,9.7,3.8,5.0,363.0,0,0,Chemo,PR,0,6.9,1
CRC00491,CRC,37,M,0,III,106.4,10.8,4.2,5.6,154.0,0,1,PD-1,PR,0,27.0,1
CRC00492,CRC,42,M,1,II,155.6,12.7,4.2,8.8,238.0,0,1,Chemo,PD,0,9.3,1
CRC00493,CRC,28,M,1,IV,188.9,14.4,3.9,3.5,249.0,0,1,PD-1,PD,0,25.3,1
CRC00494,CRC,71,M,3,III,164.1,11.8,3.8,7.9,223.0,0,0,PD-1,CR,0,4.0,1
CRC00495,CRC,38,F,2,IV,154.6,9.1,3.0,7.5,124.0,0,2,Chemo,PR,0,1.5,1
CRC00496,CRC,72,F,2,IV,207.6,9.5,4.0,8.9,199.0,0,0,PD-1,SD,1,7.2,1
CRC00497,CRC,29,M,0,II,249.3,12.4,3.8,7.5,199.0,0,0,Chemo,SD,0,11.1,1
CRC00498,CRC,57,F,0,IV,100.0,14.0,4.1,6.2,301.0,0,1,Chemo,PR,0,20.1,1
CRC00499,CRC,50,F,0,IV,155.8,15.6,4.2,5.4,284.0,0,1,Chemo,PR,0,5.1,1
CRC00500,CRC,79,M,1,IV,100.0,9.6,4.6,9.0,126.0,1,0,Chemo,SD,0,24.8,1
CRC00501,CRC,28,F,0,IV,164.5,12.3,3.5,8.0,219.0,0,3,PD-1,SD,0,23.8,1
CRC00502,CRC,54,M,1,II,198.4,9.9,3.4,6.0,210.0,0,1,Chemo,PD,0,30.0,1
CRC00503,CRC,41,F,0,III,255.2,10.2,3.7,8.8,406.0,1,0,PD-1,SD,0,32.9,1
CRC00504,CRC,52,F,1,I,198.8,10.0,3.6,6.1,273.0,0,1,Chemo,PD,0,19.8,1
CRC00505,CRC,30,M,0,III,251.9,11.3,3.6,7.0,164.0,1,1,Chemo,PR,0,21.2,1
CRC00506,CRC,81,F,0,III,188.5,10.2,4.7,5.8,188.0,0,2,Chemo,PD,0,1.3,1
CRC00507,CRC,81,F,2,IV,120.9,17.0,4.1,8.1,220.0,0,3,PD-1,SD,0,20.8,1
CRC00508,CRC,51,M,1,I,100.0,11.1,5.0,5.0,279.0,0,1,Chemo,SD,0,47.1,1
CRC00509,CRC,60,M,2,I,154.8,14.0,4.0,6.4,289.0,1,0,Chemo,PD,0,5.5,1
CRC00510,CRC,31,M,1,III,114.5,10.7,3.4,5.7,266.0,1,2,Chemo,SD,0,5.8,1
CRC00511,CRC,82,M,2,II,168.7,16.5,3.6,7.5,233.0,0,1,PD-1,SD,0,8.5,1
CRC00512,CRC,25,M,0,IV,134.9,12.7,4.5,7.8,239.0,0,1,Chemo,PD,0,18.4,1
CRC00513,CRC,34,M,0,IV,233.1,13.7,3.4,4.8,240.0,0,0,Chemo,PD,0,16.0,1
CRC00514,CRC,37,M,1,III,186.7,10.8,4.3,7.8,107.0,0,3,Chemo,PD,0,2.5,1
CRC00515,CRC,65,M,2,I,237.1,14.0,3.8,4.0,245.0,0,1,Chemo,PD,0,7.9,1
CRC00516,CRC,56,F,1,II,236.4,12.7,3.5,11.4,204.0,1,1,Chemo,PD,0,8.6,1
CRC00517,CRC,38,F,1,IV,162.7,11.2,4.7,6.0,118.0,0,1,PD-1,PD,0,2.8,1
CRC00518,CRC,57,F,0,IV,168.8,9.8,3.7,9.1,443.0,0,2,Chemo,CR,0,1.0,1
CRC00519,CRC,54,M,1,III,244.9,11.5,3.6,7.4,275.0,0,0,Chemo,SD,0,3.0,1
CRC00520,CRC,33,F,1,IV,786.5,11.4,4.0,7.5,251.0,0,2,Chemo,CR,0,8.3,1
CRC00521,CRC,30,F,2,IV,100.1,13.7,3.7,4.7,220.0,0,0,Chemo,SD,0,9.2,1
CRC00522,CRC,34,F,1,I,185.9,11.5,5.1,8.7,308.0,0,1,PD-1,SD,0,39.7,1
CRC00523,CRC,35,F,0,IV,100.0,8.2,4.5,7.1,157.0,0,1,Chemo,PD,0,1.1,1
CRC00524,CRC,63,F,0,III,179.0,13.3,3.7,7.9,225.0,1,1,Chemo,SD,0,60.0,0
CRC00525,CRC,44,M,0,IV,121.0,14.6,3.8,6.8,174.0,0,1,PD-1,SD,0,4.6,1
CRC00526,CRC,49,M,1,III,168.7,8.7,3.0,7.3,308.0,0,0,PD-1,PR,0,22.4,1
CRC00527,CRC,84,M,0,II,199.0,15.6,4.1,5.2,184.0,0,1,Chemo,PD,0,3.5,1
CRC00528,CRC,78,M,1,IV,135.1,14.8,3.6,6.7,338.0,0,3,PD-1,PD,0,7.8,1
CRC00529,CRC,36,F,1,II,100.0,10.7,4.0,6.2,242.0,0,2,Chemo,SD,0,4.5,1
CRC00530,CRC,46,M,0,IV,426.4,9.8,3.0,5.6,312.0,0,0,PD-1,PD,0,2.6,1
CRC00531,CRC,36,F,1,II,299.9,14.1,4.0,7.3,282.0,1,3,Target,SD,0,17.9,1
CRC00532,CRC,38,F,2,IV,167.6,9.3,4.8,7.7,335.0,0,2,Target,PD,0,6.4,1
CRC00533,CRC,66,M,1,III,106.0,10.7,4.0,7.5,175.0,0,0,Chemo,CR,0,13.2,1
CRC00534,CRC,72,M,1,IV,190.8,9.4,3.6,6.8,322.0,0,1,Target,SD,0,10.8,1
CRC00535,CRC,78,M,1,II,225.1,12.0,4.0,7.8,101.0,1,1,Chemo,PD,0,54.0,0
CRC00536,CRC,60,F,0,III,287.7,14.9,4.0,7.5,253.0,0,0,PD-1,SD,1,30.7,1
CRC00537,CRC,79,F,0,IV,304.1,12.7,5.1,7.2,206.0,1,2,Target,PD,0,1.7,1
CRC00538,CRC,38,F,0,IV,340.5,14.0,3.8,7.3,138.0,0,0,PD-1,SD,1,2.0,1
CRC00539,CRC,26,M,0,III,100.0,11.3,3.4,9.4,179.0,0,1,PD-1,PR,0,4.5,1
CRC00540,CRC,26,M,2,III,151.0,12.2,4.0,4.6,199.0,1,1,Chemo,PR,0,18.9,1
CRC00541,CRC,67,M,0,III,328.9,9.5,4.1,6.4,234.0,0,3,PD-1,PR,0,19.0,1
CRC00542,CRC,67,M,2,II,104.1,11.8,4.3,7.7,208.0,0,0,PD-1,PR,0,44.5,1
CRC00543,CRC,30,F,2,IV,376.7,10.5,4.4,3.8,256.0,0,0,Target,PD,0,2.6,1
CRC00544,CRC,49,M,1,I,537.1,11.7,5.0,9.8,184.0,0,1,Target,PD,0,29.5,1
CRC00545,CRC,27,M,1,IV,370.5,11.5,3.7,7.5,212.0,1,2,Chemo,SD,0,41.5,1
CRC00546,CRC,47,M,0,III,269.6,11.4,3.7,8.9,227.0,0,3,Chemo,PD,0,47.7,1
CRC00547,CRC,33,M,1,II,138.6,16.2,3.1,9.2,265.0,0,0,Target,SD,0,38.4,1
CRC00548,CRC,55,F,2,III,214.6,15.5,4.3,7.8,318.0,0,1,PD-1,PR,0,25.4,1
CRC00549,CRC,52,M,0,IV,100.0,14.8,3.6,3.0,318.0,0,0,Target,PD,0,11.5,1
CRC00550,CRC,49,M,0,III,113.4,15.6,4.4,7.3,269.0,1,2,Chemo,SD,0,46.9,1
GAS00001,Gastric,49,F,0,IV,130.8,10.9,4.1,5.1,443.0,0,0,Chemo,PD,0,4.6,1
GAS00002,Gastric,83,M,0,III,461.2,11.7,3.4,6.4,215.0,1,2,PD-1,SD,1,13.9,1
GAS00003,Gastric,84,M,3,III,140.6,14.2,3.9,7.7,285.0,0,1,Chemo,PR,0,14.4,1
GAS00004,Gastric,49,M,2,II,503.5,11.4,4.6,7.3,152.0,0,0,PD-1,SD,0,57.4,0
GAS00005,Gastric,38,M,2,I,318.3,11.1,4.3,4.3,203.0,0,0,Chemo,PD,0,0.5,1
GAS00006,Gastric,79,M,1,III,278.7,15.5,4.6,7.7,274.0,0,1,Chemo,PD,0,17.7,1
GAS00007,Gastric,70,M,0,IV,242.8,11.2,4.2,4.8,365.0,1,0,Chemo,PD,0,5.1,1
GAS00008,Gastric,60,M,1,II,281.4,9.7,4.1,10.9,126.0,0,0,Chemo,PD,0,57.1,0
GAS00009,Gastric,39,M,1,IV,126.9,9.3,4.7,8.6,281.0,1,0,PD-1,PD,1,1.3,1
GAS00010,Gastric,56,M,1,III,100.0,10.5,3.8,6.6,159.0,0,1,PD-1,PR,0,12.1,1
GAS00011,Gastric,26,M,0,IV,502.8,12.0,3.8,7.1,227.0,0,0,Chemo,PR,0,32.4,1
GAS00012,Gastric,45,M,0,IV,129.0,12.1,4.9,10.5,205.0,0,0,Target,SD,0,0.7,1
GAS00013,Gastric,28,M,0,II,159.6,10.8,4.5,4.0,189.0,0,3,Chemo,PD,0,1.4,1
GAS00014,Gastric,53,F,0,IV,100.0,8.9,3.9,6.0,264.0,0,3,PD-1,PR,0,25.1,1
GAS00015,Gastric,73,F,0,IV,262.7,10.2,3.7,8.1,170.0,0,1,PD-1,PR,0,13.5,1
GAS00016,Gastric,53,M,2,I,100.0,9.4,3.5,3.0,100.0,0,2,PD-1,PR,0,32.1,1
GAS00017,Gastric,47,F,0,III,232.5,6.0,3.8,6.7,215.0,1,1,Chemo,SD,0,1.2,1
GAS00018,Gastric,27,M,1,III,149.3,7.4,4.5,6.1,185.0,0,0,Target,PD,0,1.0,1
GAS00019,Gastric,78,M,0,IV,208.3,12.6,2.9,11.9,214.0,0,1,PD-1,SD,0,7.2,1
GAS00020,Gastric,84,M,1,II,499.7,11.4,4.5,6.7,185.0,1,0,PD-1,CR,0,26.5,1
GAS00021,Gastric,45,F,0,III,100.0,13.2,4.4,4.9,289.0,1,1,Target,PD,0,12.6,1
GAS00022,Gastric,40,F,0,III,133.0,10.7,3.5,5.2,295.0,1,0,Chemo,PD,0,7.6,1
GAS00023,Gastric,68,F,0,II,114.2,10.8,4.0,3.0,146.0,0,0,Chemo,SD,0,45.3,1
GAS00024,Gastric,44,F,0,I,243.9,10.3,3.7,10.4,344.0,0,2,PD-1,PD,1,7.1,1
GAS00025,Gastric,59,F,0,III,232.3,10.2,3.5,7.2,302.0,0,2,Chemo,SD,0,3.7,1
GAS00026,Gastric,81,M,2,III,159.2,10.5,4.1,6.7,212.0,0,3,PD-1,PD,0,45.8,1
GAS00027,Gastric,29,M,0,III,366.7,15.5,4.3,8.9,239.0,0,2,PD-1,PR,0,19.2,1
GAS00028,Gastric,72,M,1,IV,184.3,11.8,4.4,8.1,325.0,0,3,PD-1,SD,0,11.9,1
GAS00029,Gastric,50,M,0,III,125.7,10.4,3.1,7.0,213.0,0,0,Target,SD,0,10.0,1
GAS00030,Gastric,31,M,0,II,400.1,13.9,3.8,5.0,309.0,1,1,PD-1,PR,0,25.2,1
GAS00031,Gastric,76,F,1,III,157.1,11.9,4.3,5.9,273.0,0,1,Chemo,SD,0,42.0,1
GAS00032,Gastric,40,F,3,I,163.9,14.2,4.5,7.2,316.0,0,0,Target,PR,0,36.5,1
GAS00033,Gastric,41,F,1,IV,172.2,13.0,4.1,8.3,296.0,1,3,PD-1,PD,0,11.1,1
GAS00034,Gastric,26,F,2,I,207.4,12.3,4.5,4.3,201.0,1,0,Chemo,SD,0,13.4,1
GAS00035,Gastric,36,F,0,II,369.5,12.6,4.1,6.8,261.0,0,1,Chemo,PD,0,33.6,1
GAS00036,Gastric,82,M,0,III,309.6,12.8,4.3,9.6,316.0,0,2,PD-1,SD,0,37.4,1
GAS00037,Gastric,37,F,2,IV,263.1,9.5,3.6,4.5,309.0,0,0,PD-1,PR,3,1.4,1
GAS00038,Gastric,29,M,1,II,101.4,12.2,4.4,8.5,302.0,0,1,PD-1,SD,0,4.3,1
GAS00039,Gastric,40,M,2,III,178.7,12.6,3.3,4.4,232.0,0,1,PD-1,CR,0,3.8,1
GAS00040,Gastric,52,M,0,IV,166.6,12.8,3.5,5.9,366.0,1,1,Chemo,PD,0,1.2,1
GAS00041,Gastric,32,F,0,IV,253.7,11.0,3.6,3.0,277.0,0,1,Chemo,PD,0,5.0,1
GAS00042,Gastric,80,F,0,IV,161.4,14.4,4.8,7.6,383.0,1,3,PD-1,SD,0,2.5,1
GAS00043,Gastric,52,F,2,IV,429.5,12.5,3.8,5.5,156.0,0,1,Chemo,PD,0,30.8,1
GAS00044,Gastric,70,F,3,III,266.9,11.2,4.2,3.0,226.0,0,0,Chemo,SD,0,11.2,1
GAS00045,Gastric,32,F,2,I,258.3,12.8,4.3,7.3,236.0,1,2,Chemo,SD,0,4.4,1
GAS00046,Gastric,53,F,1,I,100.8,14.1,4.3,9.1,316.0,0,1,Chemo,SD,0,14.4,1
GAS00047,Gastric,81,M,0,IV,117.9,10.5,3.5,7.8,187.0,0,0,Chemo,PR,0,6.1,1
GAS00048,Gastric,42,M,1,II,132.3,10.3,4.2,7.7,187.0,0,0,Chemo,PD,0,30.5,1
GAS00049,Gastric,76,M,1,III,182.2,13.6,3.5,8.6,327.0,0,0,PD-1,SD,0,0.8,1
GAS00050,Gastric,68,M,1,III,370.4,13.9,3.2,5.6,238.0,0,0,Chemo,SD,0,23.1,1
GAS00051,Gastric,67,F,1,IV,114.8,11.8,4.8,7.2,295.0,0,0,Target,PD,0,1.0,1
GAS00052,Gastric,40,M,1,I,100.0,11.6,3.9,11.4,184.0,0,0,Chemo,PR,0,16.1,1
GAS00053,Gastric,50,F,1,IV,428.4,13.8,3.9,7.3,306.0,0,1,Chemo,PD,0,7.4,1
GAS00054,Gastric,46,F,2,IV,137.5,10.4,4.5,5.3,318.0,1,3,Chemo,SD,0,10.5,1
GAS00055,Gastric,39,F,2,II,174.5,7.2,4.4,7.7,352.0,0,3,PD-1,CR,0,8.9,1
GAS00056,Gastric,37,M,0,III,331.8,12.2,3.7,6.2,170.0,1,2,Chemo,PR,0,1.1,1
GAS00057,Gastric,46,M,0,IV,366.0,12.2,4.2,6.9,154.0,0,1,Chemo,SD,0,3.6,1
GAS00058,Gastric,84,M,0,II,104.8,13.9,4.3,8.5,243.0,0,3,Chemo,PR,0,60.0,0
GAS00059,Gastric,84,M,1,III,212.9,13.6,3.4,5.9,347.0,1,0,PD-1,PR,0,1.5,1
GAS00060,Gastric,45,F,1,IV,418.2,15.3,3.7,3.0,178.0,0,0,Chemo,PD,0,29.2,1
GAS00061,Gastric,74,M,2,IV,186.0,12.5,3.9,6.7,163.0,0,1,PD-1,SD,1,7.5,1
GAS00062,Gastric,48,M,3,III,352.2,16.4,4.1,8.0,210.0,0,2,PD-1,SD,0,7.8,1
GAS00063,Gastric,25,M,0,III,200.2,14.3,4.7,10.5,265.0,0,1,PD-1,PR,0,0.9,1
GAS00064,Gastric,53,F,1,II,351.1,12.2,3.7,9.1,259.0,1,2,PD-1,CR,0,42.6,1
GAS00065,Gastric,25,F,1,III,403.0,14.1,4.8,6.3,179.0,1,0,Chemo,SD,0,60.0,0
GAS00066,Gastric,84,F,2,I,513.3,10.2,4.3,8.0,191.0,1,0,Chemo,PD,0,11.8,1
GAS00067,Gastric,25,M,1,II,240.9,11.4,3.2,6.5,243.0,0,1,Chemo,PD,0,16.9,1
GAS00068,Gastric,33,M,1,III,143.3,11.7,4.2,8.8,190.0,0,0,Chemo,CR,0,21.7,1
GAS00069,Gastric,45,F,1,III,213.8,11.6,4.8,6.7,166.0,1,1,Target,PD,0,60.0,0
GAS00070,Gastric,38,F,1,IV,221.3,13.7,4.0,8.5,292.0,0,2,Chemo,PR,0,1.3,1
GAS00071,Gastric,52,M,2,III,182.5,14.2,3.7,10.3,204.0,0,0,Target,SD,0,41.9,1
GAS00072,Gastric,42,F,0,I,281.9,13.6,3.8,12.1,210.0,1,0,PD-1,PD,0,41.8,1
GAS00073,Gastric,83,F,1,IV,254.7,10.7,4.3,4.0,222.0,0,0,Target,PR,0,2.8,1
GAS00074,Gastric,57,M,2,III,214.9,13.4,3.4,3.4,273.0,0,2,Chemo,PD,0,26.3,1
GAS00075,Gastric,76,M,0,IV,679.0,14.4,4.9,5.1,255.0,0,1,PD-1,PD,4,8.7,1
GAS00076,Gastric,67,F,2,IV,111.3,13.5,4.6,6.9,205.0,0,0,PD-1,SD,1,10.0,1
GAS00077,Gastric,26,F,2,III,225.9,9.2,4.4,5.9,238.0,0,1,Chemo,PD,0,15.8,1
GAS00078,Gastric,75,M,1,II,182.3,10.1,3.5,9.5,233.0,0,0,PD-1,PR,0,10.4,1
GAS00079,Gastric,58,M,0,II,100.0,13.1,4.8,5.4,366.0,0,2,Chemo,SD,0,32.5,1
GAS00080,Gastric,48,M,2,II,124.3,14.3,4.7,4.8,249.0,0,1,Chemo,PR,0,13.5,1
GAS00081,Gastric,43,F,0,III,100.0,10.0,4.8,9.7,185.0,1,0,PD-1,PR,0,5.4,1
GAS00082,Gastric,26,F,1,II,299.3,12.0,4.2,8.1,123.0,1,1,PD-1,PR,0,11.7,1
GAS00083,Gastric,30,F,2,IV,100.0,12.1,4.1,7.6,326.0,1,1,Chemo,PD,0,2.0,1
GAS00084,Gastric,79,M,1,IV,100.0,10.0,4.2,4.8,243.0,1,0,PD-1,CR,0,2.8,1
GAS00085,Gastric,39,M,0,IV,160.3,12.6,4.3,9.1,275.0,0,0,PD-1,PR,2,0.8,1
GAS00086,Gastric,81,M,2,I,147.2,12.8,4.7,6.5,312.0,0,0,Chemo,CR,0,24.0,1
GAS00087,Gastric,35,F,2,I,142.8,12.3,3.4,7.3,190.0,0,1,Chemo,CR,0,0.6,1
GAS00088,Gastric,82,F,1,IV,100.0,14.0,4.2,7.7,188.0,0,0,Chemo,PD,0,10.1,1
GAS00089,Gastric,40,F,2,IV,310.3,11.9,4.3,9.8,255.0,1,0,PD-1,PD,0,0.4,1
GAS00090,Gastric,76,F,1,I,163.3,13.4,4.6,7.9,435.0,0,3,Chemo,PD,0,60.0,0
GAS00091,Gastric,45,F,1,II,324.9,12.9,3.9,5.6,192.0,1,0,Chemo,SD,0,60.0,0
GAS00092,Gastric,51,F,0,II,100.4,13.3,4.1,7.0,208.0,0,1,Chemo,PD,0,60.0,0
GAS00093,Gastric,46,M,1,II,123.5,11.1,4.0,8.4,317.0,0,3,PD-1,PR,0,1.1,1
GAS00094,Gastric,27,F,1,III,107.3,13.1,4.2,10.4,298.0,1,0,Chemo,SD,0,13.3,1
GAS00095,Gastric,27,F,1,II,178.5,14.3,3.8,6.2,210.0,0,3,Chemo,PD,0,17.5,1
GAS00096,Gastric,75,F,1,II,120.8,13.9,4.4,6.0,123.0,0,1,PD-1,SD,3,60.0,0
GAS00097,Gastric,45,F,2,III,346.1,14.5,4.3,8.5,229.0,0,2,Chemo,SD,0,17.7,1
GAS00098,Gastric,67,M,0,III,100.0,12.4,3.4,5.2,395.0,0,1,PD-1,SD,0,10.7,1
GAS00099,Gastric,30,F,2,IV,499.4,15.2,3.5,5.7,215.0,1,1,PD-1,PD,2,8.2,1
GAS00100,Gastric,49,M,0,II,151.3,11.4,4.0,7.1,315.0,0,2,Chemo,SD,0,43.5,1
GAS00101,Gastric,65,M,2,III,113.9,11.5,5.5,7.9,162.0,1,0,Chemo,SD,0,21.7,1
GAS00102,Gastric,84,M,0,IV,547.5,15.5,3.9,9.0,317.0,0,0,Chemo,SD,0,6.1,1
GAS00103,Gastric,61,M,0,IV,170.7,12.9,3.6,7.3,321.0,0,3,Chemo,SD,0,9.4,1
GAS00104,Gastric,54,F,1,III,151.7,13.8,3.7,7.2,252.0,0,0,Chemo,SD,0,1.2,1
GAS00105,Gastric,80,F,1,IV,125.2,8.6,4.3,8.1,348.0,1,0,Chemo,PD,0,28.9,1
GAS00106,Gastric,63,M,3,III,154.7,12.7,4.9,3.9,241.0,1,1,Chemo,SD,0,22.3,1
GAS00107,Gastric,44,F,0,IV,242.7,12.6,3.8,7.2,408.0,0,0,Chemo,SD,0,11.6,1
GAS00108,Gastric,25,M,0,III,247.4,13.2,4.2,10.2,240.0,1,1,Chemo,PD,0,60.0,0
GAS00109,Gastric,59,F,1,IV,100.0,13.1,3.8,8.6,223.0,0,1,Chemo,PD,0,21.1,1
GAS00110,Gastric,67,F,0,IV,100.0,11.3,4.4,6.9,276.0,0,2,Chemo,PD,0,7.3,1
GAS00111,Gastric,50,F,1,IV,335.9,16.9,3.8,8.5,154.0,1,1,PD-1,PD,0,5.5,1
GAS00112,Gastric,45,M,2,IV,132.1,10.4,4.5,4.5,269.0,1,1,Chemo,PR,0,28.5,1
GAS00113,Gastric,34,F,1,I,175.1,11.5,2.8,7.9,185.0,0,1,Chemo,SD,0,60.0,0
GAS00114,Gastric,69,F,1,IV,195.0,13.9,4.4,6.9,328.0,0,0,PD-1,PR,0,2.5,1
GAS00115,Gastric,53,M,0,IV,437.3,10.0,3.9,7.2,321.0,1,1,PD-1,SD,0,11.7,1
GAS00116,Gastric,27,M,0,I,401.0,11.9,4.3,6.3,189.0,0,3,PD-1,PD,0,2.1,1
GAS00117,Gastric,67,F,1,IV,222.5,13.6,4.0,9.8,214.0,1,1,PD-1,CR,0,0.9,1
GAS00118,Gastric,76,F,2,IV,120.9,11.1,3.4,6.0,328.0,0,0,Chemo,SD,0,37.8,1
GAS00119,Gastric,65,M,1,II,726.9,10.7,4.1,4.9,406.0,0,1,Chemo,PD,0,45.0,1
GAS00120,Gastric,81,M,1,III,276.0,12.9,4.4,4.0,251.0,0,1,PD-1,CR,0,10.6,1
GAS00121,Gastric,67,F,1,II,411.7,12.4,4.1,3.0,317.0,0,0,PD-1,PR,0,1.9,1
GAS00122,Gastric,65,M,2,II,157.1,10.8,3.3,7.4,310.0,0,2,PD-1,CR,1,14.1,1
GAS00123,Gastric,37,M,1,IV,100.0,12.3,4.1,5.4,311.0,0,0,PD-1,PD,1,28.3,1
GAS00124,Gastric,33,M,2,III,246.0,12.0,4.3,4.4,100.0,0,1,Chemo,PD,0,5.9,1
GAS00125,Gastric,70,M,1,III,183.1,14.0,3.8,6.5,177.0,0,3,PD-1,PD,0,8.5,1
GAS00126,Gastric,40,M,0,IV,488.4,10.1,2.5,8.4,368.0,0,3,Chemo,PD,0,60.0,0
GAS00127,Gastric,84,M,0,III,170.6,10.4,3.8,6.8,187.0,0,1,PD-1,PD,0,10.3,1
GAS00128,Gastric,73,M,0,III,138.7,11.5,3.4,7.3,233.0,0,1,Chemo,PD,0,60.0,0
GAS00129,Gastric,81,M,0,III,391.5,11.5,4.0,9.3,408.0,0,0,Chemo,SD,0,3.7,1
GAS00130,Gastric,71,M,1,IV,141.0,13.9,3.4,8.6,211.0,0,0,Chemo,PD,0,10.7,1
GAS00131,Gastric,52,M,0,III,153.6,12.3,3.4,7.2,261.0,1,1,PD-1,SD,0,3.2,1
GAS00132,Gastric,52,M,1,IV,100.0,13.3,4.4,5.0,284.0,1,1,PD-1,PR,0,25.2,1
GAS00133,Gastric,35,F,0,IV,356.6,14.9,4.1,5.9,343.0,0,2,Target,PD,0,19.6,1
GAS00134,Gastric,68,F,0,III,162.9,10.4,4.2,7.1,299.0,0,0,Chemo,PD,0,1.8,1
GAS00135,Gastric,54,F,1,IV,100.0,14.9,3.7,8.4,209.0,0,1,PD-1,PR,1,0.0,1
GAS00136,Gastric,35,F,1,III,363.3,12.1,3.8,7.7,251.0,1,1,PD-1,CR,2,11.9,1
GAS00137,Gastric,53,F,2,II,154.5,7.4,3.7,5.8,232.0,1,2,PD-1,PR,0,41.3,1
GAS00138,Gastric,74,F,0,II,539.6,12.5,3.7,7.8,323.0,0,2,PD-1,SD,0,24.8,1
GAS00139,Gastric,80,F,1,III,390.0,9.2,3.8,10.4,247.0,0,2,Chemo,PR,0,31.4,1
GAS00140,Gastric,81,M,2,III,100.0,9.4,3.5,7.6,268.0,0,1,Chemo,PD,0,23.5,1
GAS00141,Gastric,36,F,1,III,279.7,10.0,3.6,8.2,212.0,0,0,Target,CR,0,3.0,1
GAS00142,Gastric,32,M,3,III,340.6,11.9,4.1,6.3,410.0,0,0,PD-1,SD,0,2.9,1
GAS00143,Gastric,81,F,0,IV,100.0,9.5,3.5,6.6,184.0,0,1,Chemo,PR,0,5.0,1
GAS00144,Gastric,77,M,0,III,155.2,14.5,4.2,3.6,420.0,0,1,PD-1,SD,0,24.1,1
GAS00145,Gastric,34,F,0,III,131.3,14.2,3.2,7.3,236.0,0,2,Chemo,SD,0,24.4,1
GAS00146,Gastric,84,M,0,III,348.0,17.2,4.2,3.0,323.0,1,0,Chemo,PD,0,7.8,1
GAS00147,Gastric,79,M,1,IV,105.5,11.8,4.0,4.0,259.0,0,3,Chemo,PD,0,9.5,1
GAS00148,Gastric,83,M,1,III,212.5,11.0,4.2,7.7,155.0,0,0,Chemo,PD,0,39.1,1
GAS00149,Gastric,59,M,0,IV,578.8,12.4,4.2,5.0,211.0,0,0,PD-1,SD,0,5.5,1
GAS00150,Gastric,76,M,1,III,100.0,13.7,3.5,3.0,340.0,0,0,Target,PD,0,12.8,1
GAS00151,Gastric,60,M,2,II,192.0,14.6,4.0,7.1,166.0,1,1,Chemo,PD,0,17.8,1
GAS00152,Gastric,37,F,1,II,195.9,10.8,3.4,3.9,100.0,0,2,PD-1,PD,0,5.3,1
GAS00153,Gastric,82,F,0,IV,100.0,14.0,3.8,9.1,105.0,0,0,Chemo,PD,0,60.0,0
GAS00154,Gastric,76,M,0,III,100.0,14.0,4.5,7.9,251.0,0,1,Target,PD,0,10.3,1
GAS00155,Gastric,51,F,1,I,305.0,17.9,3.5,10.7,171.0,0,2,Chemo,SD,0,40.7,1
GAS00156,Gastric,64,M,1,IV,175.2,14.8,4.0,7.8,255.0,0,0,Chemo,PR,0,5.9,1
GAS00157,Gastric,26,F,2,III,203.8,15.8,3.6,10.8,297.0,0,0,Chemo,SD,0,56.4,0
GAS00158,Gastric,52,M,3,IV,166.1,16.0,4.2,5.1,300.0,1,1,PD-1,PR,0,2.2,1
GAS00159,Gastric,58,M,3,III,382.6,10.7,4.5,5.8,280.0,1,0,PD-1,SD,0,7.1,1
GAS00160,Gastric,45,M,1,IV,766.6,10.5,3.8,7.6,412.0,0,1,Target,SD,0,9.1,1
GAS00161,Gastric,30,M,0,I,353.8,14.0,4.1,6.7,376.0,0,0,Chemo,PD,0,39.1,1
GAS00162,Gastric,76,F,0,II,100.0,11.3,3.9,7.3,174.0,0,3,PD-1,PR,0,3.9,1
GAS00163,Gastric,84,F,1,III,177.4,13.6,3.5,6.9,300.0,1,1,Chemo,PR,0,32.1,1
GAS00164,Gastric,63,M,2,III,423.2,11.9,4.2,6.6,296.0,0,1,PD-1,PD,1,2.2,1
GAS00165,Gastric,50,M,0,IV,140.1,12.8,4.2,5.1,162.0,0,1,PD-1,SD,3,0.9,1
GAS00166,Gastric,60,F,1,IV,425.1,12.7,3.5,5.5,206.0,0,2,Chemo,SD,0,46.7,1
GAS00167,Gastric,64,F,1,I,148.1,13.5,4.4,5.2,120.0,1,2,PD-1,PD,0,40.7,1
GAS00168,Gastric,42,F,0,IV,100.0,9.6,4.6,5.0,206.0,1,0,PD-1,SD,0,38.4,1
GAS00169,Gastric,66,M,0,IV,279.4,9.4,3.6,7.1,302.0,0,2,Target,SD,0,22.6,1
GAS00170,Gastric,76,M,0,III,238.6,11.8,4.7,5.6,336.0,0,1,PD-1,PR,0,25.5,1
GAS00171,Gastric,67,F,0,II,126.4,12.2,4.0,6.0,427.0,1,2,Chemo,SD,0,0.9,1
GAS00172,Gastric,63,M,1,IV,395.6,15.4,4.0,9.8,313.0,0,3,Chemo,PD,0,2.1,1
GAS00173,Gastric,29,F,0,IV,100.0,12.9,4.8,8.0,283.0,0,0,Chemo,SD,0,13.1,1
GAS00174,Gastric,50,M,0,IV,340.8,12.5,4.4,8.6,397.0,0,1,Chemo,SD,0,3.6,1
GAS00175,Gastric,35,M,0,IV,130.6,11.5,3.7,9.2,374.0,0,2,PD-1,PR,0,15.2,1
GAS00176,Gastric,74,F,1,IV,520.7,13.0,3.7,10.3,205.0,0,3,Chemo,PD,0,22.7,1
GAS00177,Gastric,40,F,1,III,296.1,11.5,4.2,7.0,240.0,0,1,Chemo,PD,0,3.4,1
GAS00178,Gastric,43,M,1,IV,147.3,9.6,4.2,7.5,306.0,1,1,Chemo,PD,0,43.3,1
GAS00179,Gastric,76,M,1,III,101.5,14.1,4.0,6.0,142.0,0,2,Chemo,SD,0,8.7,1
GAS00180,Gastric,29,F,1,IV,100.0,11.0,3.6,5.3,281.0,0,2,Chemo,PD,0,19.1,1
GAS00181,Gastric,31,M,1,IV,173.0,11.2,3.7,4.0,285.0,0,3,PD-1,SD,0,7.3,1
GAS00182,Gastric,27,F,0,III,187.4,9.2,4.0,5.0,309.0,0,0,Chemo,SD,0,1.0,1
GAS00183,Gastric,49,F,0,IV,340.9,12.8,3.2,6.0,320.0,0,3,Chemo,SD,0,20.0,1
GAS00184,Gastric,34,M,2,IV,117.6,15.4,4.2,7.4,223.0,0,0,Chemo,PR,0,22.2,1
GAS00185,Gastric,75,F,1,II,225.6,8.6,4.1,4.7,285.0,1,1,PD-1,PD,0,8.9,1
GAS00186,Gastric,29,F,2,III,146.4,8.8,3.5,5.1,217.0,0,1,PD-1,PD,0,0.2,1
GAS00187,Gastric,56,M,2,IV,445.5,12.8,4.2,3.0,327.0,0,2,Chemo,SD,0,1.3,1
GAS00188,Gastric,56,M,1,III,167.8,12.5,3.1,5.6,266.0,0,0,Chemo,SD,0,12.0,1
GAS00189,Gastric,29,M,0,III,116.9,11.1,4.2,7.1,328.0,1,0,Chemo,PD,0,12.7,1
GAS00190,Gastric,79,F,1,I,100.0,10.9,4.4,7.1,104.0,1,1,PD-1,PD,1,60.0,0
GAS00191,Gastric,78,M,1,III,138.2,12.6,4.2,6.4,147.0,1,1,Chemo,PR,0,0.4,1
GAS00192,Gastric,67,F,3,IV,157.6,8.2,4.3,6.5,276.0,0,2,PD-1,PR,0,9.4,1
GAS00193,Gastric,43,M,2,I,161.0,9.4,4.3,7.0,150.0,0,2,Chemo,CR,0,2.0,1
GAS00194,Gastric,36,M,2,II,234.0,10.0,4.2,9.5,331.0,0,2,PD-1,SD,0,11.7,1
GAS00195,Gastric,55,F,1,III,148.5,11.2,4.0,6.3,332.0,1,2,PD-1,SD,2,27.4,1
GAS00196,Gastric,41,F,0,IV,110.1,11.3,3.8,6.7,287.0,0,1,PD-1,PR,0,1.3,1
GAS00197,Gastric,46,F,2,I,140.9,6.8,4.6,4.4,225.0,1,1,Chemo,SD,0,49.4,0
GAS00198,Gastric,83,M,0,III,159.0,9.4,4.3,7.9,222.0,0,0,PD-1,PD,1,49.9,0
GAS00199,Gastric,78,M,0,I,129.0,13.2,4.6,6.9,322.0,1,0,PD-1,SD,0,24.1,1
GAS00200,Gastric,76,M,2,III,100.0,13.0,4.5,5.9,299.0,0,1,Chemo,PD,0,36.6,1
GAS00201,Gastric,71,F,0,III,100.0,13.7,3.4,4.6,181.0,1,0,PD-1,PD,0,3.3,1
GAS00202,Gastric,74,F,2,IV,100.0,13.0,3.7,7.7,284.0,0,2,Chemo,PD,0,7.0,1
GAS00203,Gastric,65,F,0,I,200.7,11.8,3.1,4.8,369.0,0,1,Target,CR,0,14.1,1
GAS00204,Gastric,46,F,2,IV,237.6,10.1,3.2,8.1,295.0,0,2,Chemo,SD,0,22.6,1
GAS00205,Gastric,73,F,1,IV,109.5,10.0,3.1,10.6,220.0,0,1,Target,SD,0,10.7,1
GAS00206,Gastric,80,M,1,III,242.5,10.3,2.9,9.3,232.0,1,2,Chemo,PD,0,31.0,1
GAS00207,Gastric,50,F,2,III,143.9,13.6,3.9,7.1,220.0,0,0,Chemo,PD,0,14.0,1
GAS00208,Gastric,55,F,3,I,166.0,13.1,4.6,8.2,215.0,0,0,PD-1,PR,0,59.2,0
GAS00209,Gastric,79,M,0,III,100.0,10.1,4.2,5.6,153.0,0,0,PD-1,PR,0,1.5,1
GAS00210,Gastric,83,F,1,IV,383.0,12.8,4.3,4.4,259.0,1,0,Chemo,SD,0,0.8,1
GAS00211,Gastric,67,F,3,II,472.0,13.3,4.0,7.3,125.0,0,3,Chemo,SD,0,7.3,1
GAS00212,Gastric,30,F,0,IV,220.1,13.0,4.1,5.8,312.0,0,2,Target,PD,0,1.4,1
GAS00213,Gastric,36,F,0,III,114.9,13.8,4.4,4.3,224.0,1,0,Chemo,PD,0,38.3,1
GAS00214,Gastric,67,M,1,IV,191.9,12.1,3.9,3.6,356.0,1,3,Chemo,PR,0,12.4,1
GAS00215,Gastric,51,M,1,II,113.8,11.5,4.1,6.4,170.0,1,2,PD-1,SD,1,15.9,1
GAS00216,Gastric,41,F,0,IV,100.0,12.1,3.8,9.0,239.0,1,1,PD-1,PR,1,14.2,1
GAS00217,Gastric,34,M,0,III,276.5,14.0,3.4,6.7,259.0,0,1,Chemo,PD,0,60.0,0
GAS00218,Gastric,69,M,0,III,100.0,13.5,3.9,6.6,158.0,0,1,Chemo,PD,0,37.2,1
GAS00219,Gastric,29,M,1,III,108.8,12.2,3.4,6.9,289.0,0,1,Target,CR,0,11.9,1
GAS00220,Gastric,28,F,2,IV,100.0,14.3,4.4,5.1,158.0,0,2,Chemo,PD,0,24.9,1
GAS00221,Gastric,63,M,2,III,343.1,15.7,4.2,6.1,284.0,0,0,Target,PD,0,20.1,1
GAS00222,Gastric,39,F,1,II,447.9,17.1,4.7,9.5,369.0,0,2,Chemo,SD,0,18.4,1
GAS00223,Gastric,26,F,1,IV,281.9,17.1,3.6,10.1,297.0,0,1,Chemo,PR,0,14.5,1
GAS00224,Gastric,73,M,1,III,295.0,18.0,3.3,9.1,214.0,0,2,Chemo,PD,0,3.7,1
GAS00225,Gastric,79,M,1,I,100.0,14.7,3.2,8.5,343.0,1,0,Chemo,SD,0,6.5,1
GAS00226,Gastric,80,F,3,III,155.0,6.7,4.8,10.1,436.0,0,0,Target,PD,0,8.4,1
GAS00227,Gastric,77,M,2,I,280.5,12.4,3.8,4.8,270.0,1,3,PD-1,SD,3,11.7,1
GAS00228,Gastric,32,M,0,IV,101.0,9.1,3.3,12.4,198.0,1,1,PD-1,SD,0,32.2,1
GAS00229,Gastric,40,M,2,IV,141.9,15.4,4.2,3.0,256.0,0,0,Chemo,PD,0,13.8,1
GAS00230,Gastric,44,M,0,III,100.0,11.4,3.8,6.4,153.0,0,0,PD-1,CR,0,1.0,1
GAS00231,Gastric,48,M,1,IV,151.2,12.9,3.5,3.0,341.0,0,1,PD-1,CR,0,5.0,1
GAS00232,Gastric,83,M,0,II,162.5,11.7,4.7,8.5,275.0,0,2,PD-1,SD,0,25.0,1
GAS00233,Gastric,59,F,2,III,245.0,15.6,3.9,4.7,208.0,0,0,PD-1,CR,0,28.5,1
GAS00234,Gastric,79,M,0,I,100.0,9.6,4.3,4.9,292.0,0,2,PD-1,PD,0,56.6,0
GAS00235,Gastric,78,M,0,IV,100.0,13.4,4.2,9.7,210.0,0,0,Chemo,PD,0,28.3,1
GAS00236,Gastric,41,M,0,I,379.5,9.9,5.4,6.5,234.0,0,0,Chemo,PD,0,28.2,1
GAS00237,Gastric,29,M,3,II,345.1,7.7,3.9,8.3,250.0,0,1,Chemo,SD,0,2.6,1
GAS00238,Gastric,38,F,0,III,123.1,12.4,3.5,6.1,395.0,0,2,Chemo,SD,0,16.7,1
GAS00239,Gastric,38,M,0,III,453.1,9.6,3.7,5.1,160.0,1,2,Chemo,PR,0,10.0,1
GAS00240,Gastric,70,F,1,III,200.3,9.0,4.5,8.8,312.0,1,1,Chemo,SD,0,12.4,1
GAS00241,Gastric,67,F,1,IV,358.7,8.9,4.1,7.3,194.0,1,1,Chemo,PD,0,10.9,1
GAS00242,Gastric,84,F,1,II,152.3,11.2,3.8,7.4,391.0,1,0,Chemo,SD,0,60.0,0
GAS00243,Gastric,55,M,0,IV,218.6,13.9,4.2,5.8,177.0,0,1,Chemo,PD,0,21.9,1
GAS00244,Gastric,44,M,0,I,147.7,9.1,4.7,6.7,179.0,0,0,Chemo,PD,0,7.9,1
GAS00245,Gastric,37,F,0,IV,494.0,14.2,4.8,5.8,311.0,0,3,Chemo,CR,0,7.3,1
GAS00246,Gastric,78,F,0,IV,164.4,10.9,4.2,8.5,250.0,1,1,Chemo,PD,0,20.8,1
GAS00247,Gastric,33,M,2,III,172.1,9.9,4.6,7.1,315.0,0,1,PD-1,CR,0,2.4,1
GAS00248,Gastric,76,F,2,II,100.0,14.4,3.3,8.2,348.0,0,0,PD-1,SD,1,25.0,1
GAS00249,Gastric,58,F,1,IV,168.5,13.9,4.3,6.4,265.0,1,1,Chemo,SD,0,14.0,1
GAS00250,Gastric,36,F,0,IV,515.4,13.6,3.9,10.6,332.0,1,2,Chemo,PD,0,38.7,1
GAS00251,Gastric,64,F,0,I,408.5,12.5,3.4,6.9,100.0,0,0,Chemo,PD,0,60.0,0
GAS00252,Gastric,40,F,0,III,162.5,9.9,3.5,7.7,279.0,0,0,PD-1,SD,0,8.8,1
GAS00253,Gastric,25,M,0,IV,171.6,14.5,3.6,8.2,234.0,0,0,Target,PR,0,4.4,1
GAS00254,Gastric,40,M,1,IV,100.0,12.1,4.1,5.3,371.0,0,2,PD-1,PD,0,5.4,1
GAS00255,Gastric,30,F,1,IV,223.4,12.3,3.4,6.3,100.0,1,2,Chemo,SD,0,3.6,1
GAS00256,Gastric,44,M,0,II,220.4,12.8,4.4,8.1,192.0,1,1,PD-1,SD,0,29.0,1
GAS00257,Gastric,30,F,1,II,248.9,14.0,4.5,3.9,145.0,0,2,PD-1,SD,1,8.6,1
GAS00258,Gastric,59,F,1,III,100.0,8.7,3.9,7.9,267.0,0,0,Chemo,SD,0,26.3,1
GAS00259,Gastric,65,F,0,III,363.6,11.9,3.9,4.2,270.0,1,1,Chemo,CR,0,1.6,1
GAS00260,Gastric,75,M,2,IV,157.9,11.1,4.1,4.0,253.0,1,0,Chemo,SD,0,20.6,1
GAS00261,Gastric,27,M,1,III,378.9,15.0,3.8,4.8,314.0,0,1,PD-1,SD,2,6.9,1
GAS00262,Gastric,45,M,0,II,204.9,15.5,4.7,7.9,338.0,0,1,PD-1,PR,0,7.2,1
GAS00263,Gastric,31,F,0,IV,427.3,12.6,3.0,12.3,279.0,0,0,Chemo,PD,0,23.0,1
GAS00264,Gastric,38,F,1,IV,267.6,9.4,3.8,4.5,143.0,0,0,Chemo,SD,0,14.3,1
GAS00265,Gastric,54,M,0,IV,109.6,10.8,3.2,7.1,206.0,1,1,PD-1,SD,2,5.5,1
GAS00266,Gastric,46,M,3,II,296.6,6.9,4.3,9.0,305.0,1,2,PD-1,CR,0,6.8,1
GAS00267,Gastric,38,F,0,II,333.8,14.0,4.1,8.0,270.0,0,2,Chemo,PD,0,37.5,1
GAS00268,Gastric,79,M,2,III,205.6,10.9,4.4,5.6,199.0,0,1,Chemo,SD,0,13.4,1
GAS00269,Gastric,49,F,1,III,153.1,14.4,4.1,8.4,333.0,1,0,Chemo,SD,0,11.0,1
GAS00270,Gastric,27,F,0,II,315.5,10.9,4.2,6.0,297.0,0,0,PD-1,SD,1,28.6,1
GAS00271,Gastric,29,M,2,II,362.2,11.6,3.6,6.7,332.0,1,0,Chemo,PD,0,18.3,1
GAS00272,Gastric,29,F,0,III,100.0,11.2,4.1,5.2,280.0,0,1,Target,SD,0,37.1,1
GAS00273,Gastric,75,F,1,III,196.6,8.8,3.6,9.2,193.0,0,1,Chemo,SD,0,19.8,1
GAS00274,Gastric,83,M,2,I,161.1,8.7,4.3,7.6,366.0,0,0,PD-1,CR,0,13.5,1
GAS00275,Gastric,66,M,2,III,565.4,15.9,3.5,6.4,305.0,1,1,Chemo,PD,0,24.9,1
GAS00276,Gastric,33,F,1,I,118.1,10.5,3.7,7.7,293.0,0,0,Chemo,SD,0,19.9,1
GAS00277,Gastric,72,F,0,II,252.9,13.5,4.0,7.2,322.0,0,2,Chemo,PD,0,37.6,1
GAS00278,Gastric,65,M,1,II,274.7,17.3,4.8,7.6,229.0,1,2,PD-1,PR,1,4.1,1
GAS00279,Gastric,62,F,1,IV,188.1,11.2,4.0,8.5,296.0,1,2,Chemo,CR,0,1.3,1
GAS00280,Gastric,61,M,3,III,415.2,12.9,5.0,7.6,241.0,0,1,Chemo,SD,0,57.3,0
GAS00281,Gastric,28,F,2,IV,171.3,12.6,4.7,5.4,191.0,0,0,Chemo,PD,0,34.8,1
GAS00282,Gastric,44,F,2,II,100.0,12.7,3.8,3.5,143.0,0,1,Chemo,SD,0,47.0,1
GAS00283,Gastric,45,M,3,II,437.5,13.0,4.2,8.5,100.0,0,1,Chemo,PR,0,2.3,1
GAS00284,Gastric,74,M,1,IV,138.7,9.6,4.3,5.9,281.0,1,0,PD-1,PR,0,0.5,1
GAS00285,Gastric,72,F,1,III,191.9,9.1,2.5,9.2,191.0,1,3,PD-1,SD,0,56.3,0
GAS00286,Gastric,48,M,1,II,165.1,11.9,3.1,4.1,210.0,0,1,Chemo,SD,0,47.4,1
GAS00287,Gastric,84,F,0,III,102.8,14.8,4.2,5.2,188.0,1,0,Chemo,SD,0,32.5,1
GAS00288,Gastric,31,M,1,III,104.6,13.8,4.3,6.8,128.0,0,3,Chemo,SD,0,22.7,1
GAS00289,Gastric,70,M,1,III,100.0,9.2,4.1,7.2,335.0,0,1,PD-1,PR,0,1.9,1
GAS00290,Gastric,79,M,0,I,247.5,13.2,3.4,8.9,412.0,0,3,Chemo,SD,0,59.6,0
GAS00291,Gastric,73,M,2,II,279.2,12.5,5.2,9.1,106.0,1,0,PD-1,PR,0,1.7,1
GAS00292,Gastric,32,F,0,III,210.4,12.3,4.3,6.9,281.0,0,0,Target,SD,0,15.2,1
GAS00293,Gastric,35,M,1,III,261.3,12.2,4.5,8.5,155.0,0,1,Chemo,SD,0,0.9,1
GAS00294,Gastric,73,F,1,II,167.6,12.6,4.5,3.3,315.0,0,1,Chemo,PD,0,18.7,1
GAS00295,Gastric,70,F,0,II,204.6,11.9,4.1,6.3,363.0,1,2,PD-1,SD,0,13.0,1
GAS00296,Gastric,33,M,2,IV,178.2,10.8,4.0,8.6,312.0,1,1,Chemo,PR,0,46.2,1
GAS00297,Gastric,30,F,0,IV,173.6,11.6,4.5,7.1,176.0,0,0,PD-1,PD,0,0.7,1
GAS00298,Gastric,64,M,1,I,100.0,8.3,3.7,9.9,194.0,0,3,Chemo,PD,0,9.0,1
GAS00299,Gastric,41,F,0,IV,399.5,13.0,4.5,5.1,215.0,1,2,Chemo,PR,0,10.4,1
GAS00300,Gastric,78,F,1,III,152.4,13.0,4.1,8.8,305.0,1,0,Chemo,PD,0,4.6,1
GAS00301,Gastric,37,F,1,III,137.3,15.3,4.3,6.0,232.0,1,1,Chemo,PD,0,42.3,1
GAS00302,Gastric,69,F,0,III,129.4,13.2,4.1,8.0,305.0,1,0,PD-1,PR,0,6.4,1
GAS00303,Gastric,41,F,1,III,143.9,11.6,3.6,5.3,251.0,0,0,PD-1,PR,0,5.3,1
GAS00304,Gastric,75,F,1,III,144.8,13.0,3.9,7.3,245.0,1,2,PD-1,PD,0,5.0,1
GAS00305,Gastric,26,F,1,III,203.9,11.4,4.6,8.7,260.0,1,3,Chemo,CR,0,1.4,1
GAS00306,Gastric,54,M,1,IV,100.0,10.7,4.3,8.6,247.0,1,1,PD-1,SD,1,28.4,1
GAS00307,Gastric,56,M,2,IV,108.2,7.2,4.6,7.2,125.0,0,3,Target,SD,0,21.1,1
GAS00308,Gastric,74,F,1,III,442.5,12.8,4.5,8.6,174.0,1,0,Target,PD,0,6.9,1
GAS00309,Gastric,60,F,2,II,424.5,13.0,3.7,8.3,382.0,1,0,Target,PD,0,25.2,1
GAS00310,Gastric,31,M,1,I,155.0,14.6,3.2,6.4,288.0,1,0,Target,PD,0,25.2,1
GAS00311,Gastric,84,M,0,IV,810.1,14.9,4.4,7.4,394.0,0,2,PD-1,PD,2,9.8,1
GAS00312,Gastric,40,F,0,III,276.0,12.7,3.9,8.8,179.0,0,2,Chemo,PD,0,54.2,0
GAS00313,Gastric,43,F,0,IV,438.4,9.5,4.3,10.7,250.0,0,1,PD-1,PR,3,3.9,1
GAS00314,Gastric,39,M,0,I,191.5,9.6,4.7,8.1,234.0,1,2,Chemo,SD,0,9.9,1
GAS00315,Gastric,79,F,1,I,156.0,12.4,3.8,4.7,166.0,0,2,Chemo,SD,0,3.7,1
GAS00316,Gastric,81,M,0,II,321.0,13.8,3.6,7.8,115.0,0,0,PD-1,PD,0,15.9,1
GAS00317,Gastric,38,M,1,III,354.5,13.9,3.5,10.7,171.0,0,0,Target,SD,0,19.9,1
GAS00318,Gastric,69,M,0,II,154.0,11.1,4.0,5.7,334.0,1,0,Chemo,PD,0,15.6,1
GAS00319,Gastric,76,M,1,III,236.1,7.8,3.3,4.4,212.0,0,1,Chemo,CR,0,2.6,1
GAS00320,Gastric,31,M,1,III,100.0,9.6,4.2,8.0,225.0,1,0,Chemo,SD,0,59.1,0
GAS00321,Gastric,71,F,1,IV,122.7,8.1,4.2,7.1,249.0,0,1,Chemo,PR,0,3.8,1
GAS00322,Gastric,57,M,1,IV,426.9,12.7,4.2,7.2,263.0,1,2,PD-1,PD,1,6.5,1
GAS00323,Gastric,58,F,3,III,131.5,11.5,3.2,6.6,226.0,1,1,PD-1,PD,0,1.6,1
GAS00324,Gastric,48,M,1,IV,175.6,11.4,4.6,5.9,219.0,1,3,Chemo,PR,0,29.4,1
GAS00325,Gastric,59,M,1,II,168.3,13.0,4.1,5.6,282.0,0,1,PD-1,SD,1,13.3,1
GAS00326,Gastric,45,F,1,I,100.0,11.3,3.8,7.6,380.0,0,0,PD-1,CR,0,60.0,0
GAS00327,Gastric,48,F,0,I,171.9,15.8,4.3,8.4,201.0,0,1,PD-1,PD,2,54.9,0
GAS00328,Gastric,61,M,2,I,160.0,11.6,4.3,6.3,128.0,0,0,Target,PR,0,60.0,0
GAS00329,Gastric,40,M,1,IV,104.6,8.5,3.4,9.6,200.0,1,0,PD-1,PD,0,10.3,1
GAS00330,Gastric,84,M,1,III,166.2,6.9,4.0,7.1,242.0,0,0,PD-1,CR,0,1.6,1
GAS00331,Gastric,41,F,0,IV,100.0,13.1,3.7,8.5,103.0,0,1,PD-1,SD,0,3.8,1
GAS00332,Gastric,53,F,0,IV,176.0,13.3,3.8,6.1,258.0,0,3,PD-1,SD,0,2.9,1
GAS00333,Gastric,42,F,0,III,173.4,13.2,4.3,7.3,296.0,1,1,Chemo,SD,0,45.2,1
GAS00334,Gastric,82,F,1,II,592.1,9.4,3.6,7.7,167.0,0,0,Target,PR,0,10.7,1
GAS00335,Gastric,72,F,2,III,112.2,10.2,4.3,6.8,226.0,0,1,Chemo,SD,0,15.0,1
GAS00336,Gastric,35,M,2,III,295.0,15.4,3.5,4.7,304.0,0,2,PD-1,SD,0,34.4,1
GAS00337,Gastric,27,M,1,I,100.0,11.6,4.6,9.5,247.0,0,0,Chemo,PD,0,12.1,1
GAS00338,Gastric,66,M,1,I,794.4,10.8,3.7,6.7,263.0,0,0,PD-1,SD,0,34.2,1
GAS00339,Gastric,42,M,0,IV,229.9,14.8,5.1,3.0,242.0,0,0,PD-1,PR,0,2.8,1
GAS00340,Gastric,40,M,1,IV,209.3,9.9,4.4,6.1,257.0,0,3,Chemo,CR,0,60.0,0
GAS00341,Gastric,65,F,1,II,261.8,11.2,3.9,10.2,376.0,0,1,PD-1,CR,0,5.3,1
GAS00342,Gastric,77,F,1,III,188.4,14.5,3.5,9.4,296.0,1,1,PD-1,SD,0,10.3,1
GAS00343,Gastric,25,M,1,II,141.4,14.7,4.3,7.6,100.0,1,0,Chemo,SD,0,60.0,0
GAS00344,Gastric,67,F,1,IV,103.3,14.7,4.5,8.7,263.0,0,0,PD-1,CR,0,18.3,1
GAS00345,Gastric,67,F,2,III,204.7,13.5,4.3,9.8,391.0,0,0,PD-1,PR,0,0.8,1
GAS00346,Gastric,51,F,2,IV,384.6,16.0,3.7,7.2,254.0,0,0,PD-1,PR,0,4.3,1
GAS00347,Gastric,55,M,1,IV,100.0,13.9,4.7,9.1,105.0,0,0,PD-1,SD,0,11.9,1
GAS00348,Gastric,69,M,2,III,684.2,12.7,4.1,5.4,168.0,0,1,Target,PD,0,32.6,1
GAS00349,Gastric,52,M,2,IV,108.1,12.0,3.7,4.9,242.0,0,1,Chemo,PR,0,7.6,1
GAS00350,Gastric,64,F,1,I,218.2,11.4,5.1,7.0,187.0,0,0,PD-1,PR,0,27.1,1
GAS00351,Gastric,75,M,1,III,117.4,9.5,4.3,8.5,380.0,0,1,PD-1,PD,1,16.4,1
GAS00352,Gastric,51,M,1,III,175.1,7.6,4.2,9.5,165.0,1,2,Chemo,PR,0,1.8,1
GAS00353,Gastric,33,F,1,III,220.6,13.9,3.8,6.8,246.0,0,0,Chemo,PR,0,5.0,1
GAS00354,Gastric,81,M,2,III,162.9,11.8,4.0,5.3,250.0,0,0,PD-1,PR,0,23.5,1
GAS00355,Gastric,84,M,0,IV,201.8,10.3,3.6,11.3,374.0,1,0,Chemo,SD,0,20.0,1
GAS00356,Gastric,62,F,0,III,193.6,16.1,4.1,6.6,243.0,1,3,Target,SD,0,19.3,1
GAS00357,Gastric,60,F,1,I,254.2,14.4,4.3,5.0,341.0,0,0,Chemo,PD,0,1.6,1
GAS00358,Gastric,84,M,0,IV,244.0,11.7,3.0,8.2,230.0,0,0,Chemo,PR,0,4.5,1
GAS00359,Gastric,84,M,0,IV,100.0,13.1,3.4,13.7,240.0,0,0,Chemo,SD,0,41.7,1
GAS00360,Gastric,65,F,3,III,148.3,11.9,3.5,7.2,220.0,0,0,Chemo,PD,0,0.7,1
GAS00361,Gastric,51,M,0,II,404.7,11.3,3.2,7.2,111.0,1,1,PD-1,CR,0,29.3,1
GAS00362,Gastric,81,M,0,IV,300.9,14.5,3.6,8.5,331.0,0,3,Chemo,CR,0,11.8,1
GAS00363,Gastric,71,F,0,I,100.0,12.5,4.7,8.9,308.0,1,2,Chemo,SD,0,36.0,1
GAS00364,Gastric,74,F,1,III,145.0,9.5,4.6,4.7,249.0,1,0,Target,PD,0,35.4,1
GAS00365,Gastric,50,F,1,IV,158.1,12.7,3.7,10.0,213.0,0,1,PD-1,SD,0,3.9,1
GAS00366,Gastric,78,M,1,III,156.5,13.3,4.3,6.8,152.0,0,1,Target,SD,0,8.2,1
GAS00367,Gastric,51,F,0,IV,164.5,15.4,3.4,7.1,207.0,0,0,Chemo,CR,0,7.8,1
GAS00368,Gastric,28,M,1,IV,133.5,12.6,5.0,4.7,247.0,1,1,PD-1,PD,0,30.2,1
GAS00369,Gastric,75,M,1,IV,101.4,12.1,3.9,6.4,275.0,0,0,Chemo,PR,0,18.3,1
GAS00370,Gastric,82,M,0,IV,649.5,13.0,3.0,9.8,287.0,1,0,PD-1,SD,0,4.5,1
GAS00371,Gastric,72,M,2,II,202.2,9.9,5.1,9.3,177.0,1,0,PD-1,PR,1,1.8,1
GAS00372,Gastric,62,M,1,IV,159.2,17.4,3.9,7.9,180.0,0,0,Chemo,CR,0,14.8,1
GAS00373,Gastric,83,M,1,III,284.6,15.9,5.0,3.0,244.0,0,2,Chemo,SD,0,12.0,1
GAS00374,Gastric,36,M,2,I,100.0,13.9,4.5,5.6,223.0,0,0,PD-1,SD,0,60.0,0
GAS00375,Gastric,71,F,0,III,251.7,12.6,4.1,7.9,304.0,0,1,Target,PD,0,55.3,0
GAS00376,Gastric,39,F,2,III,100.0,9.2,3.1,6.1,138.0,0,0,PD-1,SD,2,12.4,1
GAS00377,Gastric,71,M,0,III,225.3,12.1,4.1,8.3,296.0,0,0,Chemo,PD,0,11.9,1
GAS00378,Gastric,72,F,0,IV,108.0,13.0,3.2,8.6,255.0,0,0,PD-1,PR,0,32.3,1
GAS00379,Gastric,54,M,1,III,276.0,9.9,3.8,9.8,201.0,0,0,PD-1,PD,0,17.4,1
GAS00380,Gastric,38,F,0,III,892.9,10.9,4.1,3.4,276.0,0,2,Target,SD,0,33.3,1
GAS00381,Gastric,32,M,1,IV,198.8,11.0,4.7,6.3,297.0,1,3,Target,PR,0,14.8,1
GAS00382,Gastric,81,F,0,III,100.0,10.7,3.7,5.5,100.0,0,1,Chemo,SD,0,7.9,1
GAS00383,Gastric,52,F,1,IV,122.7,15.4,5.1,5.9,406.0,0,2,Target,PD,0,0.7,1
GAS00384,Gastric,81,F,2,IV,222.7,11.7,3.2,6.8,247.0,1,1,Chemo,PR,0,0.9,1
GAS00385,Gastric,55,F,0,IV,387.9,14.7,3.6,7.5,287.0,0,1,Chemo,PD,0,5.5,1
GAS00386,Gastric,26,M,1,III,100.0,11.0,4.1,8.3,285.0,0,1,PD-1,CR,1,0.4,1
GAS00387,Gastric,39,M,1,IV,557.7,11.3,2.8,5.5,263.0,1,2,PD-1,PD,0,6.0,1
GAS00388,Gastric,64,M,0,IV,265.0,12.1,3.4,6.4,208.0,0,3,Chemo,SD,0,12.9,1
GAS00389,Gastric,67,F,0,IV,180.1,12.4,4.2,7.3,257.0,0,1,Chemo,PD,0,8.1,1
GAS00390,Gastric,72,M,1,IV,304.4,9.9,4.5,7.1,250.0,0,2,PD-1,CR,0,0.3,1
GAS00391,Gastric,32,M,0,IV,100.0,12.7,3.5,5.9,273.0,1,1,Target,SD,0,10.7,1
GAS00392,Gastric,29,F,0,II,104.8,9.8,3.7,5.8,372.0,1,2,Chemo,SD,0,11.3,1
GAS00393,Gastric,76,M,3,IV,100.0,15.7,4.3,6.6,226.0,1,1,Chemo,CR,0,25.7,1
GAS00394,Gastric,81,M,0,III,695.6,10.9,3.1,4.0,177.0,1,2,PD-1,PR,1,11.0,1
GAS00395,Gastric,28,M,2,IV,182.7,13.7,3.9,4.4,254.0,0,1,Chemo,PR,0,0.4,1
GAS00396,Gastric,36,F,2,II,202.3,10.9,3.9,6.6,191.0,1,1,Chemo,SD,0,16.8,1
GAS00397,Gastric,34,M,0,I,357.6,14.5,4.9,7.1,161.0,0,0,Chemo,PR,0,60.0,0
GAS00398,Gastric,28,M,1,I,100.0,11.1,4.3,9.3,191.0,1,0,Chemo,PD,0,19.2,1
GAS00399,Gastric,75,F,2,II,111.2,11.9,4.0,3.8,138.0,1,1,Chemo,PD,0,60.0,0
GAS00400,Gastric,34,F,1,II,224.1,11.5,4.4,7.9,147.0,1,1,Chemo,SD,0,17.3,1
GAS00401,Gastric,53,M,2,III,498.7,11.4,4.1,9.8,367.0,1,2,PD-1,PR,2,16.1,1
GAS00402,Gastric,52,F,1,III,308.7,9.1,3.5,7.6,334.0,0,0,Chemo,PD,0,53.6,0
GAS00403,Gastric,53,F,1,IV,224.5,10.5,4.4,5.6,247.0,0,3,Chemo,SD,0,14.2,1
GAS00404,Gastric,43,F,0,II,211.7,12.7,4.4,6.3,163.0,1,1,Chemo,SD,0,60.0,0
GAS00405,Gastric,75,M,2,IV,356.2,13.1,3.8,10.6,100.0,1,0,Chemo,PD,0,2.8,1
GAS00406,Gastric,67,M,1,IV,101.6,9.7,4.1,9.2,227.0,0,1,Chemo,SD,0,16.5,1
GAS00407,Gastric,79,M,0,II,216.9,10.7,5.0,5.7,302.0,0,0,Target,PD,0,12.4,1
GAS00408,Gastric,37,M,1,III,240.3,11.8,4.1,5.5,240.0,0,0,PD-1,SD,1,16.1,1
GAS00409,Gastric,77,M,0,IV,154.7,12.2,3.9,7.8,325.0,1,3,Chemo,PD,0,8.7,1
GAS00410,Gastric,81,F,1,IV,167.5,12.8,3.5,7.9,216.0,0,2,Chemo,PD,0,60.0,0
GAS00411,Gastric,58,M,0,III,100.0,14.1,3.6,9.8,227.0,0,0,Chemo,PR,0,5.1,1
GAS00412,Gastric,70,F,2,IV,130.3,12.7,4.0,6.6,293.0,0,0,PD-1,PD,0,3.7,1
GAS00413,Gastric,44,F,1,II,100.0,10.0,3.7,4.0,143.0,0,1,Chemo,PD,0,23.7,1
GAS00414,Gastric,42,F,0,III,271.4,13.4,4.3,6.5,266.0,1,2,PD-1,CR,0,16.6,1
GAS00415,Gastric,83,M,1,IV,195.3,14.0,3.8,6.0,262.0,0,1,Chemo,PD,0,1.6,1
GAS00416,Gastric,72,F,2,IV,167.3,8.8,5.4,3.0,231.0,1,1,PD-1,PD,0,8.5,1
GAS00417,Gastric,80,F,0,III,211.7,12.9,4.1,6.4,357.0,0,3,PD-1,PR,0,7.7,1
GAS00418,Gastric,60,F,0,III,217.2,14.6,3.2,8.9,305.0,0,2,Chemo,SD,0,45.5,1
GAS00419,Gastric,25,F,0,IV,147.4,10.7,4.1,8.5,123.0,0,1,PD-1,SD,0,8.9,1
GAS00420,Gastric,50,F,1,III,100.0,13.4,3.8,6.4,219.0,1,1,Target,CR,0,6.3,1
GAS00421,Gastric,27,M,1,IV,244.4,10.6,4.4,6.1,194.0,0,0,PD-1,PD,1,10.9,1
GAS00422,Gastric,68,M,1,IV,100.1,11.4,4.0,6.0,241.0,1,3,PD-1,PD,0,19.3,1
GAS00423,Gastric,79,F,3,II,223.7,10.2,4.2,5.9,171.0,0,0,PD-1,SD,0,6.8,1
GAS00424,Gastric,84,F,0,II,397.9,13.2,5.4,8.6,166.0,1,1,Target,SD,0,14.6,1
GAS00425,Gastric,27,M,2,III,525.1,13.5,3.9,9.7,237.0,1,1,Chemo,PD,0,16.0,1
GAS00426,Gastric,45,M,0,I,227.7,12.8,4.4,8.5,256.0,0,0,PD-1,PR,0,2.8,1
GAS00427,Gastric,42,M,0,III,150.6,13.2,4.6,5.5,184.0,0,0,PD-1,SD,0,9.1,1
GAS00428,Gastric,55,F,0,IV,136.4,13.4,4.2,5.4,175.0,0,1,Chemo,PR,0,26.5,1
GAS00429,Gastric,80,M,2,III,222.1,14.7,3.2,9.9,123.0,0,3,Target,PD,0,6.1,1
GAS00430,Gastric,60,M,1,IV,100.0,10.8,4.4,7.2,275.0,0,2,Target,PD,0,4.7,1
GAS00431,Gastric,73,F,0,IV,111.9,6.9,3.0,5.5,219.0,0,1,Target,PR,0,14.3,1
GAS00432,Gastric,68,M,1,II,114.7,11.2,4.9,7.2,202.0,0,0,PD-1,PD,0,10.4,1
GAS00433,Gastric,76,F,1,III,231.9,11.2,3.3,4.3,317.0,0,3,Target,SD,0,8.7,1
GAS00434,Gastric,55,M,1,I,175.3,13.6,5.0,4.6,100.0,1,1,Chemo,PD,0,60.0,0
GAS00435,Gastric,32,M,3,II,198.8,7.5,4.0,5.8,292.0,1,0,Chemo,PD,0,32.6,1
GAS00436,Gastric,49,F,0,IV,168.3,12.5,4.4,8.8,364.0,0,0,Chemo,PD,0,16.9,1
GAS00437,Gastric,73,M,1,IV,158.9,14.7,4.3,6.4,100.0,0,3,PD-1,PD,0,18.3,1
GAS00438,Gastric,70,M,1,IV,217.7,12.0,4.5,8.4,100.0,0,2,PD-1,PR,0,6.4,1
GAS00439,Gastric,78,M,1,III,275.5,13.1,3.0,7.4,134.0,0,0,Chemo,SD,0,2.0,1
GAS00440,Gastric,44,F,3,IV,344.0,10.6,3.7,4.2,154.0,1,0,Chemo,SD,0,0.0,1
GAS00441,Gastric,35,F,0,III,178.4,13.4,4.2,10.1,330.0,0,3,PD-1,PR,0,15.4,1
GAS00442,Gastric,64,F,3,III,340.8,11.8,4.0,4.6,228.0,0,0,PD-1,SD,1,8.8,1
GAS00443,Gastric,25,M,2,III,470.7,10.9,3.8,5.8,412.0,0,1,Chemo,PD,0,6.4,1
GAS00444,Gastric,45,F,2,III,125.8,12.1,4.1,6.1,220.0,0,1,PD-1,SD,0,8.0,1
GAS00445,Gastric,41,M,0,IV,291.5,13.7,3.9,8.6,227.0,0,0,Chemo,PD,0,16.3,1
GAS00446,Gastric,76,F,2,IV,128.8,11.8,5.1,5.8,356.0,0,0,Chemo,PR,0,41.0,1
GAS00447,Gastric,52,M,2,IV,378.8,11.7,4.7,5.3,100.0,0,3,Chemo,PD,0,4.9,1
GAS00448,Gastric,42,M,1,I,202.9,11.9,4.7,8.7,259.0,0,1,Chemo,PD,0,60.0,0
GAS00449,Gastric,53,M,0,IV,143.2,12.5,4.9,6.4,294.0,0,0,Chemo,PD,0,1.2,1
GAS00450,Gastric,34,M,1,IV,105.1,12.4,4.2,8.3,339.0,0,2,Target,PD,0,9.0,1
REN00001,Renal,84,F,0,IV,183.4,14.5,4.2,4.8,164.0,0,0,PD-1,PD,0,9.4,1
REN00002,Renal,64,F,0,III,577.5,14.5,3.9,6.1,326.0,0,0,Chemo,PD,0,60.0,0
REN00003,Renal,30,F,0,III,223.4,9.6,3.6,7.7,301.0,0,0,PD-1,SD,0,60.0,0
REN00004,Renal,83,M,0,III,213.8,14.3,4.3,11.1,230.0,1,0,PD-1,CR,0,5.5,1
REN00005,Renal,73,M,3,III,128.3,13.9,4.4,6.5,326.0,0,0,PD-1,SD,0,16.2,1
REN00006,Renal,61,F,1,IV,217.4,12.6,4.4,7.3,117.0,1,0,PD-1,CR,0,5.1,1
REN00007,Renal,83,F,1,I,135.2,12.6,3.9,4.1,263.0,0,1,PD-1,SD,0,21.9,1
REN00008,Renal,46,F,0,I,136.0,13.1,3.6,5.9,205.0,0,1,PD-1,PD,0,43.5,1
REN00009,Renal,28,F,1,III,1214.9,9.4,3.9,3.0,166.0,0,0,PD-1,SD,0,14.3,1
REN00010,Renal,28,F,0,II,457.4,16.6,3.6,11.6,131.0,0,1,PD-1,SD,0,0.6,1
REN00011,Renal,43,F,0,IV,107.6,7.7,2.7,3.2,301.0,0,2,PD-1,PR,2,0.6,1
REN00012,Renal,53,F,1,III,267.6,9.1,3.9,6.0,291.0,1,0,PD-1,CR,0,7.7,1
REN00013,Renal,82,M,2,II,213.2,14.1,2.9,6.7,346.0,1,3,PD-1,PD,0,22.9,1
REN00014,Renal,82,M,1,III,121.8,13.8,3.6,10.5,303.0,0,0,PD-1,PR,1,32.7,1
REN00015,Renal,78,M,1,II,633.1,15.4,3.7,7.4,226.0,1,0,PD-1,PR,0,19.6,1
REN00016,Renal,52,M,1,II,160.7,12.2,4.8,4.2,467.0,0,0,PD-1,SD,1,2.5,1
REN00017,Renal,65,M,0,III,416.1,10.2,3.4,6.4,331.0,1,0,PD-1,PD,0,23.4,1
REN00018,Renal,37,M,2,IV,122.1,12.1,4.1,7.1,158.0,0,1,PD-1,PR,0,42.0,1
REN00019,Renal,63,F,2,III,350.7,13.7,3.8,5.7,240.0,0,0,PD-1,SD,0,26.8,1
REN00020,Renal,81,M,1,III,404.0,10.6,4.2,5.5,268.0,0,2,Target,SD,0,60.0,0
REN00021,Renal,52,F,0,IV,101.3,9.9,3.7,5.4,229.0,1,1,PD-1,SD,0,0.1,1
REN00022,Renal,54,M,1,I,148.9,12.1,3.2,5.4,414.0,0,1,PD-1,PR,0,4.2,1
REN00023,Renal,46,F,0,III,172.1,10.6,4.1,5.1,227.0,0,1,PD-1,SD,0,1.1,1
REN00024,Renal,74,M,2,III,483.3,11.7,4.0,5.2,219.0,1,1,PD-1,CR,1,1.6,1
REN00025,Renal,78,M,0,IV,460.3,10.8,4.1,6.3,309.0,0,0,PD-1,PD,0,3.2,1
REN00026,Renal,47,F,0,II,143.0,13.2,3.9,8.5,260.0,0,0,PD-1,SD,1,2.2,1
REN00027,Renal,42,F,2,III,144.0,11.1,3.8,4.4,232.0,0,0,Chemo,PD,0,2.4,1
REN00028,Renal,41,M,1,III,210.0,11.0,4.4,5.3,423.0,0,0,PD-1,SD,1,7.2,1
REN00029,Renal,78,F,2,III,100.0,13.4,4.4,7.1,373.0,0,0,PD-1,PR,1,31.2,1
REN00030,Renal,55,F,1,III,388.9,9.8,3.6,8.0,137.0,0,1,PD-1,SD,0,8.6,1
REN00031,Renal,52,M,0,IV,108.0,10.2,3.9,9.9,400.0,1,1,PD-1,SD,0,34.5,1
REN00032,Renal,32,M,0,III,192.2,12.7,3.4,8.4,236.0,0,0,Chemo,SD,0,0.2,1
REN00033,Renal,56,F,2,I,420.2,10.3,4.3,7.3,341.0,0,0,PD-1,SD,1,6.6,1
REN00034,Renal,67,M,2,I,236.8,14.6,4.2,6.9,409.0,0,0,PD-1,PR,2,0.4,1
REN00035,Renal,30,M,0,IV,142.8,9.9,4.7,6.7,315.0,0,0,Chemo,PD,0,7.3,1
REN00036,Renal,32,F,0,IV,100.0,11.8,4.4,4.6,433.0,0,1,PD-1,PD,1,26.5,1
REN00037,Renal,78,M,2,IV,175.4,10.3,4.1,7.7,318.0,1,0,PD-1,PR,0,4.4,1
REN00038,Renal,46,M,3,IV,152.4,14.9,5.3,6.1,300.0,0,0,Chemo,PD,0,21.7,1
REN00039,Renal,64,F,2,IV,875.5,9.9,4.2,7.3,331.0,1,0,PD-1,CR,0,6.6,1
REN00040,Renal,75,M,1,IV,111.8,15.8,4.3,5.1,151.0,0,0,Chemo,SD,0,34.9,1
REN00041,Renal,71,F,2,IV,131.7,12.2,3.1,6.8,234.0,0,0,PD-1,SD,0,28.7,1
REN00042,Renal,55,M,0,II,100.0,11.6,4.4,5.1,164.0,0,0,PD-1,SD,4,48.3,0
REN00043,Renal,75,F,0,IV,155.2,7.8,5.2,8.0,236.0,0,1,Chemo,PD,0,13.7,1
REN00044,Renal,30,M,0,III,248.0,15.3,4.1,6.4,286.0,0,0,PD-1,SD,0,23.0,1
REN00045,Renal,28,M,3,II,102.7,13.0,4.4,7.3,238.0,1,2,PD-1,CR,0,16.9,1
REN00046,Renal,79,M,2,II,224.0,9.6,4.6,6.1,238.0,1,1,PD-1,PR,3,21.5,1
REN00047,Renal,83,M,0,IV,100.0,11.0,4.9,8.3,141.0,1,0,PD-1,CR,0,24.2,1
REN00048,Renal,31,F,1,II,317.2,8.7,4.3,7.7,208.0,1,0,PD-1,PD,0,10.9,1
REN00049,Renal,81,M,0,I,137.8,10.4,3.2,5.3,383.0,0,0,PD-1,SD,1,29.5,1
REN00050,Renal,58,M,2,III,149.0,11.8,4.1,5.1,205.0,0,0,PD-1,PD,1,0.9,1
REN00051,Renal,51,M,0,IV,421.6,15.3,4.4,8.7,222.0,0,0,Target,SD,0,11.5,1
REN00052,Renal,26,F,2,III,139.5,17.0,4.3,3.0,269.0,0,1,PD-1,PR,0,10.0,1
REN00053,Renal,78,M,0,IV,230.0,13.1,3.9,9.7,280.0,0,0,PD-1,SD,0,31.6,1
REN00054,Renal,38,M,1,IV,276.9,8.9,3.8,5.5,239.0,0,2,PD-1,SD,0,8.2,1
REN00055,Renal,65,F,0,IV,395.7,16.7,3.8,8.2,138.0,1,3,PD-1,SD,1,4.3,1
REN00056,Renal,53,F,0,III,220.7,8.5,3.9,7.7,293.0,0,1,PD-1,SD,1,28.7,1
REN00057,Renal,63,F,1,IV,149.9,13.7,4.1,6.2,404.0,0,2,PD-1,SD,0,0.6,1
REN00058,Renal,46,M,1,II,132.5,12.1,4.3,7.6,397.0,0,0,PD-1,SD,0,11.6,1
REN00059,Renal,29,M,0,I,219.0,14.5,4.2,7.1,193.0,1,1,PD-1,PR,0,1.0,1
REN00060,Renal,80,M,1,III,115.0,10.5,3.8,8.5,282.0,1,0,PD-1,PD,1,4.7,1
REN00061,Renal,68,F,1,I,250.7,14.1,3.4,5.4,452.0,0,3,Chemo,PD,0,10.8,1
REN00062,Renal,42,M,0,III,204.5,14.9,4.2,8.3,250.0,1,1,PD-1,SD,0,21.2,1
REN00063,Renal,84,M,1,II,100.0,12.8,3.9,3.1,270.0,0,0,PD-1,PD,0,3.0,1
REN00064,Renal,75,M,1,II,100.0,12.0,4.8,8.1,131.0,0,2,PD-1,PR,0,13.2,1
REN00065,Renal,40,F,0,IV,190.5,14.0,4.5,7.0,333.0,1,0,Chemo,PD,0,23.0,1
REN00066,Renal,68,F,1,IV,152.6,14.7,4.2,7.9,272.0,0,0,PD-1,PR,1,20.7,1
REN00067,Renal,30,M,2,IV,295.7,11.1,3.6,8.2,179.0,1,2,Chemo,SD,0,6.4,1
REN00068,Renal,25,M,2,III,104.5,10.7,3.3,9.9,305.0,1,0,Target,PD,0,3.2,1
REN00069,Renal,36,M,0,III,281.2,10.7,4.0,7.2,328.0,0,1,Target,SD,0,1.0,1
REN00070,Renal,48,M,1,III,286.0,7.5,4.1,5.2,195.0,0,0,PD-1,PD,0,0.7,1
REN00071,Renal,35,F,2,III,100.0,13.9,3.1,10.6,117.0,1,0,PD-1,PR,0,1.0,1
REN00072,Renal,67,F,0,III,158.6,12.0,4.2,7.7,261.0,1,1,Chemo,PD,0,3.0,1
REN00073,Renal,65,F,1,II,411.5,11.4,4.0,8.7,305.0,1,3,PD-1,PR,0,34.4,1
REN00074,Renal,58,F,0,II,230.5,11.1,2.7,6.2,271.0,0,0,PD-1,PD,0,29.3,1
REN00075,Renal,53,M,0,III,170.9,12.9,3.6,6.2,343.0,0,0,PD-1,PR,0,60.0,0
REN00076,Renal,56,F,1,III,303.4,10.7,3.6,7.2,113.0,0,1,PD-1,PD,1,5.8,1
REN00077,Renal,81,F,0,IV,135.0,13.8,3.4,8.1,169.0,0,1,PD-1,SD,1,41.9,1
REN00078,Renal,45,M,0,IV,148.9,11.2,4.2,7.5,268.0,0,1,Chemo,SD,0,3.0,1
REN00079,Renal,64,F,0,III,200.6,9.7,4.9,5.0,125.0,0,2,Chemo,CR,0,19.3,1
REN00080,Renal,57,F,0,III,425.2,13.2,4.2,10.0,189.0,0,2,PD-1,PD,1,1.4,1
REN00081,Renal,57,F,1,IV,104.3,10.3,4.3,4.6,208.0,0,1,PD-1,PD,0,1.4,1
REN00082,Renal,52,M,2,IV,240.4,11.9,3.6,7.7,331.0,0,0,PD-1,SD,0,10.3,1
REN00083,Renal,68,M,0,II,142.6,13.9,4.3,7.0,355.0,1,0,PD-1,PD,1,32.2,1
REN00084,Renal,60,F,1,II,382.1,12.1,3.9,12.1,308.0,1,1,PD-1,PD,0,3.6,1
REN00085,Renal,25,M,0,I,287.0,12.2,4.0,6.1,400.0,1,3,PD-1,SD,1,4.8,1
REN00086,Renal,36,F,0,IV,173.1,11.1,3.7,4.5,362.0,1,1,Chemo,SD,0,4.8,1
REN00087,Renal,70,F,2,III,259.4,12.3,3.2,8.3,313.0,0,1,PD-1,SD,2,4.8,1
REN00088,Renal,57,F,1,III,128.3,10.8,4.5,6.0,311.0,0,1,PD-1,PR,0,6.4,1
REN00089,Renal,68,M,0,IV,123.9,13.1,4.1,9.1,203.0,0,0,PD-1,SD,0,6.0,1
REN00090,Renal,29,M,1,IV,823.9,11.3,3.9,8.8,138.0,0,0,PD-1,PD,0,1.4,1
REN00091,Renal,26,F,0,III,144.9,11.6,4.9,8.4,193.0,1,0,PD-1,PR,0,7.9,1
REN00092,Renal,60,M,2,II,201.7,10.0,3.5,5.4,317.0,0,3,PD-1,PD,2,15.9,1
REN00093,Renal,48,F,0,IV,143.2,13.0,4.3,8.7,225.0,1,2,PD-1,PD,0,0.2,1
REN00094,Renal,67,F,2,III,100.0,10.9,5.0,11.6,299.0,1,1,PD-1,PD,0,22.9,1
REN00095,Renal,78,M,0,IV,100.0,9.8,4.2,6.2,104.0,0,0,PD-1,SD,2,18.8,1
REN00096,Renal,74,M,1,II,222.1,11.0,3.4,6.6,292.0,0,1,PD-1,SD,0,9.0,1
REN00097,Renal,75,F,2,IV,100.0,13.6,4.5,6.7,182.0,1,0,PD-1,PD,2,1.1,1
REN00098,Renal,74,M,0,III,118.3,13.2,3.7,6.4,192.0,0,1,Chemo,CR,0,2.0,1
REN00099,Renal,76,M,0,II,268.1,7.5,3.7,7.3,383.0,0,1,Target,PD,0,16.5,1
REN00100,Renal,71,F,1,III,207.7,10.6,3.5,7.0,422.0,0,0,PD-1,SD,0,7.2,1
REN00101,Renal,45,F,0,IV,141.5,14.9,4.8,6.9,164.0,0,0,PD-1,SD,2,12.4,1
REN00102,Renal,84,F,1,III,138.9,14.5,3.8,5.2,232.0,1,1,PD-1,PD,0,1.1,1
REN00103,Renal,54,M,1,II,100.0,9.5,3.5,9.4,240.0,0,1,PD-1,PR,0,35.1,1
REN00104,Renal,39,F,0,III,690.6,13.8,4.6,7.7,309.0,1,0,PD-1,PD,0,15.5,1
REN00105,Renal,33,M,1,IV,100.5,9.1,3.2,8.9,212.0,1,2,PD-1,SD,0,4.9,1
REN00106,Renal,79,M,0,II,332.4,10.3,4.0,8.2,186.0,1,2,PD-1,SD,0,31.4,1
REN00107,Renal,56,F,2,I,100.0,9.9,3.7,3.0,273.0,1,1,PD-1,SD,0,24.5,1
REN00108,Renal,32,M,0,I,306.5,13.5,4.3,8.8,256.0,0,1,PD-1,PR,1,21.5,1
REN00109,Renal,47,M,2,II,325.8,12.1,3.8,8.6,319.0,0,0,PD-1,SD,1,0.6,1
REN00110,Renal,51,F,0,I,103.6,13.0,3.3,7.5,195.0,0,3,PD-1,PD,1,19.3,1
REN00111,Renal,66,F,1,III,125.2,8.1,4.1,11.3,234.0,1,0,PD-1,CR,1,22.3,1
REN00112,Renal,32,F,0,IV,344.1,13.8,3.8,9.1,312.0,1,0,PD-1,PR,0,0.4,1
REN00113,Renal,53,M,0,IV,100.0,15.3,4.4,9.0,245.0,0,1,PD-1,PD,0,12.6,1
REN00114,Renal,35,M,0,IV,235.6,12.5,4.0,3.6,116.0,0,0,PD-1,SD,0,8.3,1
REN00115,Renal,45,M,1,II,120.8,16.0,5.1,9.7,380.0,0,3,Target,PD,0,27.8,1
REN00116,Renal,75,F,1,IV,311.2,13.7,3.7,8.4,243.0,0,1,PD-1,PR,0,11.6,1
REN00117,Renal,68,M,0,III,554.2,15.6,4.6,4.3,245.0,0,0,Chemo,PD,0,3.0,1
REN00118,Renal,63,M,3,IV,100.0,11.5,3.8,7.6,452.0,1,3,PD-1,PD,1,9.7,1
REN00119,Renal,54,F,0,III,258.1,12.6,3.9,3.6,419.0,0,1,PD-1,SD,1,7.7,1
REN00120,Renal,57,F,2,II,326.0,10.6,4.4,8.4,326.0,0,1,PD-1,PR,1,8.1,1
REN00121,Renal,27,M,1,IV,100.0,9.1,3.5,7.4,163.0,0,0,PD-1,CR,2,11.6,1
REN00122,Renal,79,F,0,II,331.2,10.4,4.6,5.8,360.0,0,2,Chemo,SD,0,7.5,1
REN00123,Renal,37,M,0,IV,223.7,12.6,4.3,8.4,108.0,0,0,Chemo,PD,0,4.3,1
REN00124,Renal,60,F,1,IV,266.3,9.5,4.4,5.5,261.0,0,0,PD-1,PR,0,1.7,1
REN00125,Renal,47,F,0,IV,100.0,12.2,4.5,7.2,213.0,0,1,Chemo,SD,0,10.3,1
REN00126,Renal,50,M,2,IV,283.3,7.6,4.3,9.2,194.0,0,3,PD-1,SD,4,15.7,1
REN00127,Renal,34,M,3,I,162.4,11.3,4.3,6.3,269.0,0,0,PD-1,PR,0,3.2,1
REN00128,Renal,62,M,0,III,100.0,12.5,4.7,5.1,299.0,1,0,PD-1,PR,2,7.8,1
REN00129,Renal,60,F,0,IV,276.1,10.6,4.0,9.2,313.0,1,1,PD-1,SD,0,6.3,1
REN00130,Renal,47,M,0,II,294.9,11.4,3.9,7.2,243.0,0,2,Chemo,PD,0,60.0,0
REN00131,Renal,32,F,1,IV,173.1,12.0,4.2,11.0,233.0,0,1,PD-1,SD,0,10.7,1
REN00132,Renal,38,F,0,IV,225.4,11.2,4.1,8.0,318.0,1,2,Chemo,PD,0,2.8,1
REN00133,Renal,48,M,3,II,164.5,12.6,4.5,8.5,320.0,0,0,PD-1,SD,0,23.0,1
REN00134,Renal,79,F,2,II,100.0,8.6,4.9,7.7,261.0,0,0,Target,PD,0,51.9,0
REN00135,Renal,42,F,3,IV,166.2,9.6,3.5,8.1,181.0,1,1,Chemo,PD,0,13.1,1
REN00136,Renal,64,M,0,I,372.4,9.9,4.0,8.2,115.0,0,0,PD-1,PD,0,2.6,1
REN00137,Renal,61,M,0,II,375.6,11.6,3.5,8.4,303.0,0,0,PD-1,SD,0,24.8,1
REN00138,Renal,70,M,1,III,110.5,15.6,3.9,4.8,328.0,1,0,PD-1,PD,0,2.6,1
REN00139,Renal,49,F,1,IV,209.3,13.2,3.9,5.3,234.0,1,0,PD-1,CR,1,4.7,1
REN00140,Renal,78,M,1,IV,189.8,8.6,3.8,8.3,280.0,1,1,PD-1,PR,2,2.3,1
REN00141,Renal,71,F,2,III,243.8,12.4,4.5,7.2,356.0,0,1,PD-1,PD,0,28.8,1
REN00142,Renal,44,M,1,IV,187.0,10.9,4.2,5.5,411.0,1,1,PD-1,PD,3,10.6,1
REN00143,Renal,49,M,0,III,279.6,11.1,3.7,7.6,218.0,0,0,PD-1,PD,1,3.9,1
REN00144,Renal,41,F,0,IV,141.4,10.5,4.5,10.2,243.0,0,1,PD-1,PD,0,0.2,1
REN00145,Renal,28,M,1,II,351.4,11.4,3.9,7.4,286.0,0,3,PD-1,SD,0,14.2,1
REN00146,Renal,83,F,1,III,131.8,8.4,3.7,7.8,153.0,0,1,PD-1,PD,3,8.4,1
REN00147,Renal,45,M,1,IV,203.5,11.8,3.5,7.9,100.0,1,1,Chemo,SD,0,17.2,1
REN00148,Renal,44,F,0,III,270.3,12.6,3.3,5.8,143.0,0,0,PD-1,PD,1,55.9,0
REN00149,Renal,69,F,2,II,206.5,10.4,3.8,6.9,228.0,0,0,PD-1,SD,0,14.8,1
REN00150,Renal,71,F,2,III,100.0,10.9,4.0,3.0,192.0,0,0,PD-1,PR,0,13.9,1
REN00151,Renal,65,M,0,III,216.9,9.6,4.5,5.1,185.0,0,1,PD-1,PD,1,2.5,1
REN00152,Renal,41,M,0,II,274.1,11.2,3.0,6.8,254.0,0,1,PD-1,PR,0,12.9,1
REN00153,Renal,59,M,1,IV,216.8,12.2,4.9,4.6,249.0,0,2,PD-1,PR,0,9.9,1
REN00154,Renal,65,F,1,IV,318.9,11.6,3.6,7.0,190.0,1,1,Target,PR,0,23.5,1
REN00155,Renal,84,M,0,III,366.2,13.3,3.8,6.4,121.0,1,3,Chemo,CR,0,0.6,1
REN00156,Renal,47,M,1,IV,119.5,13.9,3.8,9.6,283.0,0,0,PD-1,PD,0,18.4,1
REN00157,Renal,45,F,0,II,100.0,10.8,3.7,11.0,334.0,1,2,Chemo,SD,0,5.0,1
REN00158,Renal,67,M,1,IV,100.0,11.5,3.8,6.9,201.0,0,1,Target,PD,0,6.2,1
REN00159,Renal,78,M,0,II,189.2,9.8,3.9,7.8,219.0,0,0,PD-1,SD,1,60.0,0
REN00160,Renal,76,F,0,II,261.8,11.0,3.9,9.4,315.0,1,1,Target,PD,0,3.2,1
REN00161,Renal,45,F,1,III,168.2,12.1,4.8,7.0,334.0,0,1,Target,PD,0,60.0,0
REN00162,Renal,48,M,0,IV,100.0,13.5,3.6,7.8,213.0,0,0,Chemo,CR,0,60.0,0
REN00163,Renal,61,F,0,IV,216.6,11.8,4.9,4.2,242.0,0,0,PD-1,CR,0,7.2,1
REN00164,Renal,82,M,1,I,182.5,12.6,4.3,8.0,368.0,1,1,PD-1,PR,1,55.9,0
REN00165,Renal,42,F,3,II,199.6,9.3,3.2,9.6,320.0,0,0,PD-1,PD,1,43.2,1
REN00166,Renal,80,M,1,IV,536.9,12.5,3.6,4.8,159.0,1,0,Target,PD,0,38.6,1
REN00167,Renal,68,M,0,IV,296.2,10.3,3.5,3.7,113.0,0,2,PD-1,PR,0,9.4,1
REN00168,Renal,43,F,0,IV,167.3,15.1,4.0,9.6,228.0,1,1,Chemo,PR,0,9.7,1
REN00169,Renal,29,M,1,II,100.0,15.6,4.7,6.4,173.0,0,0,PD-1,PD,0,7.1,1
REN00170,Renal,68,M,0,III,406.2,15.1,4.4,5.4,287.0,0,1,PD-1,SD,2,9.7,1
REN00171,Renal,51,M,0,IV,100.0,10.2,3.5,7.2,307.0,0,2,Target,CR,0,4.8,1
REN00172,Renal,30,F,0,II,153.1,13.3,4.6,5.9,270.0,0,0,Chemo,PD,0,42.4,1
REN00173,Renal,73,M,1,III,100.0,7.0,3.5,4.9,186.0,0,0,PD-1,PD,1,16.2,1
REN00174,Renal,38,M,1,III,141.9,14.1,3.6,4.0,148.0,0,2,Target,CR,0,3.2,1
REN00175,Renal,27,M,1,III,171.7,11.9,4.5,10.6,303.0,1,0,Chemo,SD,0,5.4,1
REN00176,Renal,25,M,3,IV,100.0,8.4,4.5,10.3,316.0,1,1,Target,PD,0,11.9,1
REN00177,Renal,55,F,0,IV,100.0,13.2,4.4,6.5,339.0,0,1,PD-1,SD,1,11.7,1
REN00178,Renal,79,F,3,IV,101.5,11.3,4.0,12.2,227.0,0,1,Target,PD,0,0.1,1
REN00179,Renal,69,F,1,III,100.0,11.3,4.0,9.7,243.0,1,2,Chemo,PD,0,5.7,1
REN00180,Renal,74,M,0,III,102.1,13.1,3.4,6.9,315.0,1,3,Target,PR,0,60.0,0
REN00181,Renal,34,F,2,II,153.0,14.0,4.0,11.5,251.0,0,2,PD-1,SD,0,22.5,1
REN00182,Renal,79,M,1,III,451.7,12.5,3.7,3.0,204.0,0,0,PD-1,SD,0,10.3,1
REN00183,Renal,84,F,0,I,126.6,7.4,3.9,6.6,183.0,0,0,Chemo,PR,0,60.0,0
REN00184,Renal,55,F,0,II,131.9,12.5,5.1,10.5,307.0,0,1,PD-1,CR,0,6.7,1
REN00185,Renal,75,M,0,II,170.2,9.9,4.2,6.3,227.0,0,1,Chemo,PD,0,3.8,1
REN00186,Renal,75,M,3,IV,269.7,13.0,3.4,9.3,206.0,0,1,Target,SD,0,6.6,1
REN00187,Renal,41,F,0,III,253.9,12.6,4.6,5.0,286.0,1,3,Chemo,SD,0,60.0,0
REN00188,Renal,63,F,3,IV,100.0,11.3,4.7,5.7,193.0,1,0,PD-1,PR,1,20.4,1
REN00189,Renal,84,M,0,III,100.0,11.7,4.7,7.8,204.0,0,0,PD-1,SD,0,8.1,1
REN00190,Renal,64,M,0,III,352.4,8.3,3.8,8.3,253.0,0,0,PD-1,SD,0,1.9,1
REN00191,Renal,72,F,0,II,132.6,15.1,3.9,7.4,213.0,0,1,PD-1,PD,0,12.1,1
REN00192,Renal,40,M,1,IV,323.1,12.5,3.4,6.2,363.0,0,1,PD-1,PR,0,17.8,1
REN00193,Renal,51,M,0,I,278.8,12.4,4.8,5.1,293.0,0,0,PD-1,PD,3,25.2,1
REN00194,Renal,40,M,1,III,100.0,12.5,4.1,11.7,260.0,0,2,PD-1,SD,0,7.0,1
REN00195,Renal,76,M,0,II,100.0,8.2,3.3,7.7,362.0,1,0,Chemo,PD,0,41.8,1
REN00196,Renal,65,M,2,IV,148.4,13.8,4.8,9.2,256.0,1,0,PD-1,PR,0,20.9,1
REN00197,Renal,69,F,2,IV,230.5,11.0,3.7,9.0,337.0,0,0,PD-1,PD,1,17.8,1
REN00198,Renal,28,M,0,IV,154.4,12.1,3.8,6.1,170.0,0,3,PD-1,PD,0,7.0,1
REN00199,Renal,66,F,2,II,161.3,10.6,3.5,7.1,199.0,0,3,PD-1,PD,0,58.3,0
REN00200,Renal,77,F,2,IV,185.1,9.4,3.4,5.5,173.0,0,0,PD-1,SD,1,1.8,1
REN00201,Renal,51,M,1,IV,170.6,10.7,4.2,8.5,290.0,0,0,PD-1,PR,0,0.3,1
REN00202,Renal,78,F,0,I,177.7,11.4,3.7,6.7,126.0,0,1,PD-1,SD,2,58.6,0
REN00203,Renal,33,F,1,III,100.0,11.8,3.2,10.3,275.0,1,1,PD-1,PD,0,0.5,1
REN00204,Renal,49,F,2,I,150.4,10.8,4.5,3.8,210.0,0,1,Target,PD,0,50.6,0
REN00205,Renal,48,F,0,IV,149.5,11.6,4.3,8.0,260.0,0,1,PD-1,PD,0,7.9,1
REN00206,Renal,82,M,0,II,100.0,11.2,4.9,12.1,248.0,0,1,Target,SD,0,8.6,1
REN00207,Renal,52,F,0,II,114.5,9.1,3.8,5.5,294.0,0,3,Chemo,PD,0,20.3,1
REN00208,Renal,42,F,0,I,100.0,11.7,4.0,7.3,429.0,0,1,Chemo,PD,0,40.5,1
REN00209,Renal,68,F,0,III,228.5,11.7,4.1,6.3,412.0,0,0,PD-1,PD,0,7.3,1
REN00210,Renal,50,M,0,I,100.0,10.4,4.1,8.8,315.0,0,1,PD-1,SD,1,21.9,1
REN00211,Renal,34,F,0,IV,168.6,13.7,4.1,3.0,223.0,1,0,Chemo,SD,0,8.3,1
REN00212,Renal,73,M,0,I,135.0,11.8,3.8,4.6,265.0,0,1,PD-1,SD,0,33.5,1
REN00213,Renal,68,M,0,I,162.2,12.6,3.1,5.0,218.0,0,1,PD-1,PD,0,2.5,1
REN00214,Renal,58,F,1,IV,313.0,10.1,4.1,8.8,191.0,0,2,PD-1,SD,0,6.6,1
REN00215,Renal,70,F,2,IV,116.7,10.5,4.3,6.6,100.0,0,0,PD-1,PD,0,3.9,1
REN00216,Renal,62,M,0,IV,170.7,11.3,3.8,5.7,232.0,0,2,PD-1,CR,0,3.3,1
REN00217,Renal,35,M,0,I,265.8,9.4,5.2,7.8,272.0,0,1,Target,CR,0,60.0,0
REN00218,Renal,38,M,0,II,198.8,8.1,3.8,7.5,299.0,0,0,PD-1,SD,0,60.0,0
REN00219,Renal,79,F,2,III,112.6,14.6,3.7,6.6,259.0,0,0,PD-1,PD,0,34.3,1
REN00220,Renal,70,F,1,I,100.0,10.7,4.2,6.0,194.0,0,0,PD-1,PR,0,20.6,1
REN00221,Renal,62,F,0,III,109.7,11.6,4.1,5.2,210.0,0,2,PD-1,SD,0,31.2,1
REN00222,Renal,25,M,1,III,202.1,12.4,3.2,9.9,324.0,0,0,PD-1,SD,1,4.7,1
REN00223,Renal,41,M,0,III,176.4,11.4,4.4,10.0,113.0,0,0,PD-1,PR,0,0.9,1
REN00224,Renal,73,M,0,IV,265.7,9.6,3.8,4.4,209.0,0,0,PD-1,PR,0,9.6,1
REN00225,Renal,41,M,0,II,148.6,13.9,4.6,6.2,252.0,0,1,PD-1,CR,1,5.4,1
REN00226,Renal,34,F,0,IV,113.9,10.9,4.2,7.9,217.0,0,1,PD-1,SD,4,8.5,1
REN00227,Renal,54,M,1,III,100.0,13.1,3.9,5.2,129.0,1,0,PD-1,SD,0,34.3,1
REN00228,Renal,66,M,1,III,100.0,14.8,4.6,8.5,325.0,1,3,PD-1,PR,0,15.4,1
REN00229,Renal,70,F,1,IV,100.0,9.4,3.7,7.4,343.0,1,2,Chemo,PD,0,6.6,1
REN00230,Renal,57,M,1,IV,397.9,13.6,3.3,8.7,171.0,0,0,PD-1,PD,0,10.6,1
REN00231,Renal,26,M,1,IV,100.0,12.2,3.3,11.6,100.0,1,1,PD-1,SD,0,3.6,1
REN00232,Renal,74,M,1,IV,100.0,10.2,4.1,3.7,410.0,0,1,Chemo,SD,0,12.4,1
REN00233,Renal,44,F,1,III,118.3,12.8,4.9,9.9,217.0,0,2,PD-1,PR,0,1.9,1
REN00234,Renal,56,M,0,III,336.7,12.2,3.9,6.0,172.0,0,1,PD-1,SD,0,14.4,1
REN00235,Renal,27,M,1,IV,240.6,10.8,4.4,8.4,241.0,1,1,Chemo,PD,0,60.0,0
REN00236,Renal,60,F,3,II,155.5,15.8,4.2,8.1,276.0,0,1,PD-1,PD,3,12.2,1
REN00237,Renal,29,F,1,III,100.0,12.8,3.8,9.8,200.0,1,2,Chemo,PR,0,0.2,1
REN00238,Renal,44,M,1,III,167.5,9.8,3.2,7.2,260.0,1,1,PD-1,CR,0,3.7,1
REN00239,Renal,27,M,0,IV,276.0,12.7,4.1,5.5,240.0,0,2,Chemo,PD,0,19.1,1
REN00240,Renal,27,F,2,II,379.7,11.6,4.4,7.6,195.0,0,0,PD-1,PR,0,23.4,1
REN00241,Renal,60,M,2,IV,100.0,9.7,4.2,10.5,119.0,0,3,Chemo,PD,0,20.2,1
REN00242,Renal,30,F,2,IV,103.1,11.5,3.8,7.8,357.0,0,2,Chemo,PR,0,28.4,1
REN00243,Renal,63,F,0,II,173.6,12.8,3.7,6.0,295.0,0,2,PD-1,PD,2,17.1,1
REN00244,Renal,60,M,2,III,346.4,10.1,3.7,6.8,189.0,0,0,PD-1,CR,0,1.2,1
REN00245,Renal,48,M,0,IV,100.0,9.2,3.7,7.6,282.0,1,0,PD-1,SD,0,11.1,1
REN00246,Renal,71,M,1,IV,100.0,9.2,4.0,7.3,180.0,1,3,PD-1,CR,0,3.9,1
REN00247,Renal,62,M,1,II,123.4,9.4,3.9,7.1,247.0,0,3,PD-1,PR,0,16.6,1
REN00248,Renal,61,M,2,I,100.0,13.1,4.3,9.1,297.0,1,0,PD-1,SD,0,20.4,1
REN00249,Renal,32,M,2,II,100.0,12.8,3.5,11.1,287.0,0,1,Target,CR,0,10.4,1
REN00250,Renal,62,F,2,IV,581.6,10.2,4.0,9.0,217.0,0,0,Chemo,PR,0,24.8,1
REN00251,Renal,73,F,2,IV,140.0,11.6,4.0,8.3,315.0,0,0,PD-1,PR,0,0.5,1
REN00252,Renal,40,M,1,IV,110.1,9.4,3.7,9.2,251.0,1,0,PD-1,CR,0,8.4,1
REN00253,Renal,67,F,2,II,100.0,10.7,4.2,8.4,208.0,0,0,PD-1,PD,1,18.2,1
REN00254,Renal,25,M,0,III,159.3,10.7,3.6,7.4,384.0,1,1,PD-1,SD,0,13.0,1
REN00255,Renal,38,M,1,IV,117.1,12.6,4.6,5.9,160.0,1,0,PD-1,PD,1,6.1,1
REN00256,Renal,69,M,0,IV,261.0,14.4,4.2,5.9,282.0,0,3,Target,SD,0,36.2,1
REN00257,Renal,34,F,2,III,100.0,9.8,4.3,7.1,363.0,0,1,PD-1,CR,0,24.6,1
REN00258,Renal,34,F,3,IV,160.9,10.3,4.0,7.7,114.0,0,0,PD-1,SD,0,14.3,1
REN00259,Renal,46,F,0,II,156.8,12.5,3.8,9.4,381.0,1,3,PD-1,CR,0,1.3,1
REN00260,Renal,64,M,1,III,224.3,9.1,3.6,6.9,385.0,1,1,PD-1,SD,4,16.4,1
REN00261,Renal,65,M,0,IV,145.7,10.2,3.6,6.4,213.0,0,0,PD-1,PR,0,40.4,1
REN00262,Renal,55,M,0,IV,229.6,13.7,3.2,7.6,273.0,0,1,Chemo,PD,0,3.7,1
REN00263,Renal,28,M,1,IV,194.2,14.4,4.0,8.0,191.0,1,1,PD-1,PD,1,20.1,1
REN00264,Renal,67,M,0,IV,271.9,10.1,4.3,5.9,184.0,0,2,PD-1,PD,0,9.9,1
REN00265,Renal,47,M,0,III,231.6,10.3,3.4,5.7,159.0,0,1,Chemo,SD,0,37.5,1
REN00266,Renal,65,M,1,II,145.5,13.3,4.7,8.4,386.0,0,0,PD-1,SD,4,11.8,1
REN00267,Renal,36,M,0,IV,439.4,13.9,3.2,6.9,231.0,1,1,PD-1,CR,0,0.6,1
REN00268,Renal,69,M,1,III,119.6,11.4,4.4,9.5,139.0,0,1,PD-1,PD,0,3.0,1
REN00269,Renal,32,F,0,IV,408.1,10.6,3.6,7.7,333.0,0,1,PD-1,PD,1,6.1,1
REN00270,Renal,84,F,2,III,312.0,13.0,4.5,7.0,304.0,1,0,Chemo,SD,0,1.4,1
REN00271,Renal,69,F,1,IV,244.9,12.6,4.4,4.7,280.0,1,3,Chemo,PD,0,3.4,1
REN00272,Renal,48,M,1,IV,162.9,11.8,5.3,7.1,197.0,1,1,PD-1,PD,0,10.4,1
REN00273,Renal,25,M,0,IV,112.9,15.6,3.7,5.1,218.0,0,1,Target,PD,0,3.2,1
REN00274,Renal,50,M,0,IV,193.8,12.4,2.9,4.5,416.0,1,1,PD-1,PD,2,0.5,1
REN00275,Renal,46,M,3,III,192.7,9.6,3.1,10.1,281.0,0,0,Target,SD,0,21.0,1
REN00276,Renal,67,F,1,III,162.2,12.8,3.9,6.1,208.0,0,1,PD-1,PD,0,8.6,1
REN00277,Renal,49,M,0,IV,238.7,10.6,4.1,8.9,309.0,1,1,PD-1,PR,1,10.8,1
REN00278,Renal,55,F,2,IV,296.7,11.6,3.6,4.9,317.0,0,1,Chemo,PD,0,15.5,1
REN00279,Renal,80,F,0,IV,104.6,13.5,4.2,5.7,395.0,0,1,PD-1,CR,0,1.5,1
REN00280,Renal,58,F,1,III,116.0,13.6,4.4,5.5,255.0,1,1,PD-1,PD,0,22.5,1
REN00281,Renal,61,F,0,III,100.0,6.0,4.3,8.5,309.0,0,2,PD-1,PD,0,5.6,1
REN00282,Renal,35,F,0,IV,215.9,10.8,4.0,8.0,293.0,1,2,PD-1,SD,1,43.6,1
REN00283,Renal,28,M,0,IV,442.4,10.9,3.6,4.5,193.0,0,2,PD-1,CR,0,4.8,1
REN00284,Renal,32,F,0,III,100.0,11.9,4.4,4.3,141.0,1,0,PD-1,PD,0,0.5,1
REN00285,Renal,81,M,1,III,109.6,10.2,4.7,8.1,300.0,0,1,PD-1,PD,0,2.9,1
REN00286,Renal,68,M,2,II,100.0,11.3,3.7,9.7,305.0,0,2,PD-1,SD,1,33.2,1
REN00287,Renal,59,M,3,III,126.0,11.8,3.4,9.6,100.0,0,1,PD-1,PD,0,43.6,1
REN00288,Renal,49,M,1,II,100.0,8.6,4.6,5.5,292.0,0,2,PD-1,CR,0,36.3,1
REN00289,Renal,55,M,0,III,348.5,11.6,4.2,6.2,244.0,1,2,Target,PD,0,4.4,1
REN00290,Renal,73,F,2,IV,271.4,13.9,4.2,8.0,285.0,0,0,PD-1,SD,0,3.5,1
REN00291,Renal,47,M,1,IV,202.4,9.5,4.9,8.2,211.0,0,0,PD-1,PR,0,12.6,1
REN00292,Renal,64,M,0,III,310.9,12.2,3.1,7.5,366.0,0,1,Target,PD,0,4.2,1
REN00293,Renal,62,M,0,II,301.2,12.1,3.9,6.3,332.0,0,0,PD-1,PD,1,0.5,1
REN00294,Renal,28,F,2,III,174.3,8.3,4.2,8.0,139.0,0,3,Target,PR,0,9.8,1
REN00295,Renal,60,M,1,IV,100.0,11.2,5.0,7.3,172.0,0,0,PD-1,PD,0,21.2,1
REN00296,Renal,31,M,3,III,115.0,11.8,4.0,7.4,255.0,0,0,Chemo,PR,0,53.4,0
REN00297,Renal,34,M,2,II,172.0,14.5,3.8,8.8,200.0,1,3,PD-1,SD,1,20.3,1
REN00298,Renal,30,F,1,II,113.7,11.2,4.1,9.2,337.0,1,0,Chemo,PD,0,38.5,1
REN00299,Renal,55,F,1,III,511.4,12.7,4.4,7.7,169.0,0,1,PD-1,PR,0,1.1,1
REN00300,Renal,28,F,1,II,199.2,10.5,4.6,7.6,336.0,0,0,PD-1,SD,1,18.8,1
REN00301,Renal,45,F,0,II,192.9,12.6,4.7,6.7,100.0,1,2,PD-1,SD,0,26.4,1
REN00302,Renal,66,M,1,IV,320.0,13.7,3.0,7.3,218.0,1,0,PD-1,SD,0,60.0,0
REN00303,Renal,44,M,2,IV,214.0,8.7,3.6,8.5,361.0,0,0,PD-1,SD,0,1.0,1
REN00304,Renal,41,F,2,I,154.6,12.2,4.4,8.0,245.0,1,3,Target,SD,0,37.1,1
REN00305,Renal,76,M,1,III,449.6,13.0,4.1,5.9,252.0,0,0,Chemo,SD,0,13.5,1
REN00306,Renal,30,M,0,III,235.2,11.7,4.2,5.8,312.0,0,1,Chemo,PD,0,25.7,1
REN00307,Renal,35,F,0,I,134.8,12.5,3.7,5.7,292.0,0,0,Chemo,PR,0,26.4,1
REN00308,Renal,42,F,0,IV,201.7,13.5,4.1,9.3,241.0,1,0,Chemo,PR,0,56.6,0
REN00309,Renal,79,M,3,III,131.9,9.2,3.9,3.7,355.0,0,2,Chemo,PR,0,2.0,1
REN00310,Renal,33,M,1,III,110.8,12.8,4.2,4.3,260.0,0,0,Target,PR,0,14.0,1
REN00311,Renal,36,M,1,II,291.2,14.4,4.3,5.8,293.0,0,0,Target,CR,0,21.4,1
REN00312,Renal,55,F,2,III,134.2,11.1,4.2,8.5,326.0,0,2,PD-1,PR,1,22.0,1
REN00313,Renal,55,M,1,IV,114.4,10.7,4.1,6.5,100.0,1,1,PD-1,PR,1,17.5,1
REN00314,Renal,67,M,1,IV,202.1,10.7,3.9,5.3,192.0,1,1,PD-1,PR,0,22.9,1
REN00315,Renal,82,F,1,IV,340.1,12.6,4.8,7.7,203.0,1,0,PD-1,PR,2,3.7,1
REN00316,Renal,74,F,1,IV,100.0,14.8,4.6,7.8,303.0,1,1,PD-1,CR,0,2.9,1
REN00317,Renal,79,F,2,III,117.4,16.1,4.0,8.6,389.0,1,0,Chemo,SD,0,11.0,1
REN00318,Renal,58,F,0,II,100.0,15.1,4.4,9.7,101.0,1,2,PD-1,SD,0,1.2,1
REN00319,Renal,40,M,2,IV,100.0,11.3,5.0,9.5,217.0,0,1,PD-1,SD,0,11.5,1
REN00320,Renal,65,F,2,IV,186.5,10.3,3.5,8.1,338.0,0,1,Target,PD,0,13.1,1
REN00321,Renal,72,F,2,I,100.0,8.9,3.7,6.8,111.0,0,0,PD-1,SD,0,15.4,1
REN00322,Renal,36,F,0,III,287.0,12.9,4.0,7.9,281.0,0,0,PD-1,SD,0,60.0,0
REN00323,Renal,73,M,0,II,100.0,17.9,4.2,6.2,286.0,1,2,PD-1,PD,0,1.3,1
REN00324,Renal,37,M,0,IV,257.9,12.4,3.7,8.8,293.0,0,3,PD-1,SD,0,15.8,1
REN00325,Renal,60,M,2,IV,215.6,12.7,4.4,6.0,160.0,0,0,PD-1,CR,2,10.1,1
REN00326,Renal,37,F,2,IV,103.4,11.9,4.0,5.5,247.0,1,2,PD-1,SD,0,1.8,1
REN00327,Renal,68,M,0,I,134.0,13.1,4.5,8.9,154.0,1,0,PD-1,SD,0,38.6,1
REN00328,Renal,26,F,0,IV,201.2,10.8,3.7,4.1,339.0,0,1,Chemo,SD,0,9.0,1
REN00329,Renal,73,M,2,I,249.2,12.6,3.6,5.8,165.0,1,3,PD-1,SD,0,18.3,1
REN00330,Renal,39,M,0,II,410.8,11.4,3.9,8.2,253.0,0,3,PD-1,SD,0,0.3,1
REN00331,Renal,37,F,3,II,206.2,13.0,3.9,6.8,417.0,0,0,Target,CR,0,8.3,1
REN00332,Renal,58,F,1,II,176.4,12.0,3.6,6.7,340.0,0,0,PD-1,SD,0,2.9,1
REN00333,Renal,50,M,2,II,183.8,13.0,4.1,4.9,109.0,0,0,PD-1,PD,0,4.8,1
REN00334,Renal,30,F,1,III,155.5,10.2,3.7,5.1,226.0,0,1,PD-1,SD,0,6.7,1
REN00335,Renal,45,F,0,IV,136.9,14.2,4.9,6.6,255.0,1,0,Chemo,PR,0,10.5,1
REN00336,Renal,68,M,0,IV,103.5,13.9,4.0,4.0,235.0,0,0,PD-1,PD,0,15.0,1
REN00337,Renal,57,F,2,III,228.5,11.4,4.2,7.0,281.0,0,0,PD-1,PD,0,16.5,1
REN00338,Renal,39,M,0,II,109.4,10.9,3.4,9.3,299.0,0,0,PD-1,PD,0,16.5,1
REN00339,Renal,59,F,1,I,201.0,9.5,4.3,9.1,397.0,1,3,Chemo,SD,0,12.7,1
REN00340,Renal,52,M,1,III,177.5,9.7,3.6,8.1,213.0,0,1,PD-1,SD,1,9.7,1
REN00341,Renal,66,M,2,IV,266.4,11.2,4.5,7.4,309.0,0,0,Target,PD,0,1.8,1
REN00342,Renal,30,M,0,IV,208.9,12.3,3.2,6.8,235.0,0,1,PD-1,SD,0,14.4,1
REN00343,Renal,61,M,1,III,113.8,12.4,4.0,7.1,375.0,1,3,PD-1,SD,0,13.5,1
REN00344,Renal,78,M,0,I,100.0,15.5,4.5,5.3,281.0,1,1,PD-1,PR,1,60.0,0
REN00345,Renal,64,M,1,III,338.0,11.0,4.1,5.9,253.0,0,1,PD-1,PD,0,1.4,1
REN00346,Renal,30,M,1,III,140.8,10.8,3.9,4.0,229.0,0,3,PD-1,PD,1,3.8,1
REN00347,Renal,35,M,0,III,419.2,11.8,4.7,8.7,180.0,1,1,PD-1,SD,0,18.8,1
REN00348,Renal,38,M,2,I,100.0,10.2,3.6,6.8,319.0,1,1,PD-1,PR,1,26.4,1
REN00349,Renal,45,M,0,II,202.1,15.1,3.4,10.6,184.0,1,1,PD-1,SD,0,31.6,1
REN00350,Renal,83,M,1,IV,302.9,15.6,3.5,5.9,101.0,0,3,PD-1,PR,0,31.8,1
REN00351,Renal,44,M,1,III,191.0,13.6,3.5,7.0,173.0,1,1,PD-1,PD,0,6.6,1
REN00352,Renal,29,M,1,IV,205.9,13.9,4.2,8.3,262.0,0,2,PD-1,PR,0,3.1,1
REN00353,Renal,69,F,0,III,255.5,11.7,3.8,7.8,152.0,0,1,PD-1,PR,0,15.4,1
REN00354,Renal,83,M,2,III,297.7,13.3,4.5,6.9,186.0,0,1,PD-1,PD,0,30.6,1
REN00355,Renal,33,M,0,III,260.4,14.5,4.2,10.2,100.0,0,0,Chemo,PD,0,14.6,1
REN00356,Renal,54,M,1,II,378.9,11.4,4.2,5.3,184.0,1,3,PD-1,CR,0,2.4,1
REN00357,Renal,66,M,0,III,136.5,14.9,3.1,8.1,387.0,0,1,PD-1,SD,0,2.2,1
REN00358,Renal,67,M,1,III,494.0,12.0,4.3,6.2,199.0,0,0,PD-1,PD,0,9.5,1
REN00359,Renal,62,F,2,III,100.0,11.8,4.6,6.8,241.0,0,0,Target,SD,0,0.4,1
REN00360,Renal,77,F,0,II,322.1,10.2,4.1,7.5,429.0,1,1,PD-1,PD,1,37.4,1
REN00361,Renal,83,M,0,IV,229.7,12.4,3.5,6.8,276.0,0,0,Chemo,SD,0,4.7,1
REN00362,Renal,51,M,0,III,695.5,14.2,3.2,6.7,273.0,0,1,PD-1,PD,0,11.9,1
REN00363,Renal,80,M,2,II,216.8,7.5,4.5,4.2,174.0,0,0,PD-1,PR,1,8.9,1
REN00364,Renal,29,M,0,IV,273.7,12.7,4.1,8.6,268.0,1,1,PD-1,SD,0,8.2,1
REN00365,Renal,29,M,3,IV,100.0,13.5,3.3,4.2,389.0,0,0,PD-1,SD,0,6.7,1
REN00366,Renal,72,F,0,IV,302.7,12.2,4.2,9.6,153.0,0,0,PD-1,PD,0,8.4,1
REN00367,Renal,80,F,1,III,214.7,8.1,4.0,6.8,235.0,0,1,Target,SD,0,20.0,1
REN00368,Renal,81,F,1,II,282.0,9.3,4.8,8.7,156.0,1,1,PD-1,PR,0,1.9,1
REN00369,Renal,64,M,0,IV,102.3,11.8,3.6,3.0,379.0,1,0,PD-1,PD,0,3.8,1
REN00370,Renal,39,M,1,II,134.4,8.7,4.2,6.9,156.0,0,0,PD-1,CR,0,59.7,0
REN00371,Renal,71,M,1,IV,202.1,17.4,4.6,7.0,194.0,0,0,PD-1,PD,3,19.7,1
REN00372,Renal,33,F,1,II,173.7,14.6,4.2,5.4,157.0,0,2,Chemo,PR,0,0.0,1
REN00373,Renal,71,M,1,IV,213.5,9.9,3.9,8.5,139.0,1,1,PD-1,SD,2,11.0,1
REN00374,Renal,49,M,2,IV,200.2,13.7,3.8,5.9,257.0,0,1,Chemo,PD,0,0.3,1
REN00375,Renal,32,M,2,III,134.6,13.3,3.8,5.4,222.0,0,3,PD-1,PR,0,9.4,1
REN00376,Renal,38,M,0,III,157.1,11.3,3.7,6.4,278.0,0,1,PD-1,PD,0,7.1,1
REN00377,Renal,63,F,1,IV,115.8,14.0,3.6,8.7,300.0,1,3,PD-1,SD,2,12.4,1
REN00378,Renal,56,M,0,I,948.0,7.8,4.6,7.5,115.0,0,1,PD-1,SD,1,6.6,1
REN00379,Renal,55,F,0,III,222.3,11.3,4.5,7.7,274.0,0,0,PD-1,PR,0,3.0,1
REN00380,Renal,47,F,1,IV,519.9,11.0,4.4,8.4,177.0,1,1,PD-1,CR,0,7.0,1
REN00381,Renal,68,F,1,IV,100.0,15.6,4.1,6.6,262.0,0,0,Chemo,PD,0,11.8,1
REN00382,Renal,25,F,1,III,171.9,10.1,4.1,8.9,277.0,1,0,PD-1,PR,0,24.7,1
REN00383,Renal,71,M,1,IV,138.7,13.4,3.2,7.7,229.0,0,1,PD-1,PR,0,26.9,1
REN00384,Renal,55,M,0,III,229.9,10.6,4.3,8.5,355.0,0,0,PD-1,PD,0,13.4,1
REN00385,Renal,31,M,1,I,204.9,14.1,4.0,5.6,135.0,1,0,PD-1,PR,0,7.3,1
REN00386,Renal,39,M,1,II,100.0,11.1,3.4,7.2,160.0,0,0,PD-1,PD,0,4.3,1
REN00387,Renal,66,F,0,III,241.2,9.6,4.5,8.7,270.0,0,2,PD-1,PD,0,14.6,1
REN00388,Renal,30,F,2,III,212.8,11.9,3.9,10.3,419.0,0,0,PD-1,PD,0,36.2,1
REN00389,Renal,40,M,0,III,216.3,13.7,4.4,8.9,175.0,1,0,PD-1,CR,2,0.8,1
REN00390,Renal,38,M,1,III,361.9,13.0,4.2,9.0,245.0,1,2,PD-1,PD,1,2.0,1
REN00391,Renal,68,F,3,II,320.1,9.0,3.5,4.2,345.0,0,0,PD-1,PR,0,58.9,0
REN00392,Renal,41,M,1,II,480.6,8.8,4.4,6.5,323.0,0,3,PD-1,PR,0,4.4,1
REN00393,Renal,34,M,0,III,222.2,10.7,3.7,8.1,299.0,0,0,PD-1,PD,1,19.5,1
REN00394,Renal,53,F,0,III,313.7,10.0,3.2,4.5,192.0,0,2,PD-1,SD,0,6.1,1
REN00395,Renal,66,M,0,III,161.7,10.2,4.4,7.8,248.0,0,0,PD-1,SD,0,40.5,1
REN00396,Renal,32,F,2,III,203.4,11.1,4.1,6.3,252.0,0,0,PD-1,PR,1,30.3,1
REN00397,Renal,81,F,0,III,256.9,13.2,4.1,6.4,333.0,1,2,PD-1,PR,0,14.2,1
REN00398,Renal,35,F,0,II,134.8,11.4,4.4,7.1,239.0,0,3,PD-1,SD,0,19.5,1
REN00399,Renal,83,M,1,IV,188.1,9.6,3.4,7.7,358.0,0,1,PD-1,PD,2,10.0,1
REN00400,Renal,42,F,0,II,100.0,10.2,3.5,8.5,246.0,0,2,PD-1,PR,0,28.5,1
BLA00001,Bladder,78,M,3,I,142.3,11.0,3.9,7.4,194.0,0,1,PD-1,PD,0,20.8,1
BLA00002,Bladder,70,M,3,II,370.8,9.9,4.5,4.4,242.0,1,1,PD-1,PR,0,2.8,1
BLA00003,Bladder,26,M,2,III,100.0,11.3,4.3,5.1,225.0,0,0,Chemo,PD,0,1.5,1
BLA00004,Bladder,66,M,1,IV,286.1,11.2,2.9,10.3,270.0,0,0,Chemo,PD,0,12.5,1
BLA00005,Bladder,60,M,1,IV,243.0,10.4,3.3,6.5,264.0,0,2,PD-1,SD,0,1.8,1
BLA00006,Bladder,28,M,2,III,220.8,9.2,3.9,8.5,324.0,1,1,Chemo,PD,0,42.0,1
BLA00007,Bladder,52,M,1,III,175.4,12.0,3.8,12.2,419.0,0,3,PD-1,PD,0,8.3,1
BLA00008,Bladder,47,M,2,IV,475.9,7.1,3.6,6.4,231.0,0,3,PD-1,PR,1,3.1,1
BLA00009,Bladder,63,M,0,II,256.7,12.0,5.1,8.0,236.0,0,1,Target,PR,0,11.0,1
BLA00010,Bladder,44,F,1,III,315.1,11.2,4.5,6.8,280.0,0,1,PD-1,PD,0,29.4,1
BLA00011,Bladder,61,M,1,III,193.7,11.7,2.7,8.3,187.0,0,0,Chemo,PR,0,13.2,1
BLA00012,Bladder,83,M,3,IV,366.8,12.2,4.5,8.0,139.0,1,0,Chemo,SD,0,4.1,1
BLA00013,Bladder,68,M,2,IV,148.4,13.3,3.5,8.0,185.0,0,2,PD-1,PR,1,18.5,1
BLA00014,Bladder,36,M,0,III,100.0,10.7,3.9,10.0,248.0,0,3,PD-1,SD,1,21.7,1
BLA00015,Bladder,56,F,0,IV,134.4,11.1,3.2,5.5,269.0,0,1,PD-1,PR,2,1.8,1
BLA00016,Bladder,81,M,1,IV,126.8,12.2,4.6,7.4,410.0,1,1,PD-1,SD,0,2.7,1
BLA00017,Bladder,62,F,1,IV,100.0,9.9,4.1,6.9,120.0,0,3,PD-1,SD,1,3.5,1
BLA00018,Bladder,55,F,2,IV,183.0,10.2,4.7,4.9,271.0,0,0,PD-1,PD,1,0.6,1
BLA00019,Bladder,42,M,0,IV,100.0,12.5,4.1,7.3,223.0,0,1,PD-1,PR,0,5.6,1
BLA00020,Bladder,53,M,2,III,153.5,11.3,3.8,9.3,340.0,0,1,PD-1,SD,1,0.3,1
BLA00021,Bladder,58,F,1,IV,186.3,9.9,3.6,4.1,152.0,0,0,Chemo,PR,0,43.8,1
BLA00022,Bladder,75,F,2,I,121.8,8.9,3.2,9.0,308.0,1,2,Chemo,PD,0,60.0,0
BLA00023,Bladder,53,F,2,III,199.9,11.7,3.8,7.8,204.0,1,0,Target,PR,0,0.2,1
BLA00024,Bladder,51,M,3,II,163.3,12.9,4.1,8.8,323.0,0,0,PD-1,PD,0,10.3,1
BLA00025,Bladder,55,F,1,III,100.0,13.4,2.9,7.1,243.0,1,1,PD-1,PD,1,3.4,1
BLA00026,Bladder,72,F,2,II,118.0,9.2,4.4,13.0,315.0,0,0,Chemo,PD,0,42.9,1
BLA00027,Bladder,79,M,2,III,271.5,12.8,4.0,7.9,276.0,0,1,Target,SD,0,14.2,1
BLA00028,Bladder,58,F,1,IV,239.3,9.9,3.8,7.4,167.0,0,0,PD-1,PR,0,3.9,1
BLA00029,Bladder,41,F,1,I,807.8,15.4,3.5,7.2,100.0,0,1,PD-1,CR,0,54.3,0
BLA00030,Bladder,44,M,2,III,118.9,11.4,3.4,5.5,370.0,0,1,PD-1,PR,0,1.2,1
BLA00031,Bladder,55,F,0,II,159.4,9.5,3.9,6.5,225.0,0,3,PD-1,PR,0,9.8,1
BLA00032,Bladder,55,M,3,III,118.1,12.6,3.9,6.1,350.0,0,1,PD-1,SD,0,12.7,1
BLA00033,Bladder,82,F,1,IV,100.0,11.8,2.9,8.2,243.0,0,3,PD-1,SD,0,6.3,1
BLA00034,Bladder,63,F,0,II,117.0,13.4,5.1,9.0,328.0,0,2,Chemo,PD,0,59.9,0
BLA00035,Bladder,45,M,1,I,108.2,12.4,3.5,9.2,171.0,1,2,PD-1,SD,0,31.9,1
BLA00036,Bladder,31,F,1,I,201.5,15.3,4.6,6.3,263.0,0,2,Chemo,PD,0,4.6,1
BLA00037,Bladder,56,M,0,IV,124.9,11.2,3.8,4.3,499.0,0,0,Chemo,PR,0,1.2,1
BLA00038,Bladder,79,M,1,III,134.5,13.7,4.3,8.5,171.0,0,1,Chemo,SD,0,60.0,0
BLA00039,Bladder,36,M,2,III,124.3,10.7,3.9,5.3,299.0,1,2,Chemo,SD,0,11.6,1
BLA00040,Bladder,47,F,3,IV,123.2,12.4,3.8,9.4,246.0,0,0,PD-1,PD,0,0.0,1
BLA00041,Bladder,67,F,1,III,159.2,11.0,4.1,8.1,282.0,0,0,PD-1,PR,1,27.2,1
BLA00042,Bladder,73,F,0,IV,731.1,14.2,3.7,8.2,255.0,1,1,Chemo,SD,0,4.3,1
BLA00043,Bladder,67,M,1,IV,232.7,13.9,4.6,5.7,106.0,0,3,Chemo,PR,0,28.3,1
BLA00044,Bladder,64,M,0,III,266.2,13.0,3.3,6.4,287.0,1,2,Chemo,PD,0,60.0,0
BLA00045,Bladder,30,M,2,IV,100.0,12.7,3.9,6.1,280.0,0,2,PD-1,PR,0,44.7,1
BLA00046,Bladder,56,M,2,IV,180.0,13.4,3.6,9.2,379.0,0,0,PD-1,SD,0,8.1,1
BLA00047,Bladder,62,F,0,III,117.8,13.9,4.3,5.1,152.0,0,1,PD-1,PD,0,0.8,1
BLA00048,Bladder,39,M,1,IV,221.8,12.2,2.9,8.9,273.0,0,2,PD-1,PR,0,3.1,1
BLA00049,Bladder,50,M,0,IV,316.0,13.1,4.6,8.8,156.0,0,2,Chemo,PD,0,8.4,1
BLA00050,Bladder,44,M,0,IV,189.7,15.1,3.5,6.7,332.0,1,1,PD-1,SD,0,0.1,1
BLA00051,Bladder,36,F,0,I,165.9,11.6,4.3,10.6,308.0,0,2,PD-1,PR,0,34.1,1
BLA00052,Bladder,65,F,0,IV,171.6,12.5,2.9,8.1,229.0,0,0,PD-1,PR,0,6.2,1
BLA00053,Bladder,69,F,1,IV,152.8,11.2,3.7,3.0,144.0,1,3,Chemo,SD,0,3.6,1
BLA00054,Bladder,71,F,3,IV,100.0,14.7,3.7,7.7,250.0,0,2,Target,PD,0,5.4,1
BLA00055,Bladder,71,M,0,II,156.3,11.5,4.0,5.0,293.0,0,0,PD-1,SD,0,22.7,1
BLA00056,Bladder,50,F,2,III,100.0,13.0,4.2,6.2,337.0,0,1,Chemo,SD,0,59.7,0
BLA00057,Bladder,54,M,0,III,100.0,16.2,5.1,9.2,145.0,1,3,Chemo,CR,0,3.0,1
BLA00058,Bladder,53,M,0,III,205.7,14.0,3.7,5.4,169.0,0,1,Chemo,SD,0,2.4,1
BLA00059,Bladder,54,F,1,III,100.0,11.5,4.3,9.0,165.0,1,0,PD-1,PR,0,2.9,1
BLA00060,Bladder,37,M,1,IV,192.4,13.6,3.7,7.0,232.0,0,3,PD-1,CR,0,33.0,1
BLA00061,Bladder,65,F,0,IV,116.6,12.9,4.1,6.6,201.0,0,0,Chemo,SD,0,10.0,1
BLA00062,Bladder,67,F,1,III,100.0,8.9,3.2,4.5,318.0,0,1,PD-1,PR,0,6.9,1
BLA00063,Bladder,46,F,2,III,280.2,9.7,4.1,4.9,294.0,1,1,Chemo,SD,0,60.0,0
BLA00064,Bladder,67,M,2,III,256.1,11.4,3.5,8.9,312.0,0,2,PD-1,SD,0,1.3,1
BLA00065,Bladder,65,M,0,III,245.1,12.7,3.1,6.0,349.0,0,2,PD-1,PR,0,27.9,1
BLA00066,Bladder,41,F,0,II,135.3,10.8,3.9,6.4,130.0,0,1,Chemo,PD,0,26.0,1
BLA00067,Bladder,47,F,0,III,100.0,12.1,4.0,6.9,242.0,0,3,PD-1,PD,0,7.0,1
BLA00068,Bladder,49,M,0,I,126.4,11.0,3.8,7.9,259.0,1,0,Chemo,PR,0,0.8,1
BLA00069,Bladder,77,F,2,IV,164.1,10.2,4.2,10.6,182.0,1,3,Chemo,PR,0,22.7,1
BLA00070,Bladder,30,F,0,IV,100.0,11.1,4.9,8.3,246.0,0,0,PD-1,PR,0,23.0,1
BLA00071,Bladder,78,M,1,IV,229.6,12.6,3.5,12.4,284.0,0,2,PD-1,SD,2,12.4,1
BLA00072,Bladder,61,M,3,III,442.9,13.0,4.4,8.3,207.0,0,0,Target,PD,0,1.5,1
BLA00073,Bladder,50,F,2,IV,145.4,11.3,3.6,4.7,253.0,0,1,Chemo,PD,0,11.5,1
BLA00074,Bladder,81,M,0,IV,178.4,15.0,4.2,7.3,222.0,0,2,Chemo,PD,0,1.4,1
BLA00075,Bladder,45,M,2,III,556.5,10.6,3.9,11.8,298.0,1,0,Chemo,SD,0,10.1,1
BLA00076,Bladder,59,F,3,IV,272.6,12.5,4.8,10.6,324.0,0,0,PD-1,PD,0,2.7,1
BLA00077,Bladder,30,M,1,III,213.5,11.2,4.0,9.4,292.0,0,0,PD-1,PD,0,17.9,1
BLA00078,Bladder,46,F,1,III,127.7,10.3,4.0,3.8,368.0,1,0,PD-1,SD,0,15.4,1
BLA00079,Bladder,41,F,1,IV,334.4,10.2,4.5,10.0,100.0,0,1,PD-1,PR,3,18.8,1
BLA00080,Bladder,35,F,2,IV,188.5,11.8,4.2,6.0,217.0,1,1,Target,PD,0,9.5,1
BLA00081,Bladder,28,F,1,IV,212.2,8.9,4.3,7.6,160.0,1,0,Target,PD,0,5.8,1
BLA00082,Bladder,82,F,0,II,100.0,12.8,4.6,7.0,374.0,1,1,PD-1,PD,0,12.8,1
BLA00083,Bladder,68,M,3,III,339.3,12.8,4.1,6.5,149.0,0,0,PD-1,SD,0,3.9,1
BLA00084,Bladder,34,F,0,IV,198.0,13.3,4.8,6.9,363.0,0,0,Chemo,PD,0,3.8,1
BLA00085,Bladder,41,F,1,II,123.1,15.3,3.3,6.3,225.0,0,1,Target,PD,0,4.6,1
BLA00086,Bladder,62,M,1,IV,307.0,12.7,3.9,3.1,192.0,0,1,PD-1,SD,0,4.9,1
BLA00087,Bladder,42,F,1,IV,228.9,9.9,4.0,4.5,274.0,1,0,Chemo,SD,0,7.1,1
BLA00088,Bladder,77,M,1,II,320.2,11.2,3.6,8.3,406.0,0,1,PD-1,PR,0,13.1,1
BLA00089,Bladder,43,F,0,II,117.2,12.0,4.3,9.7,179.0,0,2,PD-1,SD,3,0.7,1
BLA00090,Bladder,46,F,0,II,131.5,11.5,4.1,7.3,270.0,0,1,Target,PD,0,60.0,0
BLA00091,Bladder,81,M,0,II,139.3,10.1,2.9,8.5,279.0,0,1,PD-1,PR,0,7.6,1
BLA00092,Bladder,39,M,2,II,108.7,10.6,4.6,6.5,170.0,0,0,PD-1,SD,2,2.9,1
BLA00093,Bladder,68,M,1,I,153.2,12.8,4.5,6.5,198.0,1,1,Target,PD,0,9.0,1
BLA00094,Bladder,43,M,0,IV,285.2,13.3,4.1,5.9,206.0,1,2,PD-1,PR,0,3.1,1
BLA00095,Bladder,49,F,1,IV,114.2,11.1,4.2,4.1,258.0,0,1,Chemo,PR,0,53.9,0
BLA00096,Bladder,61,F,0,II,219.4,12.5,3.4,8.0,135.0,0,2,Target,PD,0,11.7,1
BLA00097,Bladder,42,F,0,I,100.0,9.2,3.5,6.6,253.0,1,1,Target,PR,0,16.9,1
BLA00098,Bladder,82,M,2,IV,233.0,9.9,2.6,9.2,157.0,1,0,PD-1,PD,0,16.6,1
BLA00099,Bladder,36,F,2,II,233.4,11.9,3.6,8.2,234.0,0,0,PD-1,SD,0,25.2,1
BLA00100,Bladder,56,F,1,I,135.9,9.3,3.9,8.1,158.0,0,3,PD-1,CR,0,17.1,1
BLA00101,Bladder,50,M,1,II,128.5,12.4,4.3,7.0,356.0,1,1,PD-1,PD,0,11.7,1
BLA00102,Bladder,50,F,1,II,317.5,9.2,3.4,4.4,271.0,0,1,Target,SD,0,15.3,1
BLA00103,Bladder,71,F,1,IV,100.0,14.5,4.5,4.9,186.0,1,1,PD-1,SD,0,7.1,1
BLA00104,Bladder,66,F,1,I,483.4,14.6,4.0,6.3,385.0,1,0,PD-1,PR,0,14.5,1
BLA00105,Bladder,52,M,2,III,171.8,14.8,4.5,9.0,128.0,1,1,Chemo,SD,0,12.6,1
BLA00106,Bladder,49,M,1,III,129.4,10.1,4.4,8.4,248.0,0,1,PD-1,SD,0,9.6,1
BLA00107,Bladder,54,M,0,IV,100.0,13.6,4.1,12.1,285.0,0,2,Target,CR,0,25.5,1
BLA00108,Bladder,75,F,2,III,267.6,10.8,4.2,4.7,225.0,0,3,Chemo,PD,0,18.8,1
BLA00109,Bladder,65,F,0,II,190.3,8.2,3.7,8.8,238.0,1,0,PD-1,PD,0,8.7,1
BLA00110,Bladder,62,M,1,III,263.9,10.5,4.0,5.0,194.0,1,0,PD-1,PD,1,5.0,1
BLA00111,Bladder,38,F,0,IV,416.4,13.8,4.1,8.9,181.0,1,1,Target,PD,0,8.4,1
BLA00112,Bladder,25,F,0,II,115.0,12.6,4.4,7.4,319.0,0,0,Chemo,SD,0,19.4,1
BLA00113,Bladder,57,M,0,II,140.5,10.8,4.0,3.9,257.0,0,0,Target,PD,0,26.5,1
BLA00114,Bladder,35,F,0,IV,100.1,11.6,5.0,6.8,275.0,0,0,PD-1,PR,1,17.3,1
BLA00115,Bladder,59,M,1,IV,116.0,10.8,4.0,9.8,302.0,0,0,Chemo,SD,0,7.8,1
BLA00116,Bladder,45,F,0,II,340.5,11.7,2.8,7.0,200.0,1,0,PD-1,CR,0,15.2,1
BLA00117,Bladder,46,M,0,IV,293.8,14.7,3.8,7.8,194.0,0,0,Chemo,PD,0,6.7,1
BLA00118,Bladder,29,F,3,I,194.2,11.2,3.5,8.6,191.0,0,0,PD-1,PD,0,60.0,0
BLA00119,Bladder,64,M,3,III,253.3,15.6,3.8,6.1,254.0,0,3,Chemo,SD,0,21.4,1
BLA00120,Bladder,78,F,1,IV,530.5,10.0,3.4,10.1,405.0,0,0,PD-1,SD,0,13.7,1
BLA00121,Bladder,42,F,0,IV,143.8,13.1,3.1,7.7,253.0,1,2,PD-1,PD,0,1.8,1
BLA00122,Bladder,61,F,2,II,299.6,13.9,3.6,9.5,100.0,1,1,PD-1,SD,3,11.6,1
BLA00123,Bladder,68,M,1,III,264.5,9.3,4.2,7.7,272.0,0,0,Target,PD,0,10.7,1
BLA00124,Bladder,79,M,1,III,114.2,12.6,4.3,7.2,279.0,0,3,PD-1,PR,1,20.4,1
BLA00125,Bladder,53,M,2,III,169.4,9.3,3.6,5.7,329.0,0,1,Target,SD,0,8.6,1
BLA00126,Bladder,42,M,1,I,122.3,15.7,4.4,8.6,353.0,0,0,Chemo,PR,0,60.0,0
BLA00127,Bladder,77,M,0,IV,448.9,14.6,3.7,6.2,479.0,1,0,PD-1,CR,0,15.4,1
BLA00128,Bladder,36,M,3,III,100.0,13.3,3.6,6.2,245.0,0,1,PD-1,PD,0,13.2,1
BLA00129,Bladder,45,M,2,II,100.0,12.0,3.8,3.0,269.0,1,3,Chemo,PD,0,8.9,1
BLA00130,Bladder,64,F,2,IV,100.0,11.0,2.8,5.2,277.0,1,0,PD-1,PR,0,33.1,1
BLA00131,Bladder,54,M,2,I,129.7,10.7,3.9,5.6,222.0,0,1,PD-1,CR,0,22.1,1
BLA00132,Bladder,65,F,0,I,214.0,14.9,3.2,6.8,231.0,0,1,PD-1,PR,0,3.2,1
BLA00133,Bladder,39,F,2,II,100.0,12.3,3.7,8.2,192.0,0,0,PD-1,PD,0,25.1,1
BLA00134,Bladder,59,M,2,II,210.3,14.5,3.6,5.8,218.0,1,1,PD-1,PR,0,24.6,1
BLA00135,Bladder,71,M,1,II,225.4,14.6,4.4,5.8,240.0,0,1,PD-1,PD,0,12.9,1
BLA00136,Bladder,52,M,1,III,144.4,11.8,3.5,9.8,289.0,1,0,Chemo,PD,0,43.5,1
BLA00137,Bladder,28,M,1,III,163.7,11.6,5.1,8.8,284.0,1,1,Target,PD,0,8.6,1
BLA00138,Bladder,52,F,0,III,245.7,11.5,3.6,6.5,160.0,0,2,Target,SD,0,2.1,1
BLA00139,Bladder,54,M,1,III,214.0,10.3,3.7,6.0,142.0,0,1,Chemo,PD,0,10.2,1
BLA00140,Bladder,72,M,0,IV,195.8,11.8,4.1,4.8,211.0,0,1,PD-1,PD,0,9.0,1
BLA00141,Bladder,81,F,1,II,100.0,11.9,3.7,7.8,376.0,1,1,PD-1,PD,0,60.0,0
BLA00142,Bladder,81,F,0,IV,125.9,13.3,4.5,10.0,282.0,0,1,PD-1,PD,0,17.1,1
BLA00143,Bladder,75,M,1,IV,100.0,11.8,2.9,6.1,262.0,0,2,Chemo,SD,0,7.0,1
BLA00144,Bladder,74,F,0,III,261.5,13.6,4.1,7.3,309.0,0,0,Chemo,PD,0,2.1,1
BLA00145,Bladder,51,M,2,III,136.8,13.2,3.6,7.8,152.0,1,1,Chemo,PD,0,26.3,1
BLA00146,Bladder,40,F,1,IV,433.2,13.5,4.4,5.7,308.0,0,1,PD-1,SD,0,12.7,1
BLA00147,Bladder,56,M,1,III,372.9,12.3,4.0,4.8,203.0,1,1,Target,SD,0,6.0,1
BLA00148,Bladder,36,F,2,II,405.8,13.0,4.2,4.5,121.0,1,3,PD-1,CR,0,0.9,1
BLA00149,Bladder,68,F,1,IV,145.0,12.5,4.5,9.4,235.0,0,1,PD-1,PD,0,4.8,1
BLA00150,Bladder,79,M,0,III,123.4,9.0,4.7,6.4,335.0,1,2,PD-1,SD,0,3.7,1
BLA00151,Bladder,60,F,0,IV,146.2,11.2,4.2,9.2,265.0,0,2,PD-1,PR,0,23.6,1
BLA00152,Bladder,39,M,0,I,319.9,10.2,4.8,7.4,241.0,0,0,PD-1,PR,0,25.7,1
BLA00153,Bladder,43,F,0,III,366.7,15.0,3.4,10.8,189.0,1,0,Chemo,SD,0,2.6,1
BLA00154,Bladder,42,M,2,IV,154.9,13.9,3.8,4.4,237.0,0,3,Chemo,PD,0,19.8,1
BLA00155,Bladder,50,F,2,IV,357.9,12.5,3.6,9.0,423.0,1,0,PD-1,PR,4,53.0,0
BLA00156,Bladder,35,M,0,I,157.3,12.8,4.0,6.4,312.0,1,1,PD-1,PD,0,45.9,1
BLA00157,Bladder,54,M,0,III,204.1,14.8,4.1,4.0,252.0,0,1,Chemo,SD,0,13.8,1
BLA00158,Bladder,52,F,1,II,138.7,11.0,3.7,5.9,174.0,1,0,Chemo,PD,0,42.6,1
BLA00159,Bladder,80,M,0,IV,602.7,14.5,4.5,3.0,100.0,0,1,PD-1,SD,1,23.9,1
BLA00160,Bladder,47,F,0,IV,557.1,15.6,2.3,3.4,151.0,0,0,PD-1,PR,0,48.3,0
BLA00161,Bladder,39,F,2,II,291.0,12.1,4.5,8.3,223.0,0,1,PD-1,PD,0,22.7,1
BLA00162,Bladder,72,M,1,IV,156.8,10.4,3.7,6.9,171.0,0,1,Chemo,PD,0,13.4,1
BLA00163,Bladder,35,M,2,III,100.0,11.6,4.2,8.1,130.0,0,2,PD-1,PD,0,9.6,1
BLA00164,Bladder,67,F,0,II,188.5,14.1,3.3,7.7,237.0,0,2,Chemo,SD,0,12.1,1
BLA00165,Bladder,45,F,0,II,256.5,13.1,4.1,6.9,136.0,0,1,PD-1,CR,0,57.3,0
BLA00166,Bladder,69,M,2,II,100.0,12.6,4.1,8.9,281.0,0,0,PD-1,PD,0,31.5,1
BLA00167,Bladder,63,F,1,IV,518.2,10.3,4.5,4.2,317.0,1,1,PD-1,PR,0,7.6,1
BLA00168,Bladder,55,F,1,III,423.6,12.1,4.4,8.9,383.0,0,1,PD-1,PD,0,26.9,1
BLA00169,Bladder,39,M,1,IV,105.2,12.7,3.3,6.6,164.0,0,0,Chemo,PD,0,2.3,1
BLA00170,Bladder,41,F,1,II,197.8,11.1,4.0,7.1,199.0,0,3,PD-1,CR,0,8.1,1
BLA00171,Bladder,49,F,3,III,207.4,11.2,4.4,9.8,165.0,1,0,Chemo,PR,0,5.4,1
BLA00172,Bladder,48,F,2,I,176.9,13.5,3.7,4.2,326.0,0,2,PD-1,SD,3,4.5,1
BLA00173,Bladder,83,M,1,II,211.8,13.2,3.1,8.2,178.0,0,1,PD-1,CR,0,20.4,1
BLA00174,Bladder,69,M,1,II,124.3,12.1,4.0,4.9,211.0,0,3,PD-1,SD,0,17.9,1
BLA00175,Bladder,60,M,0,III,168.6,11.6,3.3,9.8,249.0,0,1,PD-1,SD,0,10.5,1
BLA00176,Bladder,57,M,1,III,199.4,11.8,3.7,10.7,167.0,0,1,PD-1,PR,0,20.9,1
BLA00177,Bladder,68,M,1,IV,124.9,14.1,3.5,8.4,351.0,0,1,PD-1,PD,0,20.6,1
BLA00178,Bladder,28,M,0,II,280.5,13.2,3.8,9.0,151.0,0,1,Chemo,SD,0,12.6,1
BLA00179,Bladder,25,M,2,III,183.7,12.4,4.5,3.0,262.0,1,0,PD-1,SD,2,10.9,1
BLA00180,Bladder,62,M,0,IV,134.6,15.3,4.3,5.7,170.0,0,1,Chemo,SD,0,3.1,1
BLA00181,Bladder,80,M,1,II,105.4,10.7,4.6,7.0,209.0,0,2,Chemo,PD,0,60.0,0
BLA00182,Bladder,35,F,2,III,264.4,9.7,4.2,7.7,252.0,1,2,PD-1,CR,1,24.5,1
BLA00183,Bladder,45,F,0,II,191.8,7.3,4.1,6.1,174.0,0,3,Chemo,CR,0,60.0,0
BLA00184,Bladder,49,M,1,II,115.3,13.1,4.6,6.1,100.0,0,1,Chemo,PD,0,3.7,1
BLA00185,Bladder,82,M,0,IV,150.1,15.1,3.3,5.5,338.0,1,1,Chemo,CR,0,12.3,1
BLA00186,Bladder,74,F,0,II,146.9,15.0,4.7,7.1,100.0,0,2,PD-1,PR,0,7.6,1
BLA00187,Bladder,52,F,1,III,301.0,10.8,4.3,5.2,209.0,0,0,Chemo,PD,0,45.1,1
BLA00188,Bladder,74,F,0,II,455.0,10.4,4.4,3.1,252.0,0,2,PD-1,SD,0,31.4,1
BLA00189,Bladder,76,F,0,I,166.0,7.4,3.7,3.0,248.0,0,1,Target,PD,0,18.6,1
BLA00190,Bladder,30,M,1,IV,226.3,10.7,3.6,8.0,260.0,0,0,Chemo,SD,0,0.0,1
BLA00191,Bladder,70,F,1,IV,264.2,9.8,4.0,7.2,231.0,0,1,PD-1,PR,0,15.9,1
BLA00192,Bladder,30,F,1,III,100.0,14.5,3.4,7.0,260.0,0,0,PD-1,PR,0,7.8,1
BLA00193,Bladder,46,M,0,IV,186.9,12.3,3.8,8.9,280.0,0,1,PD-1,SD,0,27.6,1
BLA00194,Bladder,39,F,2,IV,237.4,12.1,3.8,3.9,358.0,1,1,PD-1,SD,0,6.4,1
BLA00195,Bladder,78,M,0,IV,247.7,10.6,3.8,6.7,204.0,0,1,Target,PD,0,19.5,1
BLA00196,Bladder,57,F,1,IV,155.0,9.3,3.6,9.9,351.0,0,1,PD-1,CR,0,10.1,1
BLA00197,Bladder,41,M,1,II,100.0,9.4,3.2,6.2,227.0,1,2,Chemo,PD,0,12.0,1
BLA00198,Bladder,36,M,2,IV,244.7,10.0,4.2,6.6,296.0,0,3,PD-1,SD,0,22.3,1
BLA00199,Bladder,55,F,1,III,209.2,13.6,4.1,9.0,269.0,0,1,Chemo,PD,0,16.8,1
BLA00200,Bladder,59,F,2,IV,298.6,9.2,3.4,6.5,172.0,1,1,PD-1,PD,0,10.2,1
BLA00201,Bladder,58,M,0,IV,100.0,13.1,4.2,3.4,130.0,0,0,Chemo,PD,0,8.8,1
BLA00202,Bladder,56,F,1,I,184.9,18.0,3.8,6.7,284.0,1,3,Target,PD,0,28.3,1
BLA00203,Bladder,47,M,1,IV,149.0,11.2,3.5,5.7,158.0,1,1,Chemo,PR,0,25.3,1
BLA00204,Bladder,62,F,0,III,135.3,12.7,4.3,4.5,171.0,1,0,PD-1,PD,0,39.4,1
BLA00205,Bladder,29,F,0,III,100.0,12.1,4.0,9.7,223.0,1,1,PD-1,SD,0,60.0,0
BLA00206,Bladder,64,M,1,I,100.7,9.4,4.7,7.4,336.0,0,0,PD-1,SD,1,24.1,1
BLA00207,Bladder,26,M,0,IV,196.9,9.9,3.6,8.9,357.0,0,1,PD-1,PD,0,6.4,1
BLA00208,Bladder,83,M,0,III,116.3,11.1,4.2,3.9,139.0,0,0,PD-1,PD,1,18.1,1
BLA00209,Bladder,55,F,0,IV,101.1,11.9,4.8,6.4,100.0,1,0,PD-1,SD,0,17.9,1
BLA00210,Bladder,36,F,2,II,174.7,15.9,4.0,8.8,237.0,0,0,PD-1,SD,1,19.3,1
BLA00211,Bladder,63,F,0,III,111.0,10.7,3.5,7.9,195.0,1,2,Chemo,PD,0,10.8,1
BLA00212,Bladder,70,F,0,III,173.8,10.4,3.7,9.5,381.0,1,2,PD-1,PD,2,6.5,1
BLA00213,Bladder,66,M,1,IV,170.2,10.1,4.7,6.1,308.0,0,0,PD-1,SD,0,18.7,1
BLA00214,Bladder,44,M,2,III,202.9,14.4,4.7,7.2,183.0,0,2,Chemo,PD,0,31.6,1
BLA00215,Bladder,38,M,1,III,103.3,10.9,3.7,7.4,142.0,0,0,Chemo,PR,0,34.2,1
BLA00216,Bladder,35,F,3,IV,301.5,15.3,3.6,7.6,287.0,0,0,Chemo,PD,0,6.1,1
BLA00217,Bladder,84,M,3,III,284.5,12.7,4.4,7.2,199.0,0,0,Chemo,PD,0,3.0,1
BLA00218,Bladder,55,F,2,III,176.5,15.2,3.6,6.1,182.0,0,0,PD-1,PD,0,7.6,1
BLA00219,Bladder,75,M,1,III,220.3,12.1,4.0,8.6,274.0,0,0,PD-1,PR,0,7.3,1
BLA00220,Bladder,57,M,2,I,235.1,11.6,2.7,8.3,165.0,0,3,PD-1,PR,0,7.7,1
BLA00221,Bladder,50,M,0,III,253.3,12.5,4.8,7.5,269.0,0,2,PD-1,PD,0,36.7,1
BLA00222,Bladder,26,F,1,III,244.7,14.7,4.1,5.6,283.0,0,0,Chemo,SD,0,43.0,1
BLA00223,Bladder,55,F,0,IV,238.7,12.5,3.8,6.4,142.0,0,2,PD-1,PR,2,6.7,1
BLA00224,Bladder,79,F,0,IV,214.5,13.1,4.2,3.9,282.0,0,2,PD-1,PD,1,9.5,1
BLA00225,Bladder,59,F,0,IV,227.0,12.2,4.3,6.1,248.0,1,0,PD-1,SD,0,16.4,1
BLA00226,Bladder,51,F,0,III,100.0,11.6,3.1,7.1,100.0,0,0,PD-1,PR,1,35.9,1
BLA00227,Bladder,29,M,0,II,100.0,13.1,3.6,8.9,267.0,0,1,Chemo,SD,0,3.0,1
BLA00228,Bladder,35,M,0,III,252.2,12.5,3.8,5.7,195.0,1,0,PD-1,SD,0,5.6,1
BLA00229,Bladder,75,M,1,III,100.0,12.5,3.3,6.1,221.0,1,3,PD-1,PR,0,3.2,1
BLA00230,Bladder,63,M,1,I,182.3,9.6,3.8,8.9,300.0,1,0,Target,PD,0,60.0,0
BLA00231,Bladder,52,F,1,III,111.0,11.0,3.8,9.5,218.0,0,2,Chemo,SD,0,3.6,1
BLA00232,Bladder,40,M,0,III,207.7,12.1,3.6,6.6,379.0,0,2,PD-1,PD,0,3.6,1
BLA00233,Bladder,76,F,2,III,100.0,9.4,3.7,8.3,100.0,0,1,Chemo,PD,0,12.4,1
BLA00234,Bladder,64,F,1,III,214.3,13.5,3.9,5.3,261.0,1,0,PD-1,SD,0,16.7,1
BLA00235,Bladder,50,M,1,III,165.5,9.7,3.1,7.4,184.0,1,0,Chemo,SD,0,60.0,0
BLA00236,Bladder,48,F,1,IV,101.3,10.5,4.4,6.9,196.0,0,2,Chemo,CR,0,10.9,1
BLA00237,Bladder,28,F,1,IV,310.4,12.7,4.2,4.9,167.0,0,0,PD-1,PD,0,6.7,1
BLA00238,Bladder,36,M,0,IV,497.6,9.3,3.8,7.6,299.0,0,0,PD-1,PD,0,22.0,1
BLA00239,Bladder,42,F,0,IV,100.0,13.4,4.0,6.1,144.0,0,0,PD-1,SD,0,3.0,1
BLA00240,Bladder,79,F,2,IV,121.5,9.6,4.0,10.5,377.0,0,0,PD-1,PD,0,10.5,1
BLA00241,Bladder,38,F,0,III,100.0,12.8,4.9,5.8,311.0,1,0,Chemo,SD,0,12.2,1
BLA00242,Bladder,41,M,1,III,100.0,11.0,3.6,3.6,195.0,0,1,PD-1,PR,0,5.5,1
BLA00243,Bladder,68,F,1,IV,191.9,12.3,4.1,7.1,214.0,0,0,PD-1,PR,0,16.3,1
BLA00244,Bladder,65,M,3,IV,100.0,11.5,2.8,8.4,318.0,0,0,PD-1,PD,0,11.1,1
BLA00245,Bladder,40,F,0,III,100.0,10.5,4.1,6.4,265.0,1,0,PD-1,SD,0,14.4,1
BLA00246,Bladder,77,M,1,III,114.7,7.3,3.8,7.9,354.0,0,0,PD-1,SD,0,7.1,1
BLA00247,Bladder,66,M,2,III,173.3,9.5,4.2,8.6,233.0,0,1,Chemo,PD,0,8.1,1
BLA00248,Bladder,44,M,0,II,352.3,8.6,4.1,6.3,328.0,0,0,PD-1,SD,0,21.5,1
BLA00249,Bladder,76,F,0,IV,219.8,10.8,4.0,12.2,305.0,0,0,PD-1,PD,2,3.5,1
BLA00250,Bladder,67,F,1,III,216.6,13.3,4.1,6.5,305.0,0,1,PD-1,PD,0,2.1,1
BLA00251,Bladder,52,F,0,III,109.3,15.2,4.4,10.8,238.0,1,0,Chemo,PD,0,23.9,1
BLA00252,Bladder,84,M,2,IV,307.1,14.3,3.9,8.9,289.0,0,2,PD-1,PD,2,15.3,1
BLA00253,Bladder,65,F,1,III,343.8,13.6,3.8,10.4,214.0,1,2,PD-1,SD,0,23.4,1
BLA00254,Bladder,25,M,0,III,306.1,15.2,4.5,8.5,191.0,0,0,PD-1,PD,0,17.7,1
BLA00255,Bladder,40,M,1,III,114.7,14.3,4.1,7.9,264.0,1,1,PD-1,PD,0,26.6,1
BLA00256,Bladder,28,M,0,II,291.7,15.7,3.6,5.5,304.0,0,1,Chemo,CR,0,20.3,1
BLA00257,Bladder,78,M,2,II,375.1,12.4,4.2,6.1,252.0,0,3,Chemo,PD,0,31.7,1
BLA00258,Bladder,56,M,0,III,296.9,13.1,3.9,5.1,141.0,0,0,Chemo,SD,0,34.6,1
BLA00259,Bladder,53,M,1,II,162.6,9.4,3.3,7.7,226.0,0,1,Target,SD,0,60.0,0
BLA00260,Bladder,32,M,0,IV,109.4,9.3,4.2,9.3,271.0,0,1,PD-1,PD,0,9.4,1
BLA00261,Bladder,26,F,1,IV,202.5,13.5,3.8,7.4,376.0,1,2,PD-1,PR,0,21.1,1
BLA00262,Bladder,70,M,2,II,133.3,9.8,3.1,8.3,321.0,0,0,Chemo,CR,0,60.0,0
BLA00263,Bladder,48,F,0,III,100.0,12.1,3.3,9.5,338.0,0,1,PD-1,PR,0,13.3,1
BLA00264,Bladder,65,M,0,II,122.7,15.5,4.3,5.9,100.0,0,0,PD-1,SD,0,40.5,1
BLA00265,Bladder,80,F,2,II,211.7,12.0,4.1,8.5,394.0,1,0,Chemo,PD,0,1.8,1
BLA00266,Bladder,70,M,1,IV,235.3,13.0,3.9,9.6,289.0,0,0,PD-1,SD,2,13.3,1
BLA00267,Bladder,38,F,1,II,455.4,11.4,4.2,8.9,157.0,0,1,Chemo,PD,0,24.0,1
BLA00268,Bladder,77,M,2,IV,410.9,14.0,4.3,10.0,151.0,1,2,Chemo,SD,0,4.0,1
BLA00269,Bladder,68,F,2,III,240.8,13.4,4.4,9.6,197.0,1,1,Chemo,PD,0,26.6,1
BLA00270,Bladder,67,M,0,III,111.2,13.4,4.4,5.2,182.0,1,0,Chemo,PD,0,13.2,1
BLA00271,Bladder,25,F,1,II,193.2,13.6,3.7,6.3,272.0,0,1,Chemo,SD,0,6.9,1
BLA00272,Bladder,78,M,1,III,140.0,11.0,2.8,8.0,197.0,1,0,PD-1,PD,3,3.9,1
BLA00273,Bladder,57,F,0,III,100.0,17.2,3.7,7.2,271.0,1,3,PD-1,CR,0,25.5,1
BLA00274,Bladder,35,M,2,II,898.3,11.6,5.2,3.0,237.0,0,0,PD-1,PD,0,43.1,1
BLA00275,Bladder,44,F,0,II,100.0,11.5,4.4,3.0,331.0,0,1,Chemo,CR,0,0.5,1
BLA00276,Bladder,81,F,0,IV,100.0,10.4,3.8,3.0,243.0,0,0,PD-1,PD,4,7.7,1
BLA00277,Bladder,39,M,2,III,100.0,12.0,3.8,8.9,118.0,0,1,Chemo,PR,0,0.1,1
BLA00278,Bladder,52,M,0,IV,159.3,12.4,4.6,7.8,163.0,0,3,PD-1,CR,2,24.0,1
BLA00279,Bladder,45,F,0,III,329.7,11.6,3.4,6.5,295.0,0,0,Chemo,SD,0,6.7,1
BLA00280,Bladder,47,M,1,IV,118.0,14.6,4.3,5.8,369.0,0,1,Chemo,PR,0,24.3,1
BLA00281,Bladder,33,M,1,IV,248.8,12.6,3.3,8.7,284.0,0,2,PD-1,SD,0,16.7,1
BLA00282,Bladder,44,M,0,IV,224.1,13.8,4.6,8.3,416.0,0,0,PD-1,SD,0,0.4,1
BLA00283,Bladder,77,M,2,I,149.6,8.2,4.0,3.9,100.0,0,1,Chemo,PR,0,4.4,1
BLA00284,Bladder,78,F,0,II,100.0,11.5,4.5,5.1,262.0,0,1,PD-1,PD,0,30.6,1
BLA00285,Bladder,41,M,0,IV,300.9,13.1,3.8,6.3,127.0,0,0,PD-1,PR,1,1.8,1
BLA00286,Bladder,66,F,0,III,199.1,10.0,5.0,6.0,301.0,0,1,Chemo,SD,0,4.2,1
BLA00287,Bladder,39,M,0,III,180.9,10.1,4.1,6.4,354.0,1,1,PD-1,SD,0,5.5,1
BLA00288,Bladder,68,M,0,I,382.3,12.0,4.3,5.8,135.0,0,2,PD-1,SD,0,11.1,1
BLA00289,Bladder,29,M,1,III,216.5,12.0,4.6,5.4,335.0,1,0,PD-1,PR,0,12.6,1
BLA00290,Bladder,70,M,3,III,114.0,10.9,4.9,7.8,400.0,0,3,Chemo,PD,0,1.1,1
BLA00291,Bladder,66,M,2,IV,334.6,11.6,3.9,7.6,180.0,0,2,Chemo,CR,0,9.5,1
BLA00292,Bladder,76,M,2,II,405.4,13.9,4.1,3.0,388.0,0,1,Chemo,PD,0,16.4,1
BLA00293,Bladder,57,M,2,IV,229.0,11.2,4.2,5.7,183.0,1,2,Chemo,PD,0,35.8,1
BLA00294,Bladder,54,M,0,IV,159.9,9.4,4.6,3.2,266.0,0,1,Chemo,SD,0,14.5,1
BLA00295,Bladder,40,F,0,III,505.6,11.9,4.4,10.1,458.0,0,1,PD-1,PD,0,7.1,1
BLA00296,Bladder,60,M,1,III,461.0,11.0,3.1,7.0,211.0,0,0,Chemo,SD,0,13.1,1
BLA00297,Bladder,61,M,1,III,232.7,14.0,3.3,6.2,227.0,1,3,PD-1,PR,0,4.3,1
BLA00298,Bladder,65,M,0,III,100.0,15.1,4.4,7.9,246.0,0,2,PD-1,SD,0,3.1,1
BLA00299,Bladder,73,M,3,III,119.2,9.9,4.8,9.2,217.0,0,3,Chemo,PR,0,1.1,1
BLA00300,Bladder,62,M,1,III,729.0,12.9,3.8,3.2,397.0,1,0,Chemo,CR,0,37.4,1
BLA00301,Bladder,48,M,2,III,123.0,7.6,4.3,5.3,263.0,0,2,PD-1,SD,0,12.1,1
BLA00302,Bladder,49,M,0,IV,366.0,13.4,3.8,7.0,399.0,1,2,Chemo,CR,0,16.4,1
BLA00303,Bladder,51,M,0,III,100.0,12.8,4.1,4.6,330.0,0,1,Chemo,SD,0,8.0,1
BLA00304,Bladder,29,F,1,IV,119.0,12.2,3.6,5.6,158.0,0,2,PD-1,SD,1,1.9,1
BLA00305,Bladder,74,M,0,IV,131.7,12.0,3.7,3.4,324.0,0,0,PD-1,PR,0,9.2,1
BLA00306,Bladder,73,M,3,IV,252.3,10.0,3.9,5.2,240.0,0,0,Chemo,PD,0,35.7,1
BLA00307,Bladder,45,M,2,III,212.8,10.3,4.1,5.4,256.0,0,0,Chemo,SD,0,2.7,1
BLA00308,Bladder,67,F,1,II,909.8,10.1,4.8,10.2,401.0,0,0,Target,SD,0,1.8,1
BLA00309,Bladder,59,M,3,IV,100.0,12.5,3.6,8.3,211.0,1,1,PD-1,PD,0,10.6,1
BLA00310,Bladder,30,M,0,III,100.0,9.0,4.7,4.3,246.0,1,3,PD-1,SD,0,3.1,1
BLA00311,Bladder,33,M,1,III,126.2,8.8,4.4,5.9,383.0,1,0,Target,SD,0,16.7,1
BLA00312,Bladder,69,F,0,III,218.0,14.9,3.7,7.6,239.0,1,1,Target,SD,0,26.9,1
BLA00313,Bladder,51,F,0,III,229.7,12.4,3.7,5.4,275.0,0,1,PD-1,PD,0,5.0,1
BLA00314,Bladder,25,F,0,IV,171.9,9.0,3.4,5.7,225.0,0,0,Chemo,PD,0,7.7,1
BLA00315,Bladder,54,M,0,IV,100.0,13.9,3.6,10.3,228.0,1,3,Target,SD,0,8.3,1
BLA00316,Bladder,39,M,0,I,166.8,10.3,3.2,4.5,199.0,1,3,PD-1,PD,0,1.9,1
BLA00317,Bladder,56,M,0,III,101.8,10.7,4.0,11.2,145.0,0,0,Target,PD,0,30.4,1
BLA00318,Bladder,44,M,1,III,177.3,12.0,3.8,4.5,199.0,0,2,Target,PD,0,10.7,1
BLA00319,Bladder,28,F,1,IV,311.1,9.3,3.6,3.0,277.0,0,0,Target,PD,0,15.2,1
BLA00320,Bladder,84,F,0,I,100.0,13.2,4.6,10.3,173.0,0,1,Target,CR,0,60.0,0
BLA00321,Bladder,79,M,0,IV,351.8,10.8,4.1,7.6,231.0,1,0,PD-1,PR,1,13.9,1
BLA00322,Bladder,58,F,1,IV,100.0,7.0,4.1,6.7,332.0,1,0,PD-1,PR,0,22.2,1
BLA00323,Bladder,72,M,1,IV,100.0,12.7,4.5,7.8,256.0,1,1,PD-1,PR,0,0.0,1
BLA00324,Bladder,80,F,0,II,840.7,14.7,3.4,4.1,428.0,0,2,PD-1,PD,2,60.0,0
BLA00325,Bladder,62,M,2,IV,127.4,14.5,3.9,5.9,300.0,1,2,PD-1,PD,0,1.0,1
BLA00326,Bladder,44,M,2,II,326.7,9.4,4.5,8.9,101.0,0,1,Chemo,PD,0,7.8,1
BLA00327,Bladder,71,F,1,IV,421.1,13.0,3.3,5.6,171.0,1,0,Chemo,PD,0,4.4,1
BLA00328,Bladder,75,F,1,IV,331.2,11.1,4.2,5.6,100.0,1,0,PD-1,SD,0,14.5,1
BLA00329,Bladder,82,M,2,IV,100.0,12.5,4.7,9.3,233.0,1,1,PD-1,SD,0,24.8,1
BLA00330,Bladder,52,M,3,III,150.4,9.2,3.1,6.9,361.0,0,1,PD-1,PD,0,11.6,1
BLA00331,Bladder,63,F,3,III,100.5,10.7,4.7,7.7,269.0,1,1,Chemo,CR,0,21.5,1
BLA00332,Bladder,49,M,2,II,224.1,9.9,4.4,4.2,192.0,0,0,PD-1,SD,1,30.4,1
BLA00333,Bladder,35,M,2,I,121.4,8.2,4.1,7.0,382.0,0,0,PD-1,SD,2,47.9,1
BLA00334,Bladder,74,M,1,I,368.8,9.8,4.6,9.8,181.0,0,0,PD-1,PD,0,5.2,1
BLA00335,Bladder,32,F,1,III,262.4,12.1,4.2,3.4,306.0,1,2,PD-1,PR,0,1.1,1
BLA00336,Bladder,58,F,2,I,129.0,9.3,3.5,5.0,191.0,0,0,Chemo,PD,0,35.6,1
BLA00337,Bladder,51,M,0,II,174.4,12.0,3.8,9.4,285.0,1,3,PD-1,PD,0,43.1,1
BLA00338,Bladder,68,F,0,II,229.5,13.3,4.0,7.8,213.0,1,0,PD-1,PD,0,4.0,1
BLA00339,Bladder,46,M,1,III,170.2,14.3,4.3,5.4,158.0,0,1,Chemo,CR,0,19.5,1
BLA00340,Bladder,32,M,1,III,105.4,15.5,3.6,6.8,122.0,0,0,Chemo,PD,0,29.4,1
BLA00341,Bladder,57,M,2,IV,147.6,13.5,4.1,6.4,290.0,0,1,Chemo,SD,0,10.6,1
BLA00342,Bladder,63,F,0,III,131.0,9.6,4.0,3.0,320.0,0,2,Target,PD,0,60.0,0
BLA00343,Bladder,33,M,2,IV,100.0,13.0,4.1,7.1,295.0,0,3,Chemo,PD,0,22.0,1
BLA00344,Bladder,78,M,0,IV,297.4,13.8,4.4,3.9,253.0,0,2,PD-1,PD,0,14.2,1
BLA00345,Bladder,46,F,0,III,121.1,10.1,3.8,7.5,120.0,0,2,Chemo,PR,0,60.0,0
BLA00346,Bladder,33,M,0,IV,126.2,14.2,3.5,3.8,258.0,0,2,Chemo,PR,0,42.0,1
BLA00347,Bladder,55,M,2,IV,280.3,10.8,3.9,8.7,261.0,0,0,Chemo,PD,0,60.0,0
BLA00348,Bladder,58,M,0,IV,209.6,12.1,3.2,6.8,411.0,0,1,PD-1,PR,0,18.6,1
BLA00349,Bladder,28,M,0,III,147.2,14.2,4.3,4.6,213.0,0,1,Chemo,PD,0,27.5,1
BLA00350,Bladder,70,M,3,IV,197.3,11.0,4.2,4.6,219.0,0,0,PD-1,PD,0,0.9,1
HEA00001,HeadNeck,58,F,1,II,100.0,9.1,3.4,4.0,253.0,1,1,Chemo,PD,0,60.0,0
HEA00002,HeadNeck,41,M,0,II,414.0,9.7,4.6,5.1,156.0,0,0,PD-1,SD,0,22.4,1
HEA00003,HeadNeck,39,F,0,I,222.3,10.5,4.0,9.9,358.0,1,2,PD-1,PD,0,60.0,0
HEA00004,HeadNeck,45,M,0,IV,256.2,9.1,4.0,8.7,100.0,0,1,PD-1,PD,0,5.4,1
HEA00005,HeadNeck,82,F,1,IV,220.7,6.0,3.7,6.3,292.0,0,2,Chemo,PD,0,0.6,1
HEA00006,HeadNeck,25,M,1,IV,238.3,13.5,3.6,6.4,289.0,0,3,PD-1,PD,0,9.9,1
HEA00007,HeadNeck,69,M,1,II,228.3,10.8,4.3,6.5,254.0,0,1,PD-1,PD,2,17.7,1
HEA00008,HeadNeck,62,M,0,IV,438.5,13.9,4.3,8.5,282.0,1,0,PD-1,PR,0,2.1,1
HEA00009,HeadNeck,58,F,0,III,800.1,12.1,5.5,8.6,144.0,0,2,Chemo,SD,0,36.3,1
HEA00010,HeadNeck,53,M,0,IV,347.6,8.4,3.8,8.1,166.0,0,0,PD-1,PR,0,10.2,1
HEA00011,HeadNeck,26,M,0,IV,382.8,11.9,3.8,8.4,148.0,1,0,PD-1,PR,0,3.3,1
HEA00012,HeadNeck,44,F,0,IV,138.4,14.8,4.6,8.0,157.0,1,0,PD-1,PR,0,6.1,1
HEA00013,HeadNeck,66,M,0,III,158.8,11.8,4.4,3.0,194.0,1,0,PD-1,PD,0,4.0,1
HEA00014,HeadNeck,74,M,1,III,225.6,10.6,3.9,7.6,236.0,1,2,PD-1,PR,0,0.6,1
HEA00015,HeadNeck,81,F,1,IV,250.0,9.1,4.2,6.2,330.0,0,0,Target,PD,0,3.0,1
HEA00016,HeadNeck,68,M,0,II,226.9,10.8,4.8,11.3,406.0,0,0,PD-1,PD,0,32.8,1
HEA00017,HeadNeck,75,F,0,II,101.6,9.7,3.4,4.0,184.0,1,0,PD-1,CR,1,4.6,1
HEA00018,HeadNeck,37,M,0,III,140.9,11.0,3.6,4.5,244.0,0,1,Target,CR,0,12.3,1
HEA00019,HeadNeck,32,M,0,IV,145.4,7.6,4.2,7.2,258.0,0,0,Target,PD,0,9.3,1
HEA00020,HeadNeck,47,M,0,I,239.2,9.6,3.7,4.6,179.0,0,0,PD-1,PR,0,0.1,1
HEA00021,HeadNeck,83,M,0,III,149.5,13.2,3.7,12.1,213.0,0,1,PD-1,PR,0,26.4,1
HEA00022,HeadNeck,72,F,1,III,160.5,12.3,4.6,8.1,385.0,1,0,Chemo,SD,0,11.0,1
HEA00023,HeadNeck,35,F,2,III,154.7,11.3,4.2,5.8,346.0,0,1,PD-1,PR,0,11.2,1
HEA00024,HeadNeck,47,M,1,III,264.0,9.5,4.0,7.8,356.0,0,3,Chemo,PD,0,21.8,1
HEA00025,HeadNeck,76,M,0,IV,372.8,15.3,3.6,7.4,294.0,0,2,Target,PD,0,28.0,1
HEA00026,HeadNeck,60,F,1,IV,112.3,16.4,4.2,5.7,318.0,1,0,PD-1,PR,0,5.0,1
HEA00027,HeadNeck,52,F,1,IV,286.3,9.5,4.6,4.4,279.0,0,1,PD-1,SD,0,13.8,1
HEA00028,HeadNeck,41,F,2,II,105.3,13.7,3.4,4.7,378.0,0,1,Chemo,SD,0,2.9,1
HEA00029,HeadNeck,32,M,0,III,267.9,9.6,3.4,6.1,100.0,0,2,Chemo,PR,0,8.8,1
HEA00030,HeadNeck,25,F,2,III,100.0,13.1,4.3,9.0,162.0,1,0,Chemo,PD,0,13.1,1
HEA00031,HeadNeck,53,M,0,II,415.3,7.2,3.7,8.2,132.0,0,0,PD-1,SD,1,18.2,1
HEA00032,HeadNeck,76,M,1,II,153.8,10.8,3.6,11.4,195.0,0,2,Chemo,SD,0,40.5,1
HEA00033,HeadNeck,27,F,0,III,206.3,12.4,3.7,5.3,254.0,0,2,Chemo,PD,0,3.1,1
HEA00034,HeadNeck,37,M,0,IV,194.1,12.8,4.4,4.6,238.0,0,1,PD-1,PD,3,2.3,1
HEA00035,HeadNeck,57,M,2,II,409.7,10.0,4.4,6.7,182.0,1,0,PD-1,PD,3,60.0,0
HEA00036,HeadNeck,47,M,1,II,122.1,13.2,4.2,7.9,264.0,0,2,PD-1,SD,0,0.6,1
HEA00037,HeadNeck,47,M,2,IV,175.4,11.8,3.8,7.9,278.0,0,0,PD-1,PR,0,20.7,1
HEA00038,HeadNeck,58,M,1,III,199.1,9.1,3.6,7.7,292.0,0,0,Target,PD,0,17.7,1
HEA00039,HeadNeck,50,M,1,II,325.2,9.7,3.7,7.4,311.0,1,2,PD-1,CR,1,49.8,0
HEA00040,HeadNeck,29,F,1,IV,114.9,15.3,3.6,5.9,200.0,1,1,PD-1,PR,0,10.8,1
HEA00041,HeadNeck,32,F,1,II,100.0,12.4,3.8,6.2,330.0,0,0,PD-1,PD,2,12.4,1
HEA00042,HeadNeck,41,F,1,I,100.0,11.1,4.0,10.1,244.0,0,2,PD-1,PD,0,23.5,1
HEA00043,HeadNeck,49,M,0,III,279.9,9.0,4.4,4.6,310.0,0,1,Chemo,PR,0,60.0,0
HEA00044,HeadNeck,47,M,0,I,189.7,10.9,4.0,7.5,199.0,0,1,PD-1,PR,0,29.5,1
HEA00045,HeadNeck,79,F,0,I,173.8,12.4,3.9,9.3,387.0,0,2,PD-1,SD,0,21.7,1
HEA00046,HeadNeck,52,M,0,III,109.1,12.8,4.9,5.0,290.0,0,1,Chemo,PD,0,35.2,1
HEA00047,HeadNeck,58,F,1,IV,189.0,12.3,2.3,5.0,259.0,0,0,PD-1,SD,0,1.7,1
HEA00048,HeadNeck,32,M,1,III,246.0,10.6,4.3,7.6,153.0,0,3,PD-1,PD,0,34.0,1
HEA00049,HeadNeck,67,F,0,III,168.8,8.2,4.3,7.9,337.0,0,0,Chemo,PD,0,17.1,1
HEA00050,HeadNeck,84,F,1,IV,394.7,11.8,4.3,6.4,163.0,1,3,PD-1,SD,0,16.4,1
HEA00051,HeadNeck,43,M,0,I,300.8,11.9,4.5,7.9,427.0,1,0,PD-1,PD,0,12.6,1
HEA00052,HeadNeck,37,M,1,III,167.5,10.2,3.4,3.7,309.0,1,1,PD-1,SD,0,45.6,1
HEA00053,HeadNeck,50,F,1,II,274.3,11.6,4.5,5.7,146.0,0,1,PD-1,SD,1,35.2,1
HEA00054,HeadNeck,63,M,1,III,188.9,12.2,4.2,9.3,267.0,0,3,PD-1,SD,2,23.7,1
HEA00055,HeadNeck,75,M,0,III,218.0,12.7,3.8,3.3,407.0,1,2,PD-1,SD,0,3.7,1
HEA00056,HeadNeck,30,F,1,III,157.8,13.6,4.3,11.1,249.0,0,0,Target,PD,0,2.0,1
HEA00057,HeadNeck,37,F,1,III,201.8,7.1,4.1,6.7,221.0,1,0,PD-1,SD,0,8.1,1
HEA00058,HeadNeck,73,M,2,IV,100.0,12.9,3.5,10.2,275.0,0,0,PD-1,SD,0,4.8,1
HEA00059,HeadNeck,76,M,1,I,112.3,8.8,3.0,9.3,190.0,1,0,Chemo,SD,0,60.0,0
HEA00060,HeadNeck,81,M,1,IV,368.2,9.9,3.3,7.5,357.0,0,1,Chemo,PD,0,41.2,1
HEA00061,HeadNeck,79,M,2,I,149.5,14.2,3.6,7.5,181.0,0,3,PD-1,SD,0,11.9,1
HEA00062,HeadNeck,47,F,0,III,100.0,9.5,4.2,10.8,285.0,1,1,PD-1,PR,2,5.8,1
HEA00063,HeadNeck,60,M,1,II,490.1,13.8,3.3,4.9,350.0,1,1,PD-1,PD,0,6.7,1
HEA00064,HeadNeck,82,M,0,IV,151.7,10.8,4.2,6.8,254.0,0,1,PD-1,PR,1,0.6,1
HEA00065,HeadNeck,67,M,2,IV,249.9,15.0,4.2,5.8,353.0,0,1,Chemo,SD,0,28.6,1
HEA00066,HeadNeck,41,M,1,III,133.4,9.3,5.0,5.3,235.0,1,1,PD-1,PD,0,11.5,1
HEA00067,HeadNeck,25,F,1,IV,315.6,11.8,4.2,9.3,160.0,0,2,PD-1,SD,0,1.0,1
HEA00068,HeadNeck,67,F,0,IV,181.8,6.4,3.0,7.8,309.0,1,1,Target,PR,0,1.7,1
HEA00069,HeadNeck,75,F,1,IV,100.0,12.2,4.6,7.7,277.0,0,1,PD-1,PR,0,1.0,1
HEA00070,HeadNeck,37,F,0,IV,629.1,8.7,3.5,7.7,173.0,1,3,Chemo,PR,0,0.8,1
HEA00071,HeadNeck,52,M,1,I,127.7,11.5,3.5,8.6,243.0,0,2,PD-1,CR,0,40.3,1
HEA00072,HeadNeck,79,M,0,IV,149.9,10.2,3.9,6.6,172.0,1,2,PD-1,PR,1,4.9,1
HEA00073,HeadNeck,38,F,0,IV,100.0,15.6,4.3,9.2,250.0,0,0,PD-1,SD,0,0.1,1
HEA00074,HeadNeck,72,F,0,II,100.0,11.1,3.9,6.8,433.0,1,1,PD-1,PR,2,37.1,1
HEA00075,HeadNeck,38,F,0,IV,349.9,15.3,4.0,7.0,327.0,0,1,PD-1,PD,1,1.6,1
HEA00076,HeadNeck,31,F,0,II,205.4,10.0,3.5,6.2,300.0,0,1,Target,PD,0,22.6,1
HEA00077,HeadNeck,61,M,0,III,100.0,6.0,3.4,6.7,263.0,1,1,PD-1,SD,1,26.6,1
HEA00078,HeadNeck,65,F,0,I,144.6,13.5,4.1,7.6,334.0,0,1,PD-1,SD,1,9.0,1
HEA00079,HeadNeck,67,F,2,III,227.4,9.6,3.2,6.9,256.0,1,2,PD-1,SD,0,5.5,1
HEA00080,HeadNeck,42,M,0,IV,260.3,14.2,3.6,5.4,107.0,0,3,Target,SD,0,35.3,1
HEA00081,HeadNeck,65,M,1,I,106.6,11.7,3.8,6.5,143.0,0,1,PD-1,PD,1,12.3,1
HEA00082,HeadNeck,33,M,0,III,133.3,13.2,4.1,6.3,206.0,0,2,Chemo,PD,0,13.0,1
HEA00083,HeadNeck,62,F,2,IV,120.8,13.8,3.9,6.7,216.0,0,2,PD-1,SD,2,2.0,1
HEA00084,HeadNeck,44,M,1,IV,144.7,16.4,3.8,3.2,252.0,0,0,Chemo,PD,0,34.4,1
HEA00085,HeadNeck,45,M,2,II,207.5,14.1,3.4,8.4,345.0,0,0,PD-1,SD,1,2.2,1
HEA00086,HeadNeck,62,M,1,II,295.2,12.4,3.8,6.6,281.0,0,0,PD-1,SD,0,60.0,0
HEA00087,HeadNeck,60,M,2,II,208.6,13.7,3.9,7.6,264.0,0,1,PD-1,CR,1,9.5,1
HEA00088,HeadNeck,49,F,0,II,212.6,13.5,4.2,8.0,162.0,0,1,PD-1,SD,0,40.9,1
HEA00089,HeadNeck,67,M,1,IV,161.5,13.0,3.6,4.8,238.0,1,1,PD-1,PD,0,1.9,1
HEA00090,HeadNeck,26,F,1,IV,100.0,16.1,3.6,8.2,200.0,0,2,Target,CR,0,4.0,1
HEA00091,HeadNeck,68,M,3,III,166.1,11.5,3.4,4.9,168.0,0,0,Chemo,PR,0,21.1,1
HEA00092,HeadNeck,54,F,0,II,140.5,12.3,4.1,7.6,100.0,0,2,Target,PD,0,35.0,1
HEA00093,HeadNeck,32,F,0,IV,120.0,10.8,3.8,3.3,155.0,0,0,PD-1,PR,4,13.9,1
HEA00094,HeadNeck,49,F,1,II,183.1,17.5,3.9,3.0,390.0,1,2,PD-1,PR,0,14.2,1
HEA00095,HeadNeck,54,F,2,I,100.0,11.4,3.8,8.8,343.0,0,2,PD-1,PD,0,47.4,1
HEA00096,HeadNeck,54,M,0,IV,137.2,12.7,3.8,8.0,182.0,0,1,Chemo,PD,0,8.0,1
HEA00097,HeadNeck,37,F,0,II,119.9,10.1,3.7,6.5,211.0,0,0,Chemo,SD,0,60.0,0
HEA00098,HeadNeck,55,M,0,III,109.5,11.2,4.3,6.8,451.0,0,0,Chemo,SD,0,31.4,1
HEA00099,HeadNeck,56,F,0,II,256.6,14.0,4.0,3.7,440.0,0,2,PD-1,SD,0,6.5,1
HEA00100,HeadNeck,60,M,0,IV,195.3,11.7,4.7,6.8,267.0,0,0,PD-1,PD,0,21.8,1
HEA00101,HeadNeck,65,M,2,III,240.2,14.4,3.8,7.1,310.0,0,1,Chemo,PD,0,33.6,1
HEA00102,HeadNeck,53,F,0,III,234.4,13.6,4.8,6.0,274.0,0,1,Chemo,PD,0,52.3,0
HEA00103,HeadNeck,72,F,1,II,100.3,11.8,3.9,6.5,225.0,0,1,PD-1,PR,0,24.3,1
HEA00104,HeadNeck,58,M,0,I,349.4,10.2,4.3,4.9,272.0,1,1,PD-1,PD,0,60.0,0
HEA00105,HeadNeck,43,F,2,III,136.2,12.6,3.7,3.9,300.0,0,1,PD-1,SD,2,11.9,1
HEA00106,HeadNeck,50,M,1,IV,357.0,12.6,4.2,7.2,334.0,0,2,PD-1,PD,1,20.3,1
HEA00107,HeadNeck,29,M,1,III,144.1,12.0,2.8,4.4,276.0,0,1,PD-1,PR,0,26.3,1
HEA00108,HeadNeck,44,F,1,IV,100.0,12.6,3.4,7.8,275.0,1,0,Chemo,PD,0,16.3,1
HEA00109,HeadNeck,38,M,2,I,100.0,10.6,3.5,7.5,149.0,0,2,PD-1,PD,0,26.5,1
HEA00110,HeadNeck,67,M,1,II,320.3,13.3,5.0,8.9,184.0,1,1,Chemo,SD,0,36.4,1
HEA00111,HeadNeck,53,F,2,II,251.3,12.9,4.5,7.5,105.0,0,1,PD-1,PD,1,38.3,1
HEA00112,HeadNeck,27,F,0,III,115.8,10.5,4.1,12.9,288.0,0,1,Chemo,SD,0,9.9,1
HEA00113,HeadNeck,44,M,1,IV,206.6,11.1,3.8,6.2,204.0,1,1,PD-1,SD,0,0.2,1
HEA00114,HeadNeck,49,M,0,III,324.8,11.9,3.7,7.6,234.0,0,2,Chemo,PD,0,3.6,1
HEA00115,HeadNeck,65,F,0,IV,481.8,11.1,3.7,5.6,257.0,1,1,PD-1,PR,2,18.0,1
HEA00116,HeadNeck,29,F,1,IV,198.6,10.4,4.3,8.9,274.0,1,2,PD-1,SD,2,8.5,1
HEA00117,HeadNeck,79,F,2,III,219.9,14.1,4.0,7.1,100.0,0,2,Chemo,SD,0,24.2,1
HEA00118,HeadNeck,80,F,0,III,164.4,13.8,4.4,3.3,281.0,0,0,Chemo,PD,0,38.6,1
HEA00119,HeadNeck,53,M,1,I,182.7,13.2,4.3,5.2,218.0,0,0,PD-1,PD,0,18.5,1
HEA00120,HeadNeck,74,M,2,III,256.0,9.7,4.2,6.5,320.0,1,2,PD-1,CR,1,2.0,1
HEA00121,HeadNeck,65,F,0,IV,100.0,15.7,3.6,4.3,224.0,1,0,PD-1,CR,0,6.0,1
HEA00122,HeadNeck,65,F,0,IV,267.7,12.6,3.6,7.9,201.0,0,0,Chemo,PD,0,7.1,1
HEA00123,HeadNeck,26,M,1,IV,143.7,11.8,4.1,4.0,341.0,0,1,PD-1,PD,0,3.3,1
HEA00124,HeadNeck,30,F,0,I,116.4,13.7,4.2,6.4,173.0,0,0,PD-1,PD,1,60.0,0
HEA00125,HeadNeck,60,M,1,II,116.7,11.8,3.9,6.2,209.0,1,0,Chemo,SD,0,12.4,1
HEA00126,HeadNeck,83,M,0,IV,567.7,6.2,3.4,8.8,176.0,1,0,Chemo,PD,0,3.1,1
HEA00127,HeadNeck,25,M,0,IV,394.8,12.5,4.1,6.3,213.0,0,1,Chemo,PD,0,2.6,1
HEA00128,HeadNeck,55,F,1,IV,108.0,14.2,4.4,8.5,385.0,0,2,PD-1,SD,1,9.6,1
HEA00129,HeadNeck,51,M,3,II,213.2,12.8,3.4,7.6,153.0,1,0,PD-1,PD,0,7.3,1
HEA00130,HeadNeck,69,F,0,II,208.1,8.3,3.9,4.5,230.0,1,1,PD-1,CR,1,23.5,1
HEA00131,HeadNeck,61,F,1,IV,513.0,13.7,3.5,11.2,313.0,0,0,Chemo,SD,0,5.6,1
HEA00132,HeadNeck,70,M,1,I,139.2,12.5,4.5,8.9,232.0,0,1,PD-1,PR,2,2.7,1
HEA00133,HeadNeck,84,M,2,II,100.0,12.7,5.0,4.9,281.0,0,0,PD-1,SD,1,19.3,1
HEA00134,HeadNeck,70,M,0,III,168.6,9.0,4.7,4.7,207.0,1,0,PD-1,CR,0,11.0,1
HEA00135,HeadNeck,43,M,3,II,154.0,10.9,3.2,9.2,241.0,0,3,Chemo,SD,0,40.0,1
HEA00136,HeadNeck,25,M,0,II,238.4,9.8,4.2,8.6,229.0,0,3,Chemo,PR,0,60.0,0
HEA00137,HeadNeck,55,F,3,II,303.5,13.8,4.3,8.1,235.0,1,1,PD-1,SD,1,7.0,1
HEA00138,HeadNeck,42,M,2,IV,360.2,12.9,4.9,4.9,344.0,1,0,PD-1,SD,1,0.0,1
HEA00139,HeadNeck,31,F,2,II,353.3,10.7,3.7,5.6,201.0,0,1,Chemo,SD,0,8.8,1
HEA00140,HeadNeck,73,F,2,IV,267.7,10.5,3.9,9.4,275.0,0,3,Chemo,PD,0,30.2,1
HEA00141,HeadNeck,56,F,2,III,340.6,11.4,3.4,8.0,327.0,1,0,PD-1,CR,2,60.0,0
HEA00142,HeadNeck,59,M,2,IV,100.0,12.6,3.3,5.3,294.0,0,0,PD-1,PD,1,3.6,1
HEA00143,HeadNeck,56,F,2,IV,155.3,13.8,4.0,9.6,228.0,1,1,PD-1,PR,1,5.3,1
HEA00144,HeadNeck,83,M,1,III,182.0,10.2,4.7,10.8,358.0,0,1,PD-1,PR,0,59.7,0
HEA00145,HeadNeck,25,F,2,IV,238.2,12.7,4.0,5.8,263.0,0,0,Target,SD,0,0.2,1
HEA00146,HeadNeck,57,M,0,II,124.3,11.3,4.0,5.5,320.0,1,2,Chemo,PD,0,60.0,0
HEA00147,HeadNeck,36,M,1,III,121.2,6.1,3.4,9.8,208.0,1,1,Chemo,PD,0,30.8,1
HEA00148,HeadNeck,69,M,1,III,146.5,10.9,4.1,10.1,297.0,0,0,Chemo,CR,0,24.7,1
HEA00149,HeadNeck,48,M,2,IV,235.4,12.8,3.7,10.0,304.0,1,0,PD-1,PR,3,4.7,1
HEA00150,HeadNeck,78,F,1,IV,100.0,10.4,3.8,7.6,189.0,1,3,PD-1,SD,0,9.2,1
HEA00151,HeadNeck,28,F,0,I,179.2,12.7,4.9,5.8,359.0,0,2,PD-1,PR,1,1.4,1
HEA00152,HeadNeck,39,M,1,III,117.5,13.4,3.8,8.7,340.0,1,0,Chemo,PD,0,23.0,1
HEA00153,HeadNeck,56,M,0,IV,108.2,14.3,3.8,6.2,207.0,0,1,PD-1,PD,2,6.3,1
HEA00154,HeadNeck,48,F,1,II,221.2,9.9,4.1,6.1,137.0,0,1,PD-1,PD,0,10.7,1
HEA00155,HeadNeck,47,F,2,III,197.6,14.4,2.2,7.2,236.0,0,1,PD-1,PR,2,20.9,1
HEA00156,HeadNeck,49,F,2,III,204.9,12.1,3.6,6.9,242.0,0,0,Chemo,PR,0,11.6,1
HEA00157,HeadNeck,73,F,2,II,200.7,8.9,3.1,5.8,202.0,0,0,PD-1,PD,1,36.1,1
HEA00158,HeadNeck,50,M,1,III,419.9,11.5,3.7,4.7,212.0,1,0,PD-1,SD,2,10.6,1
HEA00159,HeadNeck,45,M,0,IV,367.6,11.4,5.0,6.5,316.0,1,3,Chemo,SD,0,18.5,1
HEA00160,HeadNeck,30,M,1,IV,100.0,10.9,2.6,5.6,378.0,0,2,Chemo,PD,0,10.4,1
HEA00161,HeadNeck,46,F,1,III,135.2,9.5,3.2,4.2,313.0,0,1,PD-1,SD,0,7.6,1
HEA00162,HeadNeck,82,M,0,IV,145.2,12.5,4.7,7.2,350.0,0,1,PD-1,PD,1,23.9,1
HEA00163,HeadNeck,69,F,1,III,100.0,11.9,3.9,7.3,250.0,0,0,Chemo,PD,0,18.7,1
HEA00164,HeadNeck,63,M,2,I,929.6,10.9,4.2,8.4,127.0,0,1,PD-1,PR,0,60.0,0
HEA00165,HeadNeck,61,F,1,IV,192.8,10.1,4.0,7.2,206.0,0,1,Chemo,SD,0,29.0,1
HEA00166,HeadNeck,35,M,1,IV,100.0,8.3,4.1,6.8,192.0,0,1,PD-1,CR,0,2.8,1
HEA00167,HeadNeck,61,M,1,II,343.9,15.1,3.8,8.4,329.0,1,0,Chemo,SD,0,28.3,1
HEA00168,HeadNeck,54,M,1,IV,196.4,11.5,2.4,7.2,100.0,1,1,Chemo,PR,0,2.4,1
HEA00169,HeadNeck,55,F,0,IV,114.9,13.6,4.0,7.5,262.0,0,2,Chemo,CR,0,60.0,0
HEA00170,HeadNeck,57,M,2,II,275.4,14.2,4.5,8.0,238.0,0,0,PD-1,CR,1,25.6,1
HEA00171,HeadNeck,69,M,1,IV,314.2,14.1,4.5,5.8,279.0,1,2,PD-1,SD,0,3.1,1
HEA00172,HeadNeck,36,M,1,IV,274.5,13.3,4.3,8.8,174.0,0,2,PD-1,SD,2,0.4,1
HEA00173,HeadNeck,51,M,1,III,251.8,12.4,3.9,7.0,343.0,1,0,PD-1,PD,0,2.3,1
HEA00174,HeadNeck,82,M,2,III,118.6,8.6,4.1,6.7,264.0,0,1,Target,PR,0,6.6,1
HEA00175,HeadNeck,38,F,0,IV,100.0,15.2,4.4,8.8,160.0,1,0,PD-1,SD,0,8.3,1
HEA00176,HeadNeck,77,M,2,IV,100.0,9.7,3.2,6.0,172.0,0,1,Chemo,PD,0,0.7,1
HEA00177,HeadNeck,82,M,2,I,136.3,15.0,4.9,6.1,216.0,0,1,Target,SD,0,31.2,1
HEA00178,HeadNeck,25,M,2,III,100.0,11.4,4.5,7.9,293.0,0,2,Target,PD,0,17.4,1
HEA00179,HeadNeck,82,M,1,IV,534.5,14.0,4.9,7.4,189.0,1,1,Chemo,SD,0,5.3,1
HEA00180,HeadNeck,69,F,2,I,100.0,13.7,4.2,13.6,298.0,0,1,PD-1,PR,0,18.4,1
HEA00181,HeadNeck,74,M,1,IV,161.8,12.7,3.7,9.0,246.0,0,3,PD-1,SD,0,21.9,1
HEA00182,HeadNeck,73,F,1,IV,196.7,12.7,4.2,3.0,369.0,0,3,Chemo,PR,0,4.1,1
HEA00183,HeadNeck,32,F,2,IV,351.1,11.6,4.4,7.6,203.0,0,0,Chemo,SD,0,13.2,1
HEA00184,HeadNeck,32,M,1,II,243.0,12.1,5.0,3.3,246.0,0,1,PD-1,PR,0,22.8,1
HEA00185,HeadNeck,64,F,0,IV,204.0,12.1,3.9,6.2,320.0,1,0,Chemo,SD,0,19.9,1
HEA00186,HeadNeck,53,F,0,IV,736.5,12.3,3.8,7.4,183.0,1,0,PD-1,CR,0,16.4,1
HEA00187,HeadNeck,50,M,1,I,476.0,11.7,4.5,6.1,176.0,0,1,Chemo,CR,0,26.4,1
HEA00188,HeadNeck,50,M,2,III,229.8,9.3,3.9,3.0,157.0,1,0,Chemo,SD,0,17.3,1
HEA00189,HeadNeck,73,M,2,II,215.7,11.2,3.7,7.1,297.0,0,0,PD-1,SD,2,9.8,1
HEA00190,HeadNeck,44,M,2,II,167.4,12.9,3.7,5.9,134.0,1,1,Chemo,PR,0,54.6,0
HEA00191,HeadNeck,68,F,0,II,280.4,11.7,3.0,8.3,273.0,0,1,Chemo,PD,0,60.0,0
HEA00192,HeadNeck,67,M,1,III,145.1,12.0,3.6,3.2,194.0,0,3,PD-1,PR,0,3.3,1
HEA00193,HeadNeck,73,F,1,IV,116.3,10.8,4.2,5.5,195.0,1,1,PD-1,CR,1,3.3,1
HEA00194,HeadNeck,76,M,1,I,418.3,13.1,4.0,8.6,100.0,0,3,Chemo,CR,0,59.1,0
HEA00195,HeadNeck,31,F,0,IV,114.6,13.2,4.2,3.0,242.0,0,1,PD-1,SD,0,1.6,1
HEA00196,HeadNeck,56,M,0,IV,177.4,7.3,4.7,8.0,190.0,0,0,Target,PD,0,6.5,1
HEA00197,HeadNeck,66,F,0,IV,143.7,8.9,5.2,5.4,233.0,1,1,Chemo,PD,0,12.2,1
HEA00198,HeadNeck,79,F,1,IV,174.1,11.6,3.9,6.5,234.0,0,1,PD-1,CR,0,21.5,1
HEA00199,HeadNeck,73,F,1,IV,204.6,13.0,3.4,4.7,388.0,0,0,PD-1,SD,0,4.4,1
HEA00200,HeadNeck,82,F,0,IV,181.9,12.6,3.8,6.4,177.0,0,0,Chemo,PD,0,4.6,1
HEA00201,HeadNeck,42,M,1,IV,107.2,11.7,4.4,4.9,290.0,0,1,Chemo,PD,0,2.7,1
HEA00202,HeadNeck,83,M,0,I,141.9,13.7,5.2,4.5,222.0,0,1,PD-1,PR,0,49.4,0
HEA00203,HeadNeck,46,M,2,III,268.4,13.2,4.1,8.6,297.0,1,1,PD-1,PD,0,6.0,1
HEA00204,HeadNeck,83,F,0,III,207.3,11.6,4.2,6.7,235.0,0,3,Chemo,PD,0,8.8,1
HEA00205,HeadNeck,53,M,0,III,229.8,11.7,3.9,7.5,392.0,0,0,Chemo,SD,0,6.6,1
HEA00206,HeadNeck,56,M,1,III,311.8,9.4,4.1,7.1,245.0,0,1,PD-1,CR,0,0.6,1
HEA00207,HeadNeck,78,F,0,IV,250.6,12.2,4.6,9.6,258.0,1,3,Chemo,SD,0,29.8,1
HEA00208,HeadNeck,73,M,1,IV,126.5,13.1,4.4,7.8,345.0,0,0,Chemo,PD,0,54.5,0
HEA00209,HeadNeck,44,M,0,II,220.3,10.6,4.0,8.0,221.0,0,0,PD-1,PR,0,60.0,0
HEA00210,HeadNeck,55,F,0,III,217.1,12.1,4.1,8.4,333.0,0,0,PD-1,PR,0,1.1,1
HEA00211,HeadNeck,67,F,0,IV,100.0,12.7,3.8,5.3,345.0,1,0,Chemo,PR,0,9.7,1
HEA00212,HeadNeck,65,M,0,III,100.0,13.7,4.6,10.6,206.0,0,1,PD-1,PD,3,0.0,1
HEA00213,HeadNeck,32,F,0,IV,236.7,11.4,4.9,4.3,314.0,0,1,PD-1,CR,0,13.7,1
HEA00214,HeadNeck,67,M,1,III,129.3,10.3,3.6,7.6,173.0,1,2,Chemo,PD,0,6.9,1
HEA00215,HeadNeck,60,M,1,III,137.4,11.3,3.6,7.6,267.0,1,0,PD-1,PD,1,8.4,1
HEA00216,HeadNeck,75,M,1,III,213.6,12.6,3.8,11.8,198.0,0,1,Chemo,PD,0,26.4,1
HEA00217,HeadNeck,32,F,0,I,182.9,12.5,4.4,7.8,245.0,0,2,PD-1,SD,0,4.5,1
HEA00218,HeadNeck,33,F,1,IV,175.2,8.9,3.8,5.5,305.0,0,2,PD-1,SD,0,9.0,1
HEA00219,HeadNeck,38,M,3,III,444.9,11.3,4.5,5.7,340.0,1,0,PD-1,SD,0,1.8,1
HEA00220,HeadNeck,70,F,0,III,156.0,10.0,3.2,6.1,100.0,0,0,Target,SD,0,60.0,0
HEA00221,HeadNeck,57,M,0,IV,211.9,12.1,4.0,7.2,180.0,0,2,PD-1,PR,0,15.1,1
HEA00222,HeadNeck,82,F,2,III,127.3,12.7,4.1,7.4,359.0,1,0,Chemo,SD,0,4.7,1
HEA00223,HeadNeck,39,M,1,III,337.4,14.0,3.5,7.8,250.0,0,1,PD-1,CR,1,16.8,1
HEA00224,HeadNeck,54,F,2,IV,221.8,14.5,3.9,7.1,247.0,0,0,Target,SD,0,2.7,1
HEA00225,HeadNeck,54,M,1,IV,521.5,13.0,4.6,8.1,329.0,1,0,PD-1,PD,1,2.0,1
HEA00226,HeadNeck,64,F,0,IV,197.5,11.2,3.9,4.7,100.0,1,0,PD-1,SD,1,18.6,1
HEA00227,HeadNeck,55,M,0,IV,218.2,11.0,4.2,3.8,170.0,0,1,PD-1,SD,1,11.0,1
HEA00228,HeadNeck,29,M,1,IV,177.0,12.9,4.7,9.2,329.0,0,1,Chemo,PD,0,23.8,1
HEA00229,HeadNeck,43,F,1,III,465.8,13.5,3.5,3.8,116.0,0,0,Chemo,PD,0,34.6,1
HEA00230,HeadNeck,72,F,1,I,226.1,9.6,4.1,6.8,253.0,0,0,Target,PR,0,30.4,1
HEA00231,HeadNeck,66,F,3,II,172.6,16.8,2.6,5.4,100.0,0,1,PD-1,SD,1,1.0,1
HEA00232,HeadNeck,35,M,1,IV,106.0,12.9,3.3,10.5,207.0,0,0,Chemo,SD,0,8.8,1
HEA00233,HeadNeck,61,M,1,II,100.0,13.7,4.4,10.8,340.0,0,0,PD-1,PR,1,4.5,1
HEA00234,HeadNeck,34,F,1,IV,191.5,12.9,3.7,7.0,101.0,0,0,Chemo,PD,0,1.2,1
HEA00235,HeadNeck,72,M,0,IV,151.1,9.9,4.1,6.4,224.0,0,0,PD-1,SD,0,6.9,1
HEA00236,HeadNeck,60,F,1,II,100.0,11.1,3.2,6.5,321.0,0,1,Chemo,PD,0,4.5,1
HEA00237,HeadNeck,57,M,3,II,141.7,10.4,2.6,7.4,181.0,0,2,Target,PD,0,10.8,1
HEA00238,HeadNeck,48,F,2,IV,100.0,8.6,3.6,8.7,276.0,0,0,PD-1,CR,0,2.4,1
HEA00239,HeadNeck,39,M,0,IV,492.9,9.6,3.7,13.7,395.0,0,0,Chemo,SD,0,2.7,1
HEA00240,HeadNeck,53,F,0,IV,174.6,15.5,3.8,4.9,308.0,0,0,Chemo,SD,0,20.1,1
HEA00241,HeadNeck,63,F,0,IV,380.9,11.6,4.7,7.5,267.0,0,0,Chemo,PR,0,5.5,1
HEA00242,HeadNeck,51,F,1,II,237.5,13.7,3.0,6.7,378.0,1,3,Chemo,PD,0,22.4,1
HEA00243,HeadNeck,44,F,0,IV,333.8,10.9,3.6,6.0,262.0,0,0,PD-1,SD,1,10.8,1
HEA00244,HeadNeck,60,F,0,IV,720.9,10.6,3.8,6.1,239.0,0,0,PD-1,SD,0,18.1,1
HEA00245,HeadNeck,38,F,1,IV,296.0,15.0,3.9,6.8,166.0,0,1,Chemo,PD,0,14.1,1
HEA00246,HeadNeck,61,F,1,II,1243.5,11.6,4.5,7.4,318.0,1,1,PD-1,SD,0,0.0,1
HEA00247,HeadNeck,73,F,1,IV,263.7,11.6,4.0,7.8,413.0,0,1,PD-1,PR,0,2.1,1
HEA00248,HeadNeck,60,F,2,IV,376.9,12.5,4.4,8.0,100.0,0,3,PD-1,PD,0,1.2,1
HEA00249,HeadNeck,61,M,0,II,148.3,13.3,4.6,4.2,183.0,0,0,Chemo,SD,0,4.8,1
HEA00250,HeadNeck,48,F,0,IV,100.0,10.9,3.3,5.7,243.0,0,0,Chemo,PD,0,33.2,1
HEA00251,HeadNeck,73,F,2,II,100.0,7.6,4.6,8.1,180.0,0,0,Chemo,PD,0,16.0,1
HEA00252,HeadNeck,67,M,2,III,308.1,14.3,3.9,9.9,314.0,0,1,Chemo,SD,0,20.4,1
HEA00253,HeadNeck,60,F,2,III,135.4,12.9,4.0,8.0,299.0,0,1,Chemo,SD,0,1.3,1
HEA00254,HeadNeck,82,M,0,IV,147.8,10.2,4.1,6.4,282.0,1,1,Chemo,PD,0,9.2,1
HEA00255,HeadNeck,82,M,0,I,146.5,11.7,4.2,7.9,397.0,1,0,Chemo,PR,0,36.2,1
HEA00256,HeadNeck,53,M,1,IV,121.5,14.6,3.3,7.5,276.0,0,1,PD-1,PD,0,13.6,1
HEA00257,HeadNeck,39,F,2,IV,489.9,15.2,3.2,4.9,207.0,0,2,PD-1,PD,0,11.9,1
HEA00258,HeadNeck,63,M,0,III,106.8,11.3,3.7,6.6,158.0,1,1,Chemo,PD,0,60.0,0
HEA00259,HeadNeck,29,M,2,III,243.1,15.0,4.3,7.3,288.0,0,1,PD-1,PR,0,38.1,1
HEA00260,HeadNeck,70,M,0,III,243.1,12.0,4.6,8.4,160.0,1,0,Chemo,SD,0,16.9,1
HEA00261,HeadNeck,57,M,0,IV,100.0,10.5,3.7,9.8,309.0,1,3,Chemo,SD,0,2.8,1
HEA00262,HeadNeck,63,F,0,I,256.2,10.9,4.4,10.6,212.0,0,0,Chemo,SD,0,5.2,1
HEA00263,HeadNeck,69,M,0,III,100.0,15.6,3.9,3.7,100.0,0,1,PD-1,PR,1,45.6,1
HEA00264,HeadNeck,69,F,2,I,171.7,13.2,4.2,6.6,331.0,0,2,Chemo,SD,0,60.0,0
HEA00265,HeadNeck,25,M,1,II,144.0,10.1,3.7,10.0,296.0,0,2,PD-1,SD,0,13.7,1
HEA00266,HeadNeck,71,M,0,IV,187.2,14.1,4.1,8.5,314.0,1,0,PD-1,SD,1,9.0,1
HEA00267,HeadNeck,58,M,0,II,260.2,14.1,3.5,8.6,126.0,0,1,Chemo,PD,0,16.0,1
HEA00268,HeadNeck,64,F,1,I,106.9,11.2,4.0,5.5,357.0,0,0,PD-1,PR,0,2.2,1
HEA00269,HeadNeck,81,M,0,II,127.7,12.9,4.4,5.6,399.0,0,2,PD-1,PR,3,23.5,1
HEA00270,HeadNeck,32,F,0,II,100.0,14.8,3.8,8.3,172.0,0,0,PD-1,CR,0,10.0,1
HEA00271,HeadNeck,48,F,0,IV,100.0,9.7,4.1,6.0,281.0,0,1,PD-1,PD,0,7.9,1
HEA00272,HeadNeck,70,M,0,IV,286.0,8.4,4.2,4.7,219.0,0,3,PD-1,SD,2,16.8,1
HEA00273,HeadNeck,78,M,3,IV,145.1,10.7,4.6,7.2,217.0,0,3,PD-1,PD,0,23.6,1
HEA00274,HeadNeck,47,M,1,III,313.0,8.5,3.1,6.6,272.0,1,0,PD-1,PD,0,40.2,1
HEA00275,HeadNeck,60,F,1,II,102.5,9.5,4.4,8.7,203.0,0,0,Chemo,CR,0,52.3,0
HEA00276,HeadNeck,84,M,1,IV,114.2,14.3,3.5,7.8,236.0,0,0,Target,SD,0,5.4,1
HEA00277,HeadNeck,37,M,2,II,351.5,10.3,3.4,10.9,409.0,0,1,PD-1,PR,0,5.0,1
HEA00278,HeadNeck,61,F,0,III,208.0,11.9,3.7,5.0,147.0,1,1,PD-1,PR,0,16.8,1
HEA00279,HeadNeck,70,F,1,II,100.0,13.5,3.5,7.1,277.0,0,0,PD-1,SD,1,10.4,1
HEA00280,HeadNeck,42,F,0,II,129.1,14.4,4.1,8.1,434.0,0,0,PD-1,SD,1,3.9,1
HEA00281,HeadNeck,34,M,1,IV,303.9,12.7,3.5,8.1,254.0,0,0,PD-1,PD,0,6.3,1
HEA00282,HeadNeck,83,M,0,II,163.9,7.7,4.3,7.5,307.0,0,1,PD-1,PR,4,12.7,1
HEA00283,HeadNeck,28,M,0,III,376.3,11.9,2.9,3.5,189.0,1,3,PD-1,PR,1,10.6,1
HEA00284,HeadNeck,31,M,1,IV,100.0,13.5,4.5,3.1,180.0,0,0,PD-1,SD,0,0.1,1
HEA00285,HeadNeck,60,M,0,IV,375.4,12.3,3.2,4.9,143.0,0,1,PD-1,PR,0,3.0,1
HEA00286,HeadNeck,46,F,2,III,100.0,13.1,4.2,8.0,257.0,1,2,PD-1,SD,0,6.7,1
HEA00287,HeadNeck,67,F,0,III,210.0,10.7,3.6,3.2,397.0,1,1,PD-1,PR,0,22.3,1
HEA00288,HeadNeck,67,F,1,III,320.0,12.2,3.8,8.3,301.0,0,0,Chemo,PR,0,20.3,1
HEA00289,HeadNeck,36,M,2,III,195.9,13.3,3.6,6.4,264.0,0,1,PD-1,PD,0,10.9,1
HEA00290,HeadNeck,48,M,0,III,255.5,14.9,2.9,6.3,217.0,1,3,PD-1,SD,0,47.5,1
HEA00291,HeadNeck,71,M,2,II,335.2,10.7,3.8,10.9,211.0,1,0,PD-1,PR,0,10.2,1
HEA00292,HeadNeck,61,F,0,III,241.0,10.7,3.4,10.6,183.0,1,3,PD-1,SD,0,8.0,1
HEA00293,HeadNeck,32,F,3,IV,150.3,15.2,3.3,5.7,193.0,0,0,Chemo,PR,0,19.2,1
HEA00294,HeadNeck,44,M,0,II,158.1,11.3,3.8,8.5,291.0,0,0,Target,PR,0,5.8,1
HEA00295,HeadNeck,67,M,1,IV,109.1,12.4,3.9,7.1,445.0,0,2,PD-1,SD,0,2.1,1
HEA00296,HeadNeck,42,M,0,II,100.0,12.5,4.0,8.7,319.0,0,2,PD-1,PR,0,3.1,1
HEA00297,HeadNeck,49,F,1,IV,399.4,12.0,4.2,6.2,209.0,0,0,Target,SD,0,11.5,1
HEA00298,HeadNeck,74,M,1,IV,261.9,15.9,3.4,4.3,189.0,0,0,PD-1,CR,0,12.1,1
HEA00299,HeadNeck,47,M,1,IV,431.9,11.5,3.3,6.9,183.0,0,3,PD-1,SD,2,2.5,1
HEA00300,HeadNeck,62,M,0,III,261.1,13.6,4.4,8.6,433.0,0,0,PD-1,PR,0,5.4,1
HEA00301,HeadNeck,42,M,2,I,146.5,11.2,3.8,6.7,323.0,0,0,PD-1,PD,0,51.6,0
HEA00302,HeadNeck,75,F,2,IV,100.0,15.7,5.0,8.7,283.0,0,0,PD-1,PR,2,0.9,1
HEA00303,HeadNeck,84,M,0,II,133.2,10.4,3.0,9.5,342.0,0,1,PD-1,PR,0,60.0,0
HEA00304,HeadNeck,70,M,1,IV,271.7,13.2,4.2,9.4,306.0,1,3,Chemo,PD,0,6.3,1
HEA00305,HeadNeck,35,M,1,IV,118.2,7.3,3.6,7.9,100.0,1,0,Chemo,PD,0,5.0,1
HEA00306,HeadNeck,83,M,1,IV,399.7,11.4,3.6,4.4,167.0,0,0,Target,PR,0,4.8,1
HEA00307,HeadNeck,63,F,0,IV,145.9,13.1,3.7,3.1,343.0,1,1,PD-1,SD,0,0.5,1
HEA00308,HeadNeck,38,M,2,IV,100.0,9.1,4.7,8.2,424.0,0,1,Chemo,SD,0,4.1,1
HEA00309,HeadNeck,72,F,2,III,150.1,11.3,3.2,8.6,357.0,1,1,PD-1,PD,0,11.0,1
HEA00310,HeadNeck,46,F,1,III,208.2,18.0,3.2,7.0,247.0,0,0,PD-1,CR,1,1.0,1
HEA00311,HeadNeck,69,M,1,III,502.8,9.9,4.3,7.5,292.0,0,0,PD-1,PD,0,28.7,1
HEA00312,HeadNeck,62,F,3,III,194.0,12.5,4.9,6.8,174.0,0,0,PD-1,SD,0,33.1,1
HEA00313,HeadNeck,79,M,2,III,124.8,9.1,3.6,7.1,285.0,0,0,Chemo,PD,0,53.7,0
HEA00314,HeadNeck,39,M,1,IV,424.2,9.8,4.5,7.8,271.0,0,0,PD-1,SD,0,13.4,1
HEA00315,HeadNeck,29,M,1,III,361.2,12.9,4.4,8.8,251.0,1,3,Chemo,PR,0,1.1,1
HEA00316,HeadNeck,73,M,1,IV,169.9,11.6,4.1,7.2,305.0,0,0,Chemo,PD,0,51.6,0
HEA00317,HeadNeck,29,M,1,II,100.0,10.4,4.1,7.0,263.0,0,2,PD-1,PR,0,1.3,1
HEA00318,HeadNeck,81,M,1,IV,127.8,11.1,3.8,6.7,100.0,1,1,PD-1,PR,0,14.1,1
HEA00319,HeadNeck,74,F,1,II,280.3,14.2,4.5,7.5,202.0,0,3,PD-1,SD,0,31.5,1
HEA00320,HeadNeck,66,M,3,II,383.4,11.5,4.3,3.0,196.0,0,0,Chemo,PD,0,60.0,0
HEA00321,HeadNeck,43,F,0,IV,197.5,13.2,3.7,8.8,238.0,0,0,PD-1,PR,3,28.1,1
HEA00322,HeadNeck,58,F,0,IV,172.3,8.5,3.2,6.6,275.0,1,0,PD-1,PD,0,14.4,1
HEA00323,HeadNeck,77,M,0,III,133.3,10.9,3.6,5.4,284.0,0,1,PD-1,SD,0,11.3,1
HEA00324,HeadNeck,40,M,2,III,283.6,11.1,3.5,9.8,233.0,1,0,PD-1,PD,0,31.8,1
HEA00325,HeadNeck,45,M,1,III,100.0,10.5,4.0,6.5,241.0,0,2,Chemo,SD,0,4.4,1
HEA00326,HeadNeck,69,M,1,II,130.5,11.7,4.2,4.9,100.0,0,1,PD-1,PR,1,15.7,1
HEA00327,HeadNeck,56,F,1,IV,412.9,11.4,4.2,8.5,335.0,0,1,Chemo,PD,0,26.7,1
HEA00328,HeadNeck,84,M,2,IV,324.9,13.5,4.2,6.0,264.0,0,1,PD-1,CR,3,0.5,1
HEA00329,HeadNeck,77,M,1,III,441.9,14.2,4.1,6.2,236.0,1,0,Chemo,PD,0,54.3,0
HEA00330,HeadNeck,78,F,1,III,122.6,10.8,4.0,8.7,226.0,0,0,PD-1,PD,0,3.9,1
HEA00331,HeadNeck,43,F,0,II,100.0,14.4,4.0,9.0,131.0,1,1,PD-1,PD,0,20.1,1
HEA00332,HeadNeck,48,M,1,IV,440.7,10.5,4.6,4.3,408.0,0,0,PD-1,SD,0,19.9,1
HEA00333,HeadNeck,59,M,0,IV,282.2,12.2,3.8,6.8,198.0,0,3,Chemo,SD,0,16.7,1
HEA00334,HeadNeck,42,M,2,IV,335.7,9.3,3.9,4.1,123.0,0,2,PD-1,SD,0,4.4,1
HEA00335,HeadNeck,81,M,2,III,284.6,11.4,2.9,6.1,236.0,1,1,PD-1,SD,0,16.4,1
HEA00336,HeadNeck,38,M,0,I,552.0,15.1,3.7,5.4,253.0,0,1,PD-1,PD,2,35.1,1
HEA00337,HeadNeck,46,F,0,IV,277.3,12.3,3.8,9.1,340.0,0,1,PD-1,PR,0,7.1,1
HEA00338,HeadNeck,63,F,0,III,205.5,11.5,4.6,4.8,238.0,0,1,Target,SD,0,0.1,1
HEA00339,HeadNeck,54,F,0,II,220.3,8.0,3.3,8.1,229.0,0,1,PD-1,PR,0,33.1,1
HEA00340,HeadNeck,36,F,1,III,208.4,11.9,3.9,6.4,189.0,0,0,Target,SD,0,55.2,0
HEA00341,HeadNeck,73,M,3,III,467.4,12.2,3.9,3.8,130.0,0,1,PD-1,PR,0,12.0,1
HEA00342,HeadNeck,36,M,1,IV,385.1,11.1,4.3,5.4,144.0,0,2,Chemo,SD,0,20.0,1
HEA00343,HeadNeck,54,M,0,II,470.2,11.3,3.8,4.4,294.0,1,1,PD-1,PD,0,31.6,1
HEA00344,HeadNeck,27,F,1,IV,100.0,11.8,4.3,5.4,287.0,1,0,PD-1,SD,0,16.9,1
HEA00345,HeadNeck,79,F,2,II,157.8,12.1,4.1,5.0,327.0,0,0,PD-1,SD,0,0.3,1
HEA00346,HeadNeck,64,M,3,II,106.2,11.6,3.6,6.3,236.0,1,1,PD-1,PD,0,39.4,1
HEA00347,HeadNeck,56,M,0,IV,559.8,14.3,3.4,8.9,371.0,0,3,Target,SD,0,5.7,1
HEA00348,HeadNeck,51,F,1,IV,117.6,9.9,5.0,5.3,176.0,1,2,PD-1,PR,0,28.5,1
HEA00349,HeadNeck,52,F,1,III,263.6,15.1,3.7,4.7,215.0,0,2,Chemo,SD,0,14.8,1
HEA00350,HeadNeck,42,F,1,IV,606.1,11.5,3.2,5.8,242.0,0,3,PD-1,SD,0,4.8,1
HEA00351,HeadNeck,77,M,1,IV,224.5,13.1,3.8,6.4,241.0,1,0,Chemo,PD,0,11.1,1
HEA00352,HeadNeck,77,M,1,IV,147.8,14.1,3.7,5.4,184.0,1,0,PD-1,SD,0,1.2,1
HEA00353,HeadNeck,49,M,0,III,208.4,12.4,3.4,4.4,171.0,0,0,PD-1,SD,1,16.1,1
HEA00354,HeadNeck,39,F,0,III,100.0,11.9,4.0,8.5,100.0,1,1,PD-1,SD,1,0.3,1
HEA00355,HeadNeck,75,F,1,IV,100.0,12.3,4.1,8.2,375.0,0,0,PD-1,PD,0,15.9,1
HEA00356,HeadNeck,69,M,2,IV,256.6,8.1,3.0,6.8,251.0,1,0,PD-1,SD,0,10.2,1
HEA00357,HeadNeck,72,F,0,III,100.0,6.7,4.1,10.0,221.0,0,1,PD-1,PD,3,13.3,1
HEA00358,HeadNeck,51,M,1,II,176.5,13.5,4.4,11.9,187.0,0,0,PD-1,CR,0,10.3,1
HEA00359,HeadNeck,39,M,0,IV,169.2,11.3,3.5,9.7,257.0,1,1,PD-1,CR,1,8.3,1
HEA00360,HeadNeck,54,M,0,III,594.9,10.3,3.3,3.0,237.0,0,0,Target,PD,0,6.2,1
HEA00361,HeadNeck,35,F,3,II,251.8,12.4,3.5,7.6,388.0,0,3,Target,SD,0,38.3,1
HEA00362,HeadNeck,83,M,1,IV,154.6,11.7,3.7,5.4,211.0,0,2,PD-1,SD,0,10.4,1
HEA00363,HeadNeck,69,F,1,IV,322.8,9.4,4.0,6.3,225.0,1,2,PD-1,SD,1,3.8,1
HEA00364,HeadNeck,77,M,1,III,204.6,13.9,3.4,3.8,311.0,0,2,Target,SD,0,26.5,1
HEA00365,HeadNeck,38,F,0,IV,100.0,14.3,3.8,7.5,303.0,0,1,PD-1,CR,0,38.6,1
HEA00366,HeadNeck,69,F,1,I,218.5,12.4,3.9,10.5,154.0,1,0,Target,SD,0,13.3,1
HEA00367,HeadNeck,52,F,1,III,200.9,12.3,4.1,6.9,293.0,1,1,PD-1,PD,1,19.7,1
HEA00368,HeadNeck,32,M,2,IV,192.7,12.0,3.3,9.0,347.0,0,1,Chemo,SD,0,1.8,1
HEA00369,HeadNeck,35,F,1,II,239.8,12.2,3.6,7.7,366.0,1,0,PD-1,SD,3,4.1,1
HEA00370,HeadNeck,38,F,2,II,347.3,12.7,3.6,8.5,152.0,0,1,Chemo,SD,0,8.7,1
HEA00371,HeadNeck,75,M,2,III,228.1,11.1,4.8,3.0,247.0,1,1,PD-1,SD,2,48.7,0
HEA00372,HeadNeck,71,M,2,II,100.0,13.6,4.5,7.9,163.0,0,1,PD-1,SD,0,8.3,1
HEA00373,HeadNeck,46,F,1,II,100.0,12.3,3.9,8.7,319.0,1,0,Chemo,SD,0,8.8,1
HEA00374,HeadNeck,49,F,0,IV,145.6,13.5,3.2,10.4,262.0,0,1,PD-1,PR,0,8.6,1
HEA00375,HeadNeck,34,M,2,III,139.6,14.5,4.4,4.1,346.0,0,3,PD-1,PR,0,7.4,1
HEA00376,HeadNeck,60,M,0,I,226.5,12.1,4.5,10.3,293.0,0,2,Chemo,CR,0,60.0,0
HEA00377,HeadNeck,63,M,0,IV,405.4,12.7,3.9,6.3,177.0,0,0,PD-1,PR,0,1.8,1
HEA00378,HeadNeck,48,M,0,III,467.4,13.3,3.7,7.4,257.0,0,3,PD-1,PD,0,0.9,1
HEA00379,HeadNeck,30,F,0,IV,123.9,12.1,3.6,8.9,190.0,0,0,PD-1,SD,3,0.2,1
HEA00380,HeadNeck,57,M,1,III,100.0,11.3,4.3,8.9,164.0,1,0,PD-1,PR,0,0.4,1
HEA00381,HeadNeck,46,M,2,IV,188.8,12.4,4.3,3.6,209.0,1,3,PD-1,SD,2,19.1,1
HEA00382,HeadNeck,84,M,0,II,352.2,14.6,3.4,7.2,265.0,0,2,PD-1,PD,0,15.0,1
HEA00383,HeadNeck,44,F,2,IV,140.2,7.2,3.5,4.9,173.0,0,2,Chemo,PD,0,60.0,0
HEA00384,HeadNeck,35,F,0,IV,188.2,13.5,3.4,7.1,260.0,1,0,Chemo,PD,0,5.9,1
HEA00385,HeadNeck,75,M,1,II,164.6,12.3,4.8,5.8,142.0,0,0,PD-1,PR,0,18.1,1
HEA00386,HeadNeck,59,F,2,IV,470.6,11.0,4.1,3.7,100.0,1,0,PD-1,PR,0,2.7,1
HEA00387,HeadNeck,59,F,1,IV,724.3,13.7,4.5,5.0,393.0,1,2,PD-1,PR,1,9.7,1
HEA00388,HeadNeck,25,M,0,IV,271.0,9.6,4.0,8.1,217.0,1,0,PD-1,SD,0,8.3,1
HEA00389,HeadNeck,66,M,0,IV,274.7,11.2,4.1,7.7,234.0,0,0,PD-1,PR,0,6.3,1
HEA00390,HeadNeck,50,M,2,III,100.0,14.6,3.8,4.8,221.0,0,0,Chemo,SD,0,5.5,1
HEA00391,HeadNeck,38,M,0,III,141.0,8.2,4.7,5.9,291.0,1,1,Chemo,PD,0,11.1,1
HEA00392,HeadNeck,73,M,0,IV,308.4,13.0,4.1,7.5,263.0,0,1,PD-1,PD,1,4.8,1
HEA00393,HeadNeck,26,F,1,I,231.4,14.9,3.9,7.6,321.0,1,3,PD-1,PD,1,8.0,1
HEA00394,HeadNeck,70,F,2,IV,246.6,14.2,3.0,8.4,272.0,0,0,PD-1,CR,0,11.2,1
HEA00395,HeadNeck,29,F,1,II,100.0,12.8,4.2,7.5,248.0,1,2,PD-1,PD,0,2.0,1
HEA00396,HeadNeck,63,M,1,IV,100.0,10.1,4.2,8.2,331.0,0,1,PD-1,SD,0,6.7,1
HEA00397,HeadNeck,39,M,1,IV,586.3,13.8,4.6,6.9,220.0,0,1,PD-1,SD,0,12.2,1
HEA00398,HeadNeck,45,M,2,IV,165.8,10.7,3.8,8.0,246.0,1,0,PD-1,PR,3,6.9,1
HEA00399,HeadNeck,53,M,0,IV,100.0,11.7,3.6,10.2,230.0,1,1,PD-1,PD,0,14.4,1
HEA00400,HeadNeck,75,M,0,III,168.4,11.9,4.8,10.1,359.0,0,0,PD-1,CR,0,34.0,1
HCC00001,HCC,77,F,2,II,100.0,13.5,4.7,6.4,158.0,0,1,PD-1,SD,0,11.4,1
HCC00002,HCC,53,M,0,III,765.0,11.9,4.1,5.5,293.0,0,1,Chemo,PD,0,21.0,1
HCC00003,HCC,42,M,1,IV,147.6,11.2,4.5,3.7,265.0,0,1,Chemo,PD,0,11.6,1
HCC00004,HCC,77,M,1,III,322.6,14.2,4.0,6.4,372.0,0,0,PD-1,PD,0,2.7,1
HCC00005,HCC,42,M,1,I,175.8,13.5,4.2,8.2,191.0,0,0,PD-1,PD,0,30.3,1
HCC00006,HCC,48,M,0,III,177.6,10.2,4.0,10.7,100.0,0,2,Chemo,PD,0,5.6,1
HCC00007,HCC,81,F,2,IV,105.1,13.1,4.4,8.8,377.0,0,0,PD-1,CR,1,13.5,1
HCC00008,HCC,77,F,2,IV,644.7,12.6,4.8,7.3,189.0,1,1,PD-1,PD,0,0.8,1
HCC00009,HCC,30,M,1,I,738.2,11.7,4.4,7.0,257.0,0,3,PD-1,PD,0,1.7,1
HCC00010,HCC,52,F,2,III,133.9,11.1,3.2,5.9,114.0,0,1,Chemo,PD,0,40.2,1
HCC00011,HCC,76,F,0,II,211.9,10.1,3.5,4.5,203.0,0,0,Target,SD,0,57.6,0
HCC00012,HCC,38,F,0,IV,181.2,11.5,4.1,8.8,284.0,0,0,Target,SD,0,3.0,1
HCC00013,HCC,50,M,1,III,384.2,11.0,4.0,9.4,174.0,0,2,Target,PR,0,60.0,0
HCC00014,HCC,31,M,1,IV,532.7,13.1,4.5,4.6,195.0,0,0,Chemo,SD,0,2.6,1
HCC00015,HCC,82,M,0,IV,100.0,14.6,3.9,9.5,100.0,0,0,Target,PD,0,4.6,1
HCC00016,HCC,35,F,0,IV,100.0,11.2,3.6,7.5,373.0,1,1,PD-1,CR,0,15.8,1
HCC00017,HCC,45,M,2,IV,139.4,12.6,3.7,8.7,160.0,0,0,Chemo,PD,0,9.3,1
HCC00018,HCC,29,F,1,II,101.9,10.2,3.8,10.6,139.0,0,3,Chemo,PR,0,39.1,1
HCC00019,HCC,55,F,2,II,147.0,11.9,4.1,4.5,100.0,1,1,Target,PR,0,28.7,1
HCC00020,HCC,69,M,1,II,257.8,13.4,4.2,5.0,176.0,1,2,PD-1,PR,0,0.1,1
HCC00021,HCC,69,F,2,III,354.9,11.7,4.5,6.6,333.0,0,3,Chemo,PD,0,15.3,1
HCC00022,HCC,51,M,2,II,178.4,11.3,3.4,5.3,338.0,0,0,PD-1,PD,0,31.7,1
HCC00023,HCC,57,M,0,IV,305.3,11.3,3.7,5.6,217.0,1,0,Chemo,PR,0,42.9,1
HCC00024,HCC,58,M,0,II,150.6,12.7,4.5,8.8,136.0,0,3,Chemo,SD,0,60.0,0
HCC00025,HCC,74,F,0,II,395.9,11.8,4.3,7.4,219.0,0,1,Chemo,PD,0,11.6,1
HCC00026,HCC,60,F,0,II,100.0,10.3,4.5,7.5,227.0,0,0,Chemo,SD,0,0.9,1
HCC00027,HCC,70,F,2,III,196.4,14.1,4.4,7.2,296.0,0,1,PD-1,SD,0,24.5,1
HCC00028,HCC,29,M,2,I,100.0,10.8,3.5,5.9,259.0,1,1,PD-1,PR,0,31.5,1
HCC00029,HCC,50,F,0,IV,217.5,14.5,4.8,7.5,368.0,0,1,Chemo,SD,0,3.3,1
HCC00030,HCC,72,F,0,II,215.2,9.6,3.5,6.8,165.0,0,3,Target,SD,0,35.7,1
HCC00031,HCC,76,M,1,IV,100.0,16.1,4.1,8.9,145.0,0,3,PD-1,SD,0,5.6,1
HCC00032,HCC,59,M,0,II,194.5,14.6,4.8,8.4,235.0,1,1,Chemo,SD,0,16.2,1
HCC00033,HCC,44,M,0,I,235.6,9.8,3.2,8.0,242.0,1,1,Chemo,PR,0,1.2,1
HCC00034,HCC,38,M,2,III,344.7,12.1,4.1,7.1,315.0,0,0,Target,PD,0,60.0,0
HCC00035,HCC,29,M,0,II,413.4,12.1,3.4,6.2,248.0,0,2,Chemo,PD,0,60.0,0
HCC00036,HCC,36,F,1,IV,185.1,10.6,4.5,4.7,232.0,1,1,Chemo,SD,0,16.1,1
HCC00037,HCC,37,F,0,III,226.2,14.6,3.5,13.0,357.0,1,2,Target,PD,0,12.4,1
HCC00038,HCC,72,M,1,III,100.0,13.7,3.6,7.0,126.0,1,3,PD-1,PD,0,16.5,1
HCC00039,HCC,51,M,2,IV,193.6,13.9,4.2,8.5,429.0,0,0,Chemo,SD,0,7.6,1
HCC00040,HCC,51,F,0,IV,226.3,13.8,4.3,8.8,273.0,0,3,PD-1,PR,0,4.3,1
HCC00041,HCC,40,F,2,I,143.7,10.8,4.1,7.1,100.0,0,1,Chemo,SD,0,60.0,0
HCC00042,HCC,75,F,1,IV,190.3,12.7,4.3,6.8,227.0,0,1,Target,PD,0,1.5,1
HCC00043,HCC,78,F,1,IV,233.1,13.1,4.4,5.9,100.0,1,0,Chemo,SD,0,25.9,1
HCC00044,HCC,28,M,1,II,100.0,9.9,4.1,3.9,186.0,0,1,PD-1,PR,0,40.8,1
HCC00045,HCC,37,F,0,IV,258.2,11.1,3.8,10.7,198.0,0,2,PD-1,SD,0,4.3,1
HCC00046,HCC,42,F,2,IV,216.9,12.8,3.3,6.0,437.0,0,1,PD-1,PD,0,19.0,1
HCC00047,HCC,69,F,2,II,147.9,9.4,3.5,5.0,237.0,0,1,Chemo,PD,0,3.9,1
HCC00048,HCC,36,F,0,I,310.9,12.4,4.5,10.0,243.0,0,1,Target,PR,0,57.5,0
HCC00049,HCC,43,F,1,IV,145.7,11.8,4.2,6.6,159.0,0,1,Chemo,SD,0,11.7,1
HCC00050,HCC,41,F,2,II,572.1,9.1,3.9,7.3,420.0,0,0,Chemo,PD,0,1.9,1
HCC00051,HCC,66,M,2,IV,271.9,13.5,3.7,6.2,284.0,1,0,PD-1,SD,0,26.6,1
HCC00052,HCC,31,F,1,III,177.5,15.6,3.3,4.0,178.0,1,0,Chemo,PD,0,53.5,0
HCC00053,HCC,45,F,1,IV,282.7,11.5,4.5,7.1,187.0,0,0,Chemo,SD,0,0.3,1
HCC00054,HCC,70,F,1,IV,311.5,11.0,3.7,7.0,155.0,0,1,PD-1,PD,0,3.2,1
HCC00055,HCC,63,F,2,III,103.8,12.3,3.9,6.3,257.0,0,1,Target,SD,0,38.6,1
HCC00056,HCC,77,M,1,IV,163.6,13.2,4.4,9.1,187.0,0,2,PD-1,PD,1,3.4,1
HCC00057,HCC,25,F,0,I,131.0,9.7,3.6,8.5,207.0,0,1,PD-1,SD,0,60.0,0
HCC00058,HCC,38,M,2,III,690.6,13.2,4.1,9.9,340.0,1,1,PD-1,SD,0,0.8,1
HCC00059,HCC,27,M,1,IV,100.0,12.1,3.9,5.1,179.0,0,1,Target,SD,0,16.1,1
HCC00060,HCC,56,M,0,III,270.4,8.7,4.0,8.2,252.0,0,1,Chemo,CR,0,2.5,1
HCC00061,HCC,33,M,1,IV,124.4,11.0,3.5,11.1,201.0,0,3,PD-1,CR,0,2.7,1
HCC00062,HCC,35,M,0,III,111.3,12.0,4.3,8.3,250.0,0,3,Target,PD,0,4.4,1
HCC00063,HCC,47,M,1,I,228.4,11.2,4.2,8.3,238.0,0,1,PD-1,PR,0,35.2,1
HCC00064,HCC,54,M,0,IV,196.5,12.5,4.4,7.2,220.0,0,2,PD-1,SD,0,15.3,1
HCC00065,HCC,71,M,0,II,290.2,12.0,4.0,8.5,345.0,0,3,PD-1,PR,0,4.9,1
HCC00066,HCC,79,M,0,II,212.4,10.6,3.4,5.3,332.0,0,0,PD-1,PR,0,12.3,1
HCC00067,HCC,29,F,0,II,113.6,15.0,3.9,5.8,113.0,0,1,Target,PD,0,32.3,1
HCC00068,HCC,54,F,2,IV,338.9,8.8,3.3,5.3,100.0,0,1,Chemo,SD,0,7.1,1
HCC00069,HCC,75,F,1,I,187.2,10.6,4.8,6.2,347.0,1,1,PD-1,PD,0,43.6,1
HCC00070,HCC,50,M,0,III,107.4,13.9,3.8,6.9,239.0,0,3,PD-1,SD,0,24.6,1
HCC00071,HCC,28,F,2,II,110.1,13.2,4.0,10.1,253.0,1,0,PD-1,PD,0,58.8,0
HCC00072,HCC,76,M,0,IV,145.3,11.9,4.1,9.3,360.0,0,1,Chemo,SD,0,14.2,1
HCC00073,HCC,51,F,2,IV,471.7,15.1,3.8,5.0,177.0,0,0,PD-1,SD,0,21.3,1
HCC00074,HCC,53,F,0,III,100.0,10.4,4.6,5.2,256.0,1,0,PD-1,PR,0,13.2,1
HCC00075,HCC,69,M,2,IV,268.6,13.5,4.0,5.9,251.0,0,1,Chemo,SD,0,27.8,1
HCC00076,HCC,62,F,1,IV,257.2,9.2,3.6,5.8,339.0,1,2,PD-1,PR,0,4.0,1
HCC00077,HCC,78,M,2,III,296.8,11.7,3.9,9.3,253.0,0,2,Chemo,PR,0,38.7,1
HCC00078,HCC,83,M,0,II,174.7,12.7,4.2,10.3,222.0,0,0,Chemo,PD,0,13.2,1
HCC00079,HCC,31,F,2,IV,148.8,13.1,3.8,4.6,200.0,0,0,PD-1,PD,0,5.7,1
HCC00080,HCC,40,F,1,IV,421.9,11.0,3.9,7.6,282.0,1,1,PD-1,SD,0,18.3,1
HCC00081,HCC,32,F,0,IV,100.0,9.6,4.2,6.5,217.0,1,0,PD-1,PD,0,6.5,1
HCC00082,HCC,49,F,0,I,100.0,15.6,3.9,3.0,110.0,1,0,PD-1,PD,0,33.1,1
HCC00083,HCC,48,M,0,III,100.0,12.0,4.1,5.6,257.0,1,3,Chemo,PR,0,60.0,0
HCC00084,HCC,65,M,0,III,140.0,10.0,4.1,6.8,100.0,0,1,PD-1,PD,0,0.4,1
HCC00085,HCC,65,M,0,IV,804.1,10.9,3.7,4.8,342.0,0,1,Chemo,PD,0,1.9,1
HCC00086,HCC,75,M,0,IV,100.0,13.8,3.7,6.0,166.0,0,1,Chemo,PD,0,0.7,1
HCC00087,HCC,79,M,0,III,236.5,14.4,3.2,8.4,285.0,0,1,Chemo,PD,0,27.6,1
HCC00088,HCC,75,F,0,IV,134.5,10.8,4.6,7.3,316.0,0,2,PD-1,PR,2,5.0,1
HCC00089,HCC,45,F,1,II,158.1,16.0,4.1,8.8,316.0,0,3,Target,PD,0,2.4,1
HCC00090,HCC,67,F,0,III,104.2,11.0,3.8,4.8,393.0,0,0,Chemo,PD,0,0.3,1
HCC00091,HCC,82,M,1,IV,133.6,10.8,3.6,4.3,216.0,1,1,Target,SD,0,2.8,1
HCC00092,HCC,40,F,0,III,107.6,10.5,3.0,8.0,287.0,1,0,PD-1,PR,0,25.0,1
HCC00093,HCC,65,M,2,III,482.5,10.3,3.3,8.5,252.0,1,0,PD-1,CR,0,3.0,1
HCC00094,HCC,71,F,3,IV,153.8,12.6,4.8,3.0,250.0,1,0,PD-1,SD,0,31.6,1
HCC00095,HCC,35,M,0,IV,100.0,10.9,3.4,6.0,262.0,0,0,Chemo,PD,0,11.9,1
HCC00096,HCC,32,M,1,IV,402.9,10.1,3.8,9.6,179.0,0,0,Chemo,PD,0,3.0,1
HCC00097,HCC,59,F,0,IV,100.0,11.1,4.5,7.0,302.0,0,1,Chemo,PR,0,2.4,1
HCC00098,HCC,70,F,2,IV,281.3,13.8,3.4,4.7,216.0,0,1,PD-1,SD,0,2.3,1
HCC00099,HCC,30,M,1,II,174.7,8.0,4.1,3.9,344.0,0,1,Target,SD,0,4.8,1
HCC00100,HCC,61,M,0,IV,382.8,13.2,3.7,8.1,252.0,0,0,PD-1,PD,0,1.2,1
HCC00101,HCC,35,F,1,IV,100.9,10.1,3.7,7.7,265.0,1,0,Target,PD,0,3.5,1
HCC00102,HCC,52,F,2,IV,356.2,14.8,4.0,10.6,300.0,0,1,Chemo,PD,0,6.0,1
HCC00103,HCC,66,F,1,II,247.4,15.6,3.3,4.2,217.0,0,0,Chemo,SD,0,2.9,1
HCC00104,HCC,76,F,0,II,206.3,11.5,3.8,5.2,110.0,0,1,Chemo,PD,0,34.8,1
HCC00105,HCC,35,M,0,IV,205.6,15.4,4.0,8.8,365.0,1,1,Chemo,PD,0,13.8,1
HCC00106,HCC,30,M,2,III,105.2,10.5,3.1,5.6,351.0,1,2,PD-1,SD,1,60.0,0
HCC00107,HCC,64,F,1,IV,1208.8,9.4,4.8,3.3,235.0,0,2,Chemo,PD,0,5.9,1
HCC00108,HCC,54,F,1,II,189.3,8.7,4.7,7.0,205.0,0,1,Chemo,SD,0,8.4,1
HCC00109,HCC,80,F,3,II,162.5,8.9,3.3,5.3,100.0,0,3,Chemo,PD,0,44.2,1
HCC00110,HCC,38,F,0,II,146.0,12.1,3.6,8.8,283.0,1,3,PD-1,SD,1,51.7,0
HCC00111,HCC,37,M,0,II,221.3,9.7,4.7,6.0,151.0,0,0,PD-1,PD,0,12.8,1
HCC00112,HCC,59,M,0,IV,228.2,17.0,4.2,7.9,274.0,0,3,Chemo,PD,0,7.7,1
HCC00113,HCC,30,F,1,III,267.7,11.0,4.1,8.6,243.0,0,3,Chemo,SD,0,0.9,1
HCC00114,HCC,73,M,0,III,157.8,10.5,4.4,7.5,230.0,1,0,PD-1,PR,0,4.9,1
HCC00115,HCC,57,F,1,III,270.7,10.9,4.3,13.0,232.0,0,0,Chemo,SD,0,20.4,1
HCC00116,HCC,35,F,2,IV,325.7,12.9,4.0,7.5,252.0,0,0,Chemo,SD,0,60.0,0
HCC00117,HCC,25,F,2,III,529.8,13.1,3.6,10.4,123.0,0,0,Chemo,PR,0,29.1,1
HCC00118,HCC,51,F,0,IV,216.7,14.0,4.0,5.1,348.0,0,2,PD-1,PD,0,8.8,1
HCC00119,HCC,54,F,2,III,324.3,12.6,4.8,7.1,205.0,0,1,Chemo,PR,0,22.3,1
HCC00120,HCC,81,M,3,II,100.6,14.7,4.7,9.3,224.0,0,0,PD-1,PD,0,12.6,1
HCC00121,HCC,70,F,3,III,155.0,12.1,3.8,6.8,162.0,1,0,Target,SD,0,3.2,1
HCC00122,HCC,50,M,2,III,100.0,12.5,3.2,7.8,281.0,0,0,Target,PD,0,6.9,1
HCC00123,HCC,52,M,0,II,100.0,12.8,3.9,9.6,263.0,0,0,PD-1,PD,0,60.0,0
HCC00124,HCC,65,F,1,II,190.6,11.8,2.7,7.6,100.0,0,0,Target,PD,0,41.3,1
HCC00125,HCC,56,M,1,IV,260.9,12.1,4.3,4.1,302.0,1,2,Chemo,SD,0,13.2,1
HCC00126,HCC,34,F,0,III,248.9,10.4,3.7,7.3,377.0,0,2,PD-1,SD,0,32.5,1
HCC00127,HCC,36,F,0,II,119.5,9.1,3.5,8.4,236.0,0,3,Chemo,PD,0,3.6,1
HCC00128,HCC,77,F,2,III,292.3,14.5,3.4,7.6,114.0,0,2,Target,SD,0,2.2,1
HCC00129,HCC,84,M,3,IV,100.0,11.6,3.7,6.0,200.0,1,2,PD-1,SD,0,5.4,1
HCC00130,HCC,79,M,0,IV,125.0,10.3,3.4,4.8,156.0,0,0,Target,SD,0,31.4,1
HCC00131,HCC,60,F,0,IV,173.3,12.6,4.3,5.6,294.0,0,1,PD-1,SD,0,1.5,1
HCC00132,HCC,74,F,2,II,110.9,14.6,2.9,8.5,226.0,0,1,Chemo,PD,0,2.7,1
HCC00133,HCC,67,F,1,II,117.4,13.6,4.3,7.3,263.0,0,3,PD-1,SD,0,9.0,1
HCC00134,HCC,46,M,1,I,218.4,13.9,4.4,7.0,367.0,0,2,Chemo,PR,0,60.0,0
HCC00135,HCC,40,M,0,II,142.2,10.0,4.3,7.8,278.0,0,2,PD-1,PR,2,32.9,1
HCC00136,HCC,42,M,0,III,167.1,10.3,3.5,6.6,154.0,0,0,PD-1,PD,0,17.9,1
HCC00137,HCC,31,F,1,III,475.4,10.9,3.9,9.0,223.0,0,0,Chemo,PR,0,1.6,1
HCC00138,HCC,76,M,0,IV,289.6,12.9,3.9,4.8,242.0,0,0,Chemo,SD,0,4.1,1
HCC00139,HCC,60,M,2,I,181.9,13.1,3.2,8.5,162.0,0,0,Target,SD,0,60.0,0
HCC00140,HCC,26,F,0,IV,127.4,12.2,3.4,9.5,318.0,1,1,Chemo,SD,0,3.3,1
HCC00141,HCC,33,M,3,III,343.3,14.8,4.3,11.2,308.0,1,1,PD-1,SD,0,9.7,1
HCC00142,HCC,68,M,2,II,100.0,12.2,3.4,8.0,157.0,0,0,Target,PD,0,60.0,0
HCC00143,HCC,54,M,1,IV,145.3,13.8,4.7,4.2,219.0,0,1,Chemo,PD,0,13.6,1
HCC00144,HCC,52,F,0,IV,182.1,8.3,4.2,12.8,303.0,0,0,Chemo,SD,0,19.7,1
HCC00145,HCC,53,F,1,II,171.5,13.1,3.5,10.5,279.0,1,3,PD-1,PR,0,11.7,1
HCC00146,HCC,43,F,1,II,100.0,16.3,4.5,10.7,271.0,0,1,PD-1,SD,0,20.3,1
HCC00147,HCC,78,M,0,II,202.6,12.6,4.0,6.2,176.0,0,1,PD-1,PD,0,4.3,1
HCC00148,HCC,82,M,0,III,326.2,11.9,4.6,7.5,193.0,0,0,Chemo,SD,0,8.9,1
HCC00149,HCC,52,M,0,II,221.4,12.5,4.1,7.0,150.0,1,1,Chemo,PR,0,0.3,1
HCC00150,HCC,65,M,1,II,321.3,12.2,4.4,6.4,199.0,1,0,PD-1,SD,4,31.1,1
HCC00151,HCC,80,M,0,III,172.7,9.8,4.3,5.2,173.0,1,0,PD-1,PR,0,0.6,1
HCC00152,HCC,49,M,0,III,299.7,12.7,3.8,8.9,455.0,1,2,PD-1,CR,0,60.0,0
HCC00153,HCC,53,F,0,III,100.0,11.1,3.9,9.8,347.0,0,0,Chemo,SD,0,47.9,1
HCC00154,HCC,47,F,0,I,473.8,11.7,4.2,9.5,323.0,0,0,PD-1,PR,0,29.1,1
HCC00155,HCC,81,F,0,IV,434.8,10.6,4.2,5.7,352.0,0,1,Target,SD,0,51.1,0
HCC00156,HCC,34,M,2,IV,282.1,13.4,4.6,5.7,349.0,1,1,Chemo,PD,0,14.7,1
HCC00157,HCC,65,F,2,IV,249.7,9.3,4.4,8.7,182.0,1,0,PD-1,SD,0,6.7,1
HCC00158,HCC,29,F,0,II,100.0,11.3,4.2,9.0,307.0,0,3,PD-1,PR,0,45.3,1
HCC00159,HCC,79,M,0,III,100.0,14.2,3.2,7.8,237.0,0,0,Chemo,SD,0,3.8,1
HCC00160,HCC,77,M,1,IV,223.9,14.1,4.4,6.1,156.0,0,0,PD-1,PR,0,34.9,1
HCC00161,HCC,57,M,0,II,114.8,11.6,4.1,9.4,290.0,1,2,PD-1,SD,0,10.8,1
HCC00162,HCC,72,F,0,III,294.1,8.4,3.8,9.7,276.0,0,2,Chemo,SD,0,10.8,1
HCC00163,HCC,79,M,2,IV,163.0,15.0,4.0,8.5,214.0,0,1,PD-1,PD,0,18.8,1
HCC00164,HCC,84,F,1,I,126.7,11.5,2.7,5.9,274.0,0,1,Chemo,SD,0,41.8,1
HCC00165,HCC,65,F,1,II,193.9,11.0,4.7,5.6,250.0,0,0,PD-1,SD,0,0.4,1
HCC00166,HCC,29,M,1,II,100.0,12.4,4.2,9.8,250.0,1,2,PD-1,SD,0,0.7,1
HCC00167,HCC,28,F,0,III,100.0,12.5,4.9,6.4,364.0,0,1,Chemo,PD,0,3.2,1
HCC00168,HCC,61,M,0,I,143.0,11.5,5.3,6.4,332.0,0,3,Chemo,SD,0,24.6,1
HCC00169,HCC,28,M,0,III,143.4,12.2,2.7,7.9,100.0,0,1,Chemo,CR,0,6.9,1
HCC00170,HCC,49,M,2,II,152.9,12.7,3.7,6.2,149.0,0,1,PD-1,CR,0,21.0,1
HCC00171,HCC,56,M,0,IV,155.2,9.5,3.9,8.9,231.0,0,2,Target,PR,0,60.0,0
HCC00172,HCC,38,F,2,III,100.0,10.8,4.0,7.2,360.0,0,3,Chemo,SD,0,13.6,1
HCC00173,HCC,51,F,1,I,211.4,13.5,3.5,6.0,100.0,0,2,Chemo,PD,0,60.0,0
HCC00174,HCC,50,F,1,III,386.7,14.6,4.6,7.3,247.0,0,0,Chemo,SD,0,1.4,1
HCC00175,HCC,84,M,1,III,108.2,13.9,4.7,5.4,284.0,1,3,Chemo,SD,0,1.0,1
HCC00176,HCC,32,F,0,II,202.7,10.8,3.2,5.9,221.0,1,0,Target,PD,0,13.5,1
HCC00177,HCC,54,M,2,III,359.9,13.6,4.4,6.2,193.0,0,1,Chemo,PR,0,60.0,0
HCC00178,HCC,37,F,1,IV,128.3,10.6,3.4,9.1,170.0,1,2,PD-1,SD,0,2.5,1
HCC00179,HCC,56,F,2,II,100.0,11.1,4.2,8.3,114.0,0,0,Chemo,PD,0,36.6,1
HCC00180,HCC,77,F,1,IV,378.5,10.0,3.6,4.5,323.0,0,0,Chemo,PD,0,2.8,1
HCC00181,HCC,67,F,0,IV,100.7,11.5,4.5,6.5,248.0,1,3,Chemo,SD,0,9.6,1
HCC00182,HCC,77,F,0,III,163.1,11.0,4.5,5.0,364.0,0,1,PD-1,SD,0,15.7,1
HCC00183,HCC,77,F,0,IV,100.0,14.3,4.0,5.7,300.0,1,3,Chemo,SD,0,29.7,1
HCC00184,HCC,53,M,2,IV,100.3,9.5,4.8,6.2,178.0,1,0,PD-1,CR,1,3.8,1
HCC00185,HCC,47,M,0,I,110.2,13.3,3.8,7.8,155.0,1,1,PD-1,SD,0,21.9,1
HCC00186,HCC,52,M,1,III,244.2,15.2,4.3,7.8,370.0,1,0,PD-1,SD,0,7.1,1
HCC00187,HCC,84,F,0,II,293.1,11.5,4.2,4.4,395.0,0,1,PD-1,PR,0,10.8,1
HCC00188,HCC,38,F,2,II,328.8,15.0,3.9,4.5,318.0,0,2,Chemo,SD,0,24.0,1
HCC00189,HCC,34,M,1,II,234.7,9.1,4.3,6.2,240.0,0,3,PD-1,PR,0,10.9,1
HCC00190,HCC,31,M,2,IV,103.5,14.6,4.4,7.7,197.0,0,1,PD-1,SD,0,3.9,1
HCC00191,HCC,75,F,0,II,118.1,9.7,3.7,7.1,392.0,0,0,PD-1,SD,0,6.6,1
HCC00192,HCC,73,M,3,IV,150.3,12.1,4.2,3.2,266.0,0,0,Target,PD,0,46.7,1
HCC00193,HCC,80,M,2,II,381.8,9.5,4.0,8.2,160.0,0,0,PD-1,PR,0,0.8,1
HCC00194,HCC,83,F,1,III,247.8,13.0,4.1,3.8,218.0,0,1,Chemo,PD,0,21.0,1
HCC00195,HCC,50,F,2,III,187.7,16.0,4.8,8.2,125.0,1,1,Chemo,SD,0,7.4,1
HCC00196,HCC,60,M,1,III,249.8,11.0,3.5,8.6,240.0,0,1,PD-1,SD,2,60.0,0
HCC00197,HCC,76,F,2,I,100.0,9.1,4.6,11.0,292.0,1,3,Target,SD,0,3.4,1
HCC00198,HCC,51,M,0,II,766.0,11.2,3.8,8.2,291.0,0,1,Chemo,SD,0,23.3,1
HCC00199,HCC,81,M,0,III,111.6,13.8,3.8,11.4,183.0,1,2,PD-1,CR,0,14.6,1
HCC00200,HCC,52,M,1,IV,139.7,12.9,3.8,11.0,277.0,0,1,PD-1,SD,0,6.6,1
HCC00201,HCC,70,M,3,IV,100.0,17.9,4.0,6.9,305.0,0,1,PD-1,PD,0,11.6,1
HCC00202,HCC,54,M,1,III,100.0,12.0,4.0,6.7,222.0,0,2,PD-1,SD,0,39.6,1
HCC00203,HCC,79,F,3,IV,126.3,14.8,3.7,11.2,279.0,0,1,PD-1,PR,0,1.6,1
HCC00204,HCC,68,F,2,IV,228.2,8.4,2.9,9.6,194.0,1,1,PD-1,PD,1,3.0,1
HCC00205,HCC,67,F,1,IV,194.8,15.4,4.2,10.8,161.0,1,0,Chemo,PR,0,30.8,1
HCC00206,HCC,79,F,1,I,100.0,11.9,3.9,7.2,321.0,0,1,Chemo,SD,0,55.4,0
HCC00207,HCC,83,F,0,II,100.0,11.8,3.5,5.0,191.0,1,0,PD-1,CR,0,7.1,1
HCC00208,HCC,48,F,1,IV,100.0,8.8,3.9,6.3,358.0,0,1,PD-1,SD,0,4.5,1
HCC00209,HCC,25,F,2,II,331.1,10.8,3.9,7.1,261.0,1,1,PD-1,PR,0,11.3,1
HCC00210,HCC,65,M,1,III,395.1,11.4,5.1,6.1,243.0,0,0,PD-1,SD,0,31.6,1
HCC00211,HCC,51,F,3,III,192.2,13.0,4.3,3.8,304.0,0,2,Chemo,PR,0,6.1,1
HCC00212,HCC,25,M,0,III,204.2,11.7,4.5,7.0,231.0,0,1,PD-1,CR,0,7.1,1
HCC00213,HCC,34,F,1,II,100.0,16.4,4.1,7.8,242.0,0,3,PD-1,SD,0,10.4,1
HCC00214,HCC,67,F,1,IV,228.7,8.2,4.1,4.2,289.0,0,3,Target,PD,0,14.0,1
HCC00215,HCC,29,F,0,IV,140.9,13.0,4.2,8.0,192.0,0,1,Chemo,SD,0,15.9,1
HCC00216,HCC,33,M,2,IV,100.0,6.9,3.4,6.4,373.0,1,1,Target,SD,0,5.4,1
HCC00217,HCC,27,M,2,IV,100.0,11.9,3.8,8.0,345.0,0,2,Chemo,SD,0,37.8,1
HCC00218,HCC,53,M,2,II,421.1,12.9,3.7,10.6,304.0,0,1,Chemo,SD,0,8.7,1
HCC00219,HCC,26,F,2,III,327.2,11.4,3.7,4.7,139.0,0,0,Target,SD,0,15.3,1
HCC00220,HCC,42,M,1,I,169.6,14.8,3.4,3.3,323.0,1,0,Chemo,SD,0,10.8,1
HCC00221,HCC,84,M,2,I,215.0,13.4,3.7,7.7,313.0,0,1,Chemo,PD,0,43.6,1
HCC00222,HCC,38,M,0,IV,136.3,12.8,4.5,6.3,216.0,0,0,PD-1,SD,0,27.8,1
HCC00223,HCC,79,M,0,IV,142.0,12.7,3.2,8.1,322.0,0,0,PD-1,CR,0,11.1,1
HCC00224,HCC,53,F,0,I,160.3,10.7,4.3,5.6,261.0,0,0,Chemo,SD,0,10.1,1
HCC00225,HCC,29,F,2,IV,100.0,11.5,5.1,8.6,124.0,0,2,Chemo,CR,0,7.5,1
HCC00226,HCC,80,M,0,II,254.6,16.5,5.1,5.4,207.0,0,2,Chemo,SD,0,23.8,1
HCC00227,HCC,70,F,1,IV,334.9,11.5,4.0,6.9,321.0,0,0,Chemo,PD,0,8.1,1
HCC00228,HCC,29,M,1,IV,254.2,9.8,4.1,8.0,270.0,0,0,PD-1,SD,0,2.3,1
HCC00229,HCC,26,F,2,IV,310.0,15.1,4.8,6.9,106.0,1,1,Chemo,PD,0,4.0,1
HCC00230,HCC,63,M,1,III,179.8,14.0,3.6,9.1,251.0,0,0,Chemo,PD,0,9.8,1
HCC00231,HCC,47,F,0,II,100.0,11.7,4.8,9.5,228.0,0,0,Chemo,SD,0,25.4,1
HCC00232,HCC,55,M,0,II,195.1,10.0,4.0,8.5,131.0,1,2,PD-1,PD,0,11.0,1
HCC00233,HCC,84,M,0,II,330.5,14.8,4.8,8.4,214.0,0,0,Chemo,PD,0,54.8,0
HCC00234,HCC,74,M,1,IV,369.0,11.3,3.6,7.1,309.0,0,1,Chemo,PD,0,11.3,1
HCC00235,HCC,40,M,0,II,303.9,13.4,4.3,4.8,149.0,1,0,PD-1,CR,0,7.5,1
HCC00236,HCC,46,F,1,II,219.4,14.0,4.6,9.5,267.0,1,0,Chemo,PD,0,60.0,0
HCC00237,HCC,51,F,1,IV,555.1,11.8,4.0,3.0,228.0,1,1,PD-1,PD,3,23.2,1
HCC00238,HCC,53,F,0,I,211.3,13.9,3.3,3.0,383.0,0,0,PD-1,SD,1,7.4,1
HCC00239,HCC,29,M,1,IV,100.0,11.4,4.5,7.1,313.0,0,0,PD-1,PD,0,3.1,1
HCC00240,HCC,76,M,2,IV,132.0,10.7,4.3,5.8,186.0,1,1,PD-1,PD,0,3.7,1
HCC00241,HCC,36,M,2,IV,195.1,8.8,3.6,7.1,417.0,0,1,Chemo,PD,0,5.7,1
HCC00242,HCC,37,M,0,IV,100.0,14.0,4.2,5.5,145.0,0,1,Target,SD,0,45.3,1
HCC00243,HCC,82,F,1,III,149.6,11.1,4.0,8.1,305.0,0,0,PD-1,PD,0,12.8,1
HCC00244,HCC,32,M,1,I,351.1,12.3,3.6,6.1,218.0,1,1,PD-1,SD,2,52.3,0
HCC00245,HCC,70,M,1,II,401.4,12.5,3.5,6.6,340.0,0,0,PD-1,CR,1,32.9,1
HCC00246,HCC,48,F,1,I,210.1,12.4,3.2,6.2,199.0,0,3,Chemo,SD,0,46.9,1
HCC00247,HCC,52,F,2,III,160.2,11.2,4.4,10.4,225.0,0,0,PD-1,PD,0,1.1,1
HCC00248,HCC,61,F,0,IV,257.9,11.1,3.7,4.0,324.0,0,0,Chemo,PD,0,23.0,1
HCC00249,HCC,51,M,2,III,219.1,12.2,4.3,10.0,199.0,1,0,Target,SD,0,9.5,1
HCC00250,HCC,60,M,0,III,100.0,7.2,4.5,4.9,245.0,0,1,Chemo,PD,0,4.7,1
HCC00251,HCC,33,F,1,IV,154.0,7.4,3.6,4.3,309.0,1,3,PD-1,PD,0,14.5,1
HCC00252,HCC,39,F,0,IV,234.3,13.4,4.0,5.7,214.0,0,1,PD-1,SD,0,15.6,1
HCC00253,HCC,83,M,1,IV,100.0,15.1,3.4,6.0,106.0,0,1,Chemo,SD,0,18.2,1
HCC00254,HCC,70,F,1,IV,165.8,13.1,4.4,8.0,206.0,1,3,PD-1,SD,0,6.5,1
HCC00255,HCC,29,M,1,IV,172.9,15.2,3.3,4.6,218.0,0,0,Chemo,SD,0,1.1,1
HCC00256,HCC,52,M,0,IV,288.9,13.4,4.1,5.5,191.0,0,0,PD-1,SD,0,13.8,1
HCC00257,HCC,39,F,0,III,100.0,12.9,3.8,9.4,298.0,1,0,PD-1,SD,0,3.4,1
HCC00258,HCC,60,M,1,II,193.9,9.4,4.4,6.7,165.0,1,1,Target,SD,0,39.9,1
HCC00259,HCC,42,M,2,IV,100.0,12.6,4.0,4.8,306.0,0,0,Chemo,PD,0,43.8,1
HCC00260,HCC,46,M,1,III,131.1,10.5,5.0,9.8,299.0,0,1,PD-1,PR,0,23.9,1
HCC00261,HCC,29,M,2,IV,186.5,9.3,3.9,5.9,245.0,0,3,PD-1,CR,0,23.9,1
HCC00262,HCC,46,M,1,IV,100.0,13.3,4.1,4.6,382.0,1,2,Chemo,SD,0,0.8,1
HCC00263,HCC,41,M,2,III,124.0,12.4,4.4,4.2,183.0,0,3,Chemo,PD,0,54.0,0
HCC00264,HCC,46,M,1,IV,249.1,12.5,4.2,7.2,232.0,0,0,Chemo,PD,0,0.8,1
HCC00265,HCC,45,F,0,III,281.8,11.4,3.6,8.7,143.0,0,1,Target,PD,0,20.7,1
HCC00266,HCC,70,F,0,IV,271.3,15.4,4.2,4.4,429.0,1,1,PD-1,PR,1,4.5,1
HCC00267,HCC,47,F,1,III,100.0,13.4,3.7,6.3,309.0,1,1,PD-1,PR,0,15.6,1
HCC00268,HCC,52,M,3,IV,100.0,10.6,4.9,10.5,200.0,0,1,Target,PR,0,13.9,1
HCC00269,HCC,52,F,1,III,169.1,11.9,2.9,6.5,294.0,1,2,PD-1,PD,0,10.0,1
HCC00270,HCC,41,F,0,I,137.4,9.0,4.6,7.9,387.0,0,0,PD-1,SD,0,11.7,1
HCC00271,HCC,43,M,0,IV,159.4,9.5,4.0,6.8,275.0,1,0,Chemo,SD,0,6.7,1
HCC00272,HCC,37,M,1,IV,115.0,11.0,3.4,9.5,141.0,0,0,PD-1,PD,0,7.2,1
HCC00273,HCC,69,M,0,II,526.9,12.4,3.3,8.5,303.0,1,1,PD-1,SD,0,3.0,1
HCC00274,HCC,69,F,0,III,100.0,12.1,4.1,8.0,183.0,0,3,Chemo,PD,0,6.4,1
HCC00275,HCC,58,M,2,IV,288.7,11.9,3.4,5.4,293.0,0,1,PD-1,PD,0,1.7,1
HCC00276,HCC,71,M,0,III,391.0,6.0,4.2,12.3,191.0,1,1,Chemo,SD,0,15.9,1
HCC00277,HCC,78,M,3,IV,105.5,9.4,3.8,4.4,284.0,0,1,Chemo,PD,0,2.8,1
HCC00278,HCC,57,F,0,IV,426.8,10.8,4.2,7.7,253.0,1,3,Target,PD,0,32.4,1
HCC00279,HCC,71,M,0,IV,528.1,13.3,3.3,7.5,123.0,0,3,PD-1,PD,0,13.4,1
HCC00280,HCC,40,M,2,III,145.9,11.2,2.8,7.2,234.0,0,2,Chemo,SD,0,33.9,1
HCC00281,HCC,67,M,0,III,238.2,12.2,3.3,9.6,272.0,0,0,PD-1,PR,0,17.5,1
HCC00282,HCC,54,F,0,III,115.1,11.3,4.8,5.4,343.0,0,0,Chemo,SD,0,18.4,1
HCC00283,HCC,27,M,0,III,420.9,15.0,4.6,7.5,173.0,0,1,PD-1,PR,0,11.0,1
HCC00284,HCC,51,F,2,I,100.0,12.5,4.4,5.8,257.0,1,0,Chemo,SD,0,4.7,1
HCC00285,HCC,83,F,1,IV,101.5,11.4,4.4,8.2,261.0,0,0,PD-1,SD,0,9.5,1
HCC00286,HCC,44,M,2,IV,302.0,14.9,4.2,6.4,131.0,0,1,PD-1,PR,1,0.6,1
HCC00287,HCC,78,F,2,III,272.9,10.9,5.1,6.0,457.0,0,1,Chemo,PD,0,11.2,1
HCC00288,HCC,56,M,0,I,196.3,11.4,3.8,5.8,168.0,1,3,Chemo,PD,0,12.0,1
HCC00289,HCC,45,M,0,III,317.6,9.0,4.4,3.0,219.0,1,0,Chemo,SD,0,26.5,1
HCC00290,HCC,70,M,0,II,100.0,13.5,3.8,6.8,298.0,1,0,Chemo,PD,0,34.1,1
HCC00291,HCC,77,F,2,IV,304.7,12.0,4.2,5.0,294.0,0,1,Target,SD,0,4.8,1
HCC00292,HCC,29,F,1,II,214.1,13.1,4.7,3.2,404.0,0,0,Target,SD,0,10.2,1
HCC00293,HCC,73,M,3,I,285.0,14.8,3.7,7.3,205.0,0,1,Chemo,PD,0,12.9,1
HCC00294,HCC,80,M,0,III,144.1,15.6,3.1,4.2,313.0,0,0,PD-1,PD,0,7.7,1
HCC00295,HCC,82,F,1,I,371.9,11.3,3.7,10.4,218.0,0,0,PD-1,SD,2,3.1,1
HCC00296,HCC,26,F,0,IV,322.0,12.4,3.2,5.0,299.0,0,3,Chemo,PD,0,15.4,1
HCC00297,HCC,46,F,2,IV,161.9,12.4,4.1,9.0,274.0,0,1,PD-1,PR,0,17.3,1
HCC00298,HCC,31,F,0,II,128.7,12.6,3.9,9.9,126.0,0,2,Chemo,SD,0,60.0,0
HCC00299,HCC,66,M,3,IV,199.7,11.9,3.2,8.2,208.0,1,0,Chemo,PD,0,2.9,1
HCC00300,HCC,34,M,0,IV,100.0,14.4,2.6,4.4,184.0,0,0,Chemo,SD,0,21.5,1
HCC00301,HCC,76,F,2,II,150.6,11.2,4.0,11.0,280.0,0,0,PD-1,PD,0,8.2,1
HCC00302,HCC,64,F,1,IV,362.9,15.7,5.5,8.8,251.0,1,0,Chemo,SD,0,19.0,1
HCC00303,HCC,25,F,1,I,117.0,11.2,3.9,8.6,317.0,0,0,PD-1,SD,0,28.5,1
HCC00304,HCC,40,M,0,III,100.0,10.5,3.7,5.4,370.0,0,1,PD-1,PD,0,60.0,0
HCC00305,HCC,65,F,0,I,440.8,10.4,3.3,6.4,160.0,1,1,PD-1,PD,0,2.7,1
HCC00306,HCC,52,M,0,III,231.2,11.0,4.4,4.0,173.0,0,1,PD-1,PD,0,0.6,1
HCC00307,HCC,72,F,0,IV,224.9,12.0,3.5,4.4,219.0,1,0,PD-1,PR,0,42.9,1
HCC00308,HCC,44,M,1,IV,198.9,8.8,3.4,9.8,315.0,1,1,Chemo,SD,0,5.3,1
HCC00309,HCC,50,F,0,II,111.1,8.4,4.6,8.5,130.0,1,1,PD-1,PD,0,1.9,1
HCC00310,HCC,39,F,1,II,463.1,10.4,3.7,5.7,399.0,0,1,Chemo,CR,0,20.2,1
HCC00311,HCC,65,M,0,IV,150.9,12.3,4.1,6.8,330.0,0,0,PD-1,SD,0,4.8,1
HCC00312,HCC,54,F,2,IV,100.0,12.4,4.3,9.7,256.0,1,3,Chemo,PR,0,16.4,1
HCC00313,HCC,36,F,2,II,137.9,11.5,3.2,9.1,352.0,1,0,Chemo,SD,0,53.2,0
HCC00314,HCC,26,M,2,IV,434.8,12.2,3.6,5.0,234.0,0,0,Chemo,PR,0,17.9,1
HCC00315,HCC,34,M,1,IV,169.1,11.3,4.9,5.6,117.0,0,1,Target,SD,0,2.1,1
HCC00316,HCC,51,M,0,IV,400.3,10.8,3.6,7.2,349.0,0,0,Chemo,PD,0,14.1,1
HCC00317,HCC,80,F,1,III,200.4,13.4,3.7,8.7,319.0,0,0,PD-1,PD,0,18.6,1
HCC00318,HCC,45,F,2,IV,129.2,12.4,3.8,4.8,295.0,0,2,PD-1,SD,0,4.6,1
HCC00319,HCC,79,F,0,III,119.7,12.8,4.6,4.5,290.0,0,2,PD-1,SD,0,8.9,1
HCC00320,HCC,40,M,1,IV,341.5,12.0,4.8,5.9,199.0,0,0,PD-1,PR,0,14.6,1
HCC00321,HCC,61,M,0,IV,263.0,12.4,4.1,3.9,113.0,1,1,Chemo,PD,0,60.0,0
HCC00322,HCC,69,M,2,IV,100.0,13.1,4.0,7.3,100.0,0,0,Chemo,PR,0,5.6,1
HCC00323,HCC,46,M,0,III,279.3,15.9,3.8,3.8,100.0,1,0,Chemo,PD,0,12.1,1
HCC00324,HCC,63,M,2,III,154.9,11.1,4.4,10.5,248.0,1,2,Chemo,PR,0,21.4,1
HCC00325,HCC,65,M,1,IV,158.3,10.8,3.8,4.7,137.0,0,1,Chemo,PD,0,3.4,1
HCC00326,HCC,46,M,0,II,460.9,14.8,3.9,4.0,123.0,1,3,PD-1,PR,0,18.4,1
HCC00327,HCC,73,F,1,I,604.4,10.7,4.9,9.4,158.0,0,1,PD-1,SD,0,20.9,1
HCC00328,HCC,41,M,0,I,115.8,12.0,4.1,7.5,253.0,0,2,PD-1,PR,0,60.0,0
HCC00329,HCC,41,F,1,I,100.0,10.8,4.3,5.5,324.0,0,1,Target,PD,0,60.0,0
HCC00330,HCC,50,F,0,II,200.3,14.0,3.8,7.6,436.0,1,1,PD-1,PD,3,60.0,0
HCC00331,HCC,61,F,2,III,341.7,11.4,3.8,10.0,400.0,0,1,Target,SD,0,32.5,1
HCC00332,HCC,62,M,3,IV,157.1,10.3,3.2,7.7,222.0,0,3,Chemo,CR,0,26.5,1
HCC00333,HCC,62,M,1,II,125.6,10.9,4.5,9.0,154.0,0,0,Chemo,PD,0,21.6,1
HCC00334,HCC,65,M,1,II,100.0,13.4,3.8,4.1,306.0,0,1,PD-1,PD,3,0.9,1
HCC00335,HCC,66,F,1,IV,187.6,12.1,3.9,7.9,236.0,0,0,Chemo,PR,0,27.1,1
HCC00336,HCC,73,M,2,III,100.0,12.0,4.6,6.5,245.0,1,1,Chemo,PD,0,17.3,1
HCC00337,HCC,27,F,1,IV,148.5,12.9,4.6,7.5,227.0,0,1,Chemo,PD,0,12.4,1
HCC00338,HCC,76,M,2,IV,147.6,9.6,3.7,6.6,201.0,1,2,Target,PD,0,29.2,1
HCC00339,HCC,33,F,0,II,246.8,12.9,3.8,4.4,308.0,1,2,PD-1,SD,0,7.4,1
HCC00340,HCC,25,F,2,IV,301.4,14.7,3.0,7.4,325.0,0,0,PD-1,PR,0,24.6,1
HCC00341,HCC,80,M,0,II,139.3,13.9,4.3,8.9,242.0,0,0,Chemo,PD,0,31.1,1
HCC00342,HCC,43,F,0,IV,100.0,10.8,4.3,6.0,279.0,0,1,Chemo,PD,0,0.5,1
HCC00343,HCC,38,M,0,I,100.0,11.4,3.7,9.4,191.0,0,0,PD-1,SD,0,25.3,1
HCC00344,HCC,64,F,0,II,315.8,9.3,4.2,6.6,227.0,0,1,Chemo,SD,0,22.5,1
HCC00345,HCC,74,F,2,II,440.6,11.9,4.4,9.9,207.0,1,0,Target,PR,0,0.3,1
HCC00346,HCC,84,M,0,III,100.0,8.4,3.5,7.0,287.0,0,2,Chemo,PD,0,47.6,1
HCC00347,HCC,62,M,3,III,560.4,9.7,3.9,8.1,241.0,1,1,Chemo,SD,0,33.6,1
HCC00348,HCC,26,F,1,II,558.8,11.2,4.1,6.3,272.0,0,1,PD-1,PD,1,12.1,1
HCC00349,HCC,31,M,2,IV,109.6,10.5,4.3,7.4,195.0,0,0,Chemo,SD,0,7.2,1
HCC00350,HCC,62,F,1,III,165.0,13.1,4.3,6.8,414.0,0,1,PD-1,PR,0,16.5,1
